{
"type": "FeatureCollection",
"name": "jasper_building_predictions",
"crs": { "type": "name", "properties": { "name": "urn:ogc:def:crs:OGC:1.3:CRS84" } },
"features": [
{ "type": "Feature", "properties": { "sequence_id": 0, "fold": 1, "actual_label": "Survived", "predicted_label": "Destroyed", "destroyed_probability": 0.9659, "destroyed_probability_pct": 96.6, "risk_class": "Very High", "prediction_correct": 0, "classification": "FP", "error_label": "False alarm", "decision_confidence": 0.4559, "hazard_only_probability": 0.9931, "context_improved_prediction": 0, "context_hurt_prediction": 0, "terrain_model_probability": 0.8132, "terrain_model_disagreement": 1, "high_confidence_error": 1, "context_effect": "Both models wrong", "longitude": -118.09726244439267, "latitude": 52.87032110795198 }, "geometry": { "type": "Polygon", "coordinates": [ [ [ -118.097124, 52.870315 ], [ -118.097171, 52.870298 ], [ -118.09714, 52.870268 ], [ -118.097309, 52.870205 ], [ -118.097378, 52.870273 ], [ -118.097309, 52.870299 ], [ -118.097395, 52.870383 ], [ -118.09725, 52.870437 ], [ -118.097124, 52.870315 ] ] ] } },
{ "type": "Feature", "properties": { "sequence_id": 1, "fold": 1, "actual_label": "Survived", "predicted_label": "Destroyed", "destroyed_probability": 0.824, "destroyed_probability_pct": 82.4, "risk_class": "Very High", "prediction_correct": 0, "classification": "FP", "error_label": "False alarm", "decision_confidence": 0.314, "hazard_only_probability": 0.9902, "context_improved_prediction": 0, "context_hurt_prediction": 0, "terrain_model_probability": 0.7265, "terrain_model_disagreement": 1, "high_confidence_error": 0, "context_effect": "Both models wrong", "longitude": -118.09745378078759, "latitude": 52.870570953068984 }, "geometry": { "type": "Polygon", "coordinates": [ [ [ -118.097508, 52.870557 ], [ -118.097562, 52.870649 ], [ -118.097438, 52.870675 ], [ -118.097338, 52.870503 ], [ -118.097486, 52.870472 ], [ -118.097532, 52.870552 ], [ -118.097508, 52.870557 ] ] ] } },
{ "type": "Feature", "properties": { "sequence_id": 2, "fold": 1, "actual_label": "Survived", "predicted_label": "Destroyed", "destroyed_probability": 0.9957, "destroyed_probability_pct": 99.6, "risk_class": "Very High", "prediction_correct": 0, "classification": "FP", "error_label": "False alarm", "decision_confidence": 0.4857, "hazard_only_probability": 0.9921, "context_improved_prediction": 0, "context_hurt_prediction": 0, "terrain_model_probability": 0.9833, "terrain_model_disagreement": 0, "high_confidence_error": 1, "context_effect": "Both models wrong", "longitude": -118.09756969748301, "latitude": 52.870739496093336 }, "geometry": { "type": "Polygon", "coordinates": [ [ [ -118.097494, 52.870794 ], [ -118.097441, 52.870727 ], [ -118.09753, 52.870701 ], [ -118.097556, 52.870733 ], [ -118.097698, 52.870692 ], [ -118.097725, 52.870726 ], [ -118.097494, 52.870794 ] ] ] } },
{ "type": "Feature", "properties": { "sequence_id": 3, "fold": 1, "actual_label": "Survived", "predicted_label": "Destroyed", "destroyed_probability": 0.9893, "destroyed_probability_pct": 98.9, "risk_class": "Very High", "prediction_correct": 0, "classification": "FP", "error_label": "False alarm", "decision_confidence": 0.4793, "hazard_only_probability": 0.9863, "context_improved_prediction": 0, "context_hurt_prediction": 0, "terrain_model_probability": 0.9551, "terrain_model_disagreement": 0, "high_confidence_error": 1, "context_effect": "Both models wrong", "longitude": -118.09759457684088, "latitude": 52.870871831747827 }, "geometry": { "type": "Polygon", "coordinates": [ [ [ -118.097679, 52.870873 ], [ -118.097537, 52.870909 ], [ -118.097511, 52.87087 ], [ -118.097652, 52.870835 ], [ -118.097679, 52.870873 ] ] ] } },
{ "type": "Feature", "properties": { "sequence_id": 4, "fold": 1, "actual_label": "Survived", "predicted_label": "Survived", "destroyed_probability": 0.007, "destroyed_probability_pct": 0.7, "risk_class": "Very Low", "prediction_correct": 1, "classification": "TN", "error_label": "Correct survived", "decision_confidence": 0.503, "hazard_only_probability": 0.001, "context_improved_prediction": 0, "context_hurt_prediction": 0, "terrain_model_probability": 0.0044, "terrain_model_disagreement": 0, "high_confidence_error": 0, "context_effect": "Both models correct", "longitude": -118.07927570756853, "latitude": 52.882011623679794 }, "geometry": { "type": "Polygon", "coordinates": [ [ [ -118.079316, 52.882079 ], [ -118.079217, 52.882074 ], [ -118.079235, 52.881944 ], [ -118.079335, 52.88195 ], [ -118.079316, 52.882079 ] ] ] } },
{ "type": "Feature", "properties": { "sequence_id": 5, "fold": 1, "actual_label": "Survived", "predicted_label": "Survived", "destroyed_probability": 0.0033, "destroyed_probability_pct": 0.3, "risk_class": "Very Low", "prediction_correct": 1, "classification": "TN", "error_label": "Correct survived", "decision_confidence": 0.5067, "hazard_only_probability": 0.0011, "context_improved_prediction": 0, "context_hurt_prediction": 0, "terrain_model_probability": 0.0032, "terrain_model_disagreement": 0, "high_confidence_error": 0, "context_effect": "Both models correct", "longitude": -118.078694000001, "latitude": 52.882464000025664 }, "geometry": { "type": "Polygon", "coordinates": [ [ [ -118.078788, 52.882425 ], [ -118.078788, 52.882503 ], [ -118.0786, 52.882503 ], [ -118.0786, 52.882425 ], [ -118.078788, 52.882425 ] ] ] } },
{ "type": "Feature", "properties": { "sequence_id": 6, "fold": 3, "actual_label": "Survived", "predicted_label": "Survived", "destroyed_probability": 0.0055, "destroyed_probability_pct": 0.5, "risk_class": "Very Low", "prediction_correct": 1, "classification": "TN", "error_label": "Correct survived", "decision_confidence": 0.1795, "hazard_only_probability": 0.0032, "context_improved_prediction": 0, "context_hurt_prediction": 0, "terrain_model_probability": 0.0068, "terrain_model_disagreement": 0, "high_confidence_error": 0, "context_effect": "Both models correct", "longitude": -118.08143828894303, "latitude": 52.88283296866895 }, "geometry": { "type": "Polygon", "coordinates": [ [ [ -118.081599, 52.882855 ], [ -118.081428, 52.882908 ], [ -118.081384, 52.882857 ], [ -118.081333, 52.882873 ], [ -118.081279, 52.882811 ], [ -118.08145, 52.882757 ], [ -118.081497, 52.882812 ], [ -118.081548, 52.882796 ], [ -118.081599, 52.882855 ] ] ] } },
{ "type": "Feature", "properties": { "sequence_id": 7, "fold": 3, "actual_label": "Survived", "predicted_label": "Survived", "destroyed_probability": 0.0031, "destroyed_probability_pct": 0.3, "risk_class": "Very Low", "prediction_correct": 1, "classification": "TN", "error_label": "Correct survived", "decision_confidence": 0.1819, "hazard_only_probability": 0.0032, "context_improved_prediction": 0, "context_hurt_prediction": 0, "terrain_model_probability": 0.0029, "terrain_model_disagreement": 0, "high_confidence_error": 0, "context_effect": "Both models correct", "longitude": -118.08199238724715, "latitude": 52.882531609224067 }, "geometry": { "type": "Polygon", "coordinates": [ [ [ -118.082126, 52.882524 ], [ -118.081983, 52.882617 ], [ -118.081885, 52.882563 ], [ -118.081914, 52.882544 ], [ -118.081874, 52.882523 ], [ -118.081989, 52.882447 ], [ -118.082126, 52.882524 ] ] ] } },
{ "type": "Feature", "properties": { "sequence_id": 8, "fold": 3, "actual_label": "Survived", "predicted_label": "Survived", "destroyed_probability": 0.0028, "destroyed_probability_pct": 0.3, "risk_class": "Very Low", "prediction_correct": 1, "classification": "TN", "error_label": "Correct survived", "decision_confidence": 0.1822, "hazard_only_probability": 0.0032, "context_improved_prediction": 0, "context_hurt_prediction": 0, "terrain_model_probability": 0.007, "terrain_model_disagreement": 0, "high_confidence_error": 0, "context_effect": "Both models correct", "longitude": -118.08211800001996, "latitude": 52.882655000011887 }, "geometry": { "type": "Polygon", "coordinates": [ [ [ -118.082129, 52.882599 ], [ -118.08221, 52.882646 ], [ -118.082107, 52.882711 ], [ -118.082026, 52.882664 ], [ -118.082129, 52.882599 ] ] ] } },
{ "type": "Feature", "properties": { "sequence_id": 9, "fold": 3, "actual_label": "Survived", "predicted_label": "Survived", "destroyed_probability": 0.0021, "destroyed_probability_pct": 0.2, "risk_class": "Very Low", "prediction_correct": 1, "classification": "TN", "error_label": "Correct survived", "decision_confidence": 0.1829, "hazard_only_probability": 0.0033, "context_improved_prediction": 0, "context_hurt_prediction": 0, "terrain_model_probability": 0.0149, "terrain_model_disagreement": 0, "high_confidence_error": 0, "context_effect": "Both models correct", "longitude": -118.08234649999696, "latitude": 52.882777000012702 }, "geometry": { "type": "Polygon", "coordinates": [ [ [ -118.082441, 52.882779 ], [ -118.082347, 52.882834 ], [ -118.082252, 52.882775 ], [ -118.082346, 52.88272 ], [ -118.082441, 52.882779 ] ] ] } },
{ "type": "Feature", "properties": { "sequence_id": 10, "fold": 3, "actual_label": "Survived", "predicted_label": "Survived", "destroyed_probability": 0.003, "destroyed_probability_pct": 0.3, "risk_class": "Very Low", "prediction_correct": 1, "classification": "TN", "error_label": "Correct survived", "decision_confidence": 0.182, "hazard_only_probability": 0.0032, "context_improved_prediction": 0, "context_hurt_prediction": 0, "terrain_model_probability": 0.0188, "terrain_model_disagreement": 0, "high_confidence_error": 0, "context_effect": "Both models correct", "longitude": -118.08207172824513, "latitude": 52.883176046071803 }, "geometry": { "type": "Polygon", "coordinates": [ [ [ -118.082092, 52.883095 ], [ -118.082179, 52.88315 ], [ -118.082103, 52.883193 ], [ -118.082153, 52.883224 ], [ -118.082088, 52.883261 ], [ -118.081952, 52.883176 ], [ -118.082092, 52.883095 ] ] ] } },
{ "type": "Feature", "properties": { "sequence_id": 11, "fold": 3, "actual_label": "Survived", "predicted_label": "Survived", "destroyed_probability": 0.0022, "destroyed_probability_pct": 0.2, "risk_class": "Very Low", "prediction_correct": 1, "classification": "TN", "error_label": "Correct survived", "decision_confidence": 0.1828, "hazard_only_probability": 0.0034, "context_improved_prediction": 0, "context_hurt_prediction": 0, "terrain_model_probability": 0.0115, "terrain_model_disagreement": 0, "high_confidence_error": 0, "context_effect": "Both models correct", "longitude": -118.08252616854337, "latitude": 52.882907005328775 }, "geometry": { "type": "Polygon", "coordinates": [ [ [ -118.082507, 52.882852 ], [ -118.082619, 52.882904 ], [ -118.082546, 52.882962 ], [ -118.082433, 52.88291 ], [ -118.082507, 52.882852 ] ] ] } },
{ "type": "Feature", "properties": { "sequence_id": 12, "fold": 3, "actual_label": "Survived", "predicted_label": "Survived", "destroyed_probability": 0.0017, "destroyed_probability_pct": 0.2, "risk_class": "Very Low", "prediction_correct": 1, "classification": "TN", "error_label": "Correct survived", "decision_confidence": 0.1833, "hazard_only_probability": 0.0034, "context_improved_prediction": 0, "context_hurt_prediction": 0, "terrain_model_probability": 0.0192, "terrain_model_disagreement": 0, "high_confidence_error": 0, "context_effect": "Both models correct", "longitude": -118.0822713224708, "latitude": 52.883250025067994 }, "geometry": { "type": "Polygon", "coordinates": [ [ [ -118.082371, 52.883266 ], [ -118.082245, 52.88331 ], [ -118.082172, 52.883234 ], [ -118.082297, 52.88319 ], [ -118.082371, 52.883266 ] ] ] } },
{ "type": "Feature", "properties": { "sequence_id": 13, "fold": 3, "actual_label": "Survived", "predicted_label": "Survived", "destroyed_probability": 0.0024, "destroyed_probability_pct": 0.2, "risk_class": "Very Low", "prediction_correct": 1, "classification": "TN", "error_label": "Correct survived", "decision_confidence": 0.1826, "hazard_only_probability": 0.0034, "context_improved_prediction": 0, "context_hurt_prediction": 0, "terrain_model_probability": 0.0114, "terrain_model_disagreement": 0, "high_confidence_error": 0, "context_effect": "Both models correct", "longitude": -118.08271271246961, "latitude": 52.882995681576666 }, "geometry": { "type": "Polygon", "coordinates": [ [ [ -118.082743, 52.882952 ], [ -118.082791, 52.882961 ], [ -118.082749, 52.883044 ], [ -118.082633, 52.883022 ], [ -118.082668, 52.882953 ], [ -118.082737, 52.882965 ], [ -118.082743, 52.882952 ] ] ] } },
{ "type": "Feature", "properties": { "sequence_id": 14, "fold": 1, "actual_label": "Survived", "predicted_label": "Survived", "destroyed_probability": 0.0026, "destroyed_probability_pct": 0.3, "risk_class": "Very Low", "prediction_correct": 1, "classification": "TN", "error_label": "Correct survived", "decision_confidence": 0.5074, "hazard_only_probability": 0.0013, "context_improved_prediction": 0, "context_hurt_prediction": 0, "terrain_model_probability": 0.0054, "terrain_model_disagreement": 0, "high_confidence_error": 0, "context_effect": "Both models correct", "longitude": -118.08533599316661, "latitude": 52.883144168320094 }, "geometry": { "type": "Polygon", "coordinates": [ [ [ -118.085339, 52.883216 ], [ -118.085225, 52.883171 ], [ -118.085333, 52.883072 ], [ -118.085447, 52.883118 ], [ -118.085339, 52.883216 ] ] ] } },
{ "type": "Feature", "properties": { "sequence_id": 15, "fold": 1, "actual_label": "Survived", "predicted_label": "Survived", "destroyed_probability": 0.0013, "destroyed_probability_pct": 0.1, "risk_class": "Very Low", "prediction_correct": 1, "classification": "TN", "error_label": "Correct survived", "decision_confidence": 0.5087, "hazard_only_probability": 0.0013, "context_improved_prediction": 0, "context_hurt_prediction": 0, "terrain_model_probability": 0.0037, "terrain_model_disagreement": 0, "high_confidence_error": 0, "context_effect": "Both models correct", "longitude": -118.08548916252759, "latitude": 52.88302219780968 }, "geometry": { "type": "Polygon", "coordinates": [ [ [ -118.08536, 52.883046 ], [ -118.085487, 52.882941 ], [ -118.085618, 52.882999 ], [ -118.085492, 52.883103 ], [ -118.08536, 52.883046 ] ] ] } },
{ "type": "Feature", "properties": { "sequence_id": 16, "fold": 1, "actual_label": "Survived", "predicted_label": "Survived", "destroyed_probability": 0.0016, "destroyed_probability_pct": 0.2, "risk_class": "Very Low", "prediction_correct": 1, "classification": "TN", "error_label": "Correct survived", "decision_confidence": 0.5084, "hazard_only_probability": 0.0013, "context_improved_prediction": 0, "context_hurt_prediction": 0, "terrain_model_probability": 0.0045, "terrain_model_disagreement": 0, "high_confidence_error": 0, "context_effect": "Both models correct", "longitude": -118.08556490655833, "latitude": 52.882695229989636 }, "geometry": { "type": "Polygon", "coordinates": [ [ [ -118.085679, 52.882747 ], [ -118.085519, 52.882763 ], [ -118.085507, 52.882721 ], [ -118.085423, 52.882729 ], [ -118.085413, 52.882692 ], [ -118.085494, 52.882684 ], [ -118.085482, 52.882641 ], [ -118.085645, 52.882624 ], [ -118.085679, 52.882747 ] ] ] } },
{ "type": "Feature", "properties": { "sequence_id": 17, "fold": 1, "actual_label": "Survived", "predicted_label": "Survived", "destroyed_probability": 0.0041, "destroyed_probability_pct": 0.4, "risk_class": "Very Low", "prediction_correct": 1, "classification": "TN", "error_label": "Correct survived", "decision_confidence": 0.5059, "hazard_only_probability": 0.0013, "context_improved_prediction": 0, "context_hurt_prediction": 0, "terrain_model_probability": 0.0029, "terrain_model_disagreement": 0, "high_confidence_error": 0, "context_effect": "Both models correct", "longitude": -118.08485800005425, "latitude": 52.882550000008258 }, "geometry": { "type": "Polygon", "coordinates": [ [ [ -118.084854, 52.882475 ], [ -118.084969, 52.882516 ], [ -118.084862, 52.882625 ], [ -118.084747, 52.882584 ], [ -118.084854, 52.882475 ] ] ] } },
{ "type": "Feature", "properties": { "sequence_id": 18, "fold": 3, "actual_label": "Survived", "predicted_label": "Survived", "destroyed_probability": 0.0057, "destroyed_probability_pct": 0.6, "risk_class": "Very Low", "prediction_correct": 1, "classification": "TN", "error_label": "Correct survived", "decision_confidence": 0.1793, "hazard_only_probability": 0.0032, "context_improved_prediction": 0, "context_hurt_prediction": 0, "terrain_model_probability": 0.0046, "terrain_model_disagreement": 0, "high_confidence_error": 0, "context_effect": "Both models correct", "longitude": -118.08460091543992, "latitude": 52.882935225251195 }, "geometry": { "type": "Polygon", "coordinates": [ [ [ -118.084518, 52.882993 ], [ -118.084547, 52.882866 ], [ -118.084684, 52.882878 ], [ -118.084655, 52.883004 ], [ -118.084518, 52.882993 ] ] ] } },
{ "type": "Feature", "properties": { "sequence_id": 19, "fold": 3, "actual_label": "Survived", "predicted_label": "Survived", "destroyed_probability": 0.0032, "destroyed_probability_pct": 0.3, "risk_class": "Very Low", "prediction_correct": 1, "classification": "TN", "error_label": "Correct survived", "decision_confidence": 0.1818, "hazard_only_probability": 0.0032, "context_improved_prediction": 0, "context_hurt_prediction": 0, "terrain_model_probability": 0.0031, "terrain_model_disagreement": 0, "high_confidence_error": 0, "context_effect": "Both models correct", "longitude": -118.08409213246703, "latitude": 52.883774057830379 }, "geometry": { "type": "Polygon", "coordinates": [ [ [ -118.084259, 52.883726 ], [ -118.08403, 52.883879 ], [ -118.083925, 52.883822 ], [ -118.084155, 52.883669 ], [ -118.084259, 52.883726 ] ] ] } },
{ "type": "Feature", "properties": { "sequence_id": 20, "fold": 3, "actual_label": "Survived", "predicted_label": "Survived", "destroyed_probability": 0.0055, "destroyed_probability_pct": 0.6, "risk_class": "Very Low", "prediction_correct": 1, "classification": "TN", "error_label": "Correct survived", "decision_confidence": 0.1795, "hazard_only_probability": 0.0033, "context_improved_prediction": 0, "context_hurt_prediction": 0, "terrain_model_probability": 0.0005, "terrain_model_disagreement": 0, "high_confidence_error": 0, "context_effect": "Both models correct", "longitude": -118.08358308902989, "latitude": 52.884108340630696 }, "geometry": { "type": "Polygon", "coordinates": [ [ [ -118.083441, 52.884093 ], [ -118.083569, 52.884015 ], [ -118.08373, 52.884113 ], [ -118.083577, 52.884205 ], [ -118.083508, 52.884163 ], [ -118.083532, 52.884148 ], [ -118.083441, 52.884093 ] ] ] } },
{ "type": "Feature", "properties": { "sequence_id": 21, "fold": 3, "actual_label": "Survived", "predicted_label": "Survived", "destroyed_probability": 0.0051, "destroyed_probability_pct": 0.5, "risk_class": "Very Low", "prediction_correct": 1, "classification": "TN", "error_label": "Correct survived", "decision_confidence": 0.1799, "hazard_only_probability": 0.0032, "context_improved_prediction": 0, "context_hurt_prediction": 0, "terrain_model_probability": 0.0041, "terrain_model_disagreement": 0, "high_confidence_error": 0, "context_effect": "Both models correct", "longitude": -118.08459949995327, "latitude": 52.883466000020277 }, "geometry": { "type": "Polygon", "coordinates": [ [ [ -118.084715, 52.883481 ], [ -118.084625, 52.883536 ], [ -118.084484, 52.883451 ], [ -118.084574, 52.883396 ], [ -118.084715, 52.883481 ] ] ] } },
{ "type": "Feature", "properties": { "sequence_id": 22, "fold": 3, "actual_label": "Survived", "predicted_label": "Survived", "destroyed_probability": 0.0051, "destroyed_probability_pct": 0.5, "risk_class": "Very Low", "prediction_correct": 1, "classification": "TN", "error_label": "Correct survived", "decision_confidence": 0.1799, "hazard_only_probability": 0.0033, "context_improved_prediction": 0, "context_hurt_prediction": 0, "terrain_model_probability": 0.0013, "terrain_model_disagreement": 0, "high_confidence_error": 0, "context_effect": "Both models correct", "longitude": -118.08374697111361, "latitude": 52.884216972503602 }, "geometry": { "type": "Polygon", "coordinates": [ [ [ -118.083834, 52.884161 ], [ -118.083799, 52.884181 ], [ -118.083865, 52.884224 ], [ -118.083719, 52.884308 ], [ -118.083638, 52.884256 ], [ -118.08369, 52.884227 ], [ -118.083644, 52.884198 ], [ -118.083775, 52.884123 ], [ -118.083834, 52.884161 ] ] ] } },
{ "type": "Feature", "properties": { "sequence_id": 23, "fold": 3, "actual_label": "Survived", "predicted_label": "Survived", "destroyed_probability": 0.007, "destroyed_probability_pct": 0.7, "risk_class": "Very Low", "prediction_correct": 1, "classification": "TN", "error_label": "Correct survived", "decision_confidence": 0.178, "hazard_only_probability": 0.0032, "context_improved_prediction": 0, "context_hurt_prediction": 0, "terrain_model_probability": 0.0164, "terrain_model_disagreement": 0, "high_confidence_error": 0, "context_effect": "Both models correct", "longitude": -118.0843664660882, "latitude": 52.883382073166977 }, "geometry": { "type": "Polygon", "coordinates": [ [ [ -118.08442, 52.883408 ], [ -118.08446, 52.883433 ], [ -118.084388, 52.883476 ], [ -118.084228, 52.88338 ], [ -118.084373, 52.883292 ], [ -118.084492, 52.883364 ], [ -118.08442, 52.883408 ] ] ] } },
{ "type": "Feature", "properties": { "sequence_id": 24, "fold": 3, "actual_label": "Survived", "predicted_label": "Survived", "destroyed_probability": 0.003, "destroyed_probability_pct": 0.3, "risk_class": "Very Low", "prediction_correct": 1, "classification": "TN", "error_label": "Correct survived", "decision_confidence": 0.182, "hazard_only_probability": 0.0034, "context_improved_prediction": 0, "context_hurt_prediction": 0, "terrain_model_probability": 0.0012, "terrain_model_disagreement": 0, "high_confidence_error": 0, "context_effect": "Both models correct", "longitude": -118.08406374853, "latitude": 52.884321968285626 }, "geometry": { "type": "Polygon", "coordinates": [ [ [ -118.083948, 52.884367 ], [ -118.083946, 52.884278 ], [ -118.08418, 52.884277 ], [ -118.084181, 52.884366 ], [ -118.083948, 52.884367 ] ] ] } },
{ "type": "Feature", "properties": { "sequence_id": 25, "fold": 3, "actual_label": "Survived", "predicted_label": "Survived", "destroyed_probability": 0.0049, "destroyed_probability_pct": 0.5, "risk_class": "Very Low", "prediction_correct": 1, "classification": "TN", "error_label": "Correct survived", "decision_confidence": 0.1801, "hazard_only_probability": 0.0032, "context_improved_prediction": 0, "context_hurt_prediction": 0, "terrain_model_probability": 0.0121, "terrain_model_disagreement": 0, "high_confidence_error": 0, "context_effect": "Both models correct", "longitude": -118.08414900004492, "latitude": 52.883270500022249 }, "geometry": { "type": "Polygon", "coordinates": [ [ [ -118.084273, 52.883257 ], [ -118.084127, 52.883345 ], [ -118.084025, 52.883284 ], [ -118.084171, 52.883196 ], [ -118.084273, 52.883257 ] ] ] } },
{ "type": "Feature", "properties": { "sequence_id": 26, "fold": 3, "actual_label": "Survived", "predicted_label": "Survived", "destroyed_probability": 0.0039, "destroyed_probability_pct": 0.4, "risk_class": "Very Low", "prediction_correct": 1, "classification": "TN", "error_label": "Correct survived", "decision_confidence": 0.1811, "hazard_only_probability": 0.0034, "context_improved_prediction": 0, "context_hurt_prediction": 0, "terrain_model_probability": 0.0029, "terrain_model_disagreement": 0, "high_confidence_error": 0, "context_effect": "Both models correct", "longitude": -118.08433399995069, "latitude": 52.884209000005583 }, "geometry": { "type": "Polygon", "coordinates": [ [ [ -118.084213, 52.884163 ], [ -118.084367, 52.884125 ], [ -118.084455, 52.884255 ], [ -118.084301, 52.884293 ], [ -118.084213, 52.884163 ] ] ] } },
{ "type": "Feature", "properties": { "sequence_id": 27, "fold": 3, "actual_label": "Survived", "predicted_label": "Survived", "destroyed_probability": 0.0017, "destroyed_probability_pct": 0.2, "risk_class": "Very Low", "prediction_correct": 1, "classification": "TN", "error_label": "Correct survived", "decision_confidence": 0.1833, "hazard_only_probability": 0.0022, "context_improved_prediction": 0, "context_hurt_prediction": 0, "terrain_model_probability": 0.0027, "terrain_model_disagreement": 0, "high_confidence_error": 0, "context_effect": "Both models correct", "longitude": -118.08394116922436, "latitude": 52.883177514121108 }, "geometry": { "type": "Polygon", "coordinates": [ [ [ -118.08396, 52.88328 ], [ -118.083772, 52.883192 ], [ -118.083923, 52.883075 ], [ -118.08411, 52.883163 ], [ -118.08396, 52.88328 ] ] ] } },
{ "type": "Feature", "properties": { "sequence_id": 28, "fold": 3, "actual_label": "Survived", "predicted_label": "Survived", "destroyed_probability": 0.0049, "destroyed_probability_pct": 0.5, "risk_class": "Very Low", "prediction_correct": 1, "classification": "TN", "error_label": "Correct survived", "decision_confidence": 0.1801, "hazard_only_probability": 0.0034, "context_improved_prediction": 0, "context_hurt_prediction": 0, "terrain_model_probability": 0.0029, "terrain_model_disagreement": 0, "high_confidence_error": 0, "context_effect": "Both models correct", "longitude": -118.08456380824829, "latitude": 52.884084183151955 }, "geometry": { "type": "Polygon", "coordinates": [ [ [ -118.084578, 52.884171 ], [ -118.084422, 52.884068 ], [ -118.084549, 52.883997 ], [ -118.084706, 52.884101 ], [ -118.084578, 52.884171 ] ] ] } },
{ "type": "Feature", "properties": { "sequence_id": 29, "fold": 3, "actual_label": "Survived", "predicted_label": "Survived", "destroyed_probability": 0.0039, "destroyed_probability_pct": 0.4, "risk_class": "Very Low", "prediction_correct": 1, "classification": "TN", "error_label": "Correct survived", "decision_confidence": 0.1811, "hazard_only_probability": 0.0034, "context_improved_prediction": 0, "context_hurt_prediction": 0, "terrain_model_probability": 0.0038, "terrain_model_disagreement": 0, "high_confidence_error": 0, "context_effect": "Both models correct", "longitude": -118.08316862196605, "latitude": 52.88329786291245 }, "geometry": { "type": "Polygon", "coordinates": [ [ [ -118.083336, 52.883338 ], [ -118.083232, 52.8834 ], [ -118.083001, 52.883257 ], [ -118.083105, 52.883196 ], [ -118.083336, 52.883338 ] ] ] } },
{ "type": "Feature", "properties": { "sequence_id": 30, "fold": 3, "actual_label": "Survived", "predicted_label": "Survived", "destroyed_probability": 0.005, "destroyed_probability_pct": 0.5, "risk_class": "Very Low", "prediction_correct": 1, "classification": "TN", "error_label": "Correct survived", "decision_confidence": 0.18, "hazard_only_probability": 0.0038, "context_improved_prediction": 0, "context_hurt_prediction": 0, "terrain_model_probability": 0.0029, "terrain_model_disagreement": 0, "high_confidence_error": 0, "context_effect": "Both models correct", "longitude": -118.08472233349946, "latitude": 52.883982501847278 }, "geometry": { "type": "Polygon", "coordinates": [ [ [ -118.08486, 52.883984 ], [ -118.08473, 52.884065 ], [ -118.084585, 52.883981 ], [ -118.084714, 52.8839 ], [ -118.08486, 52.883984 ] ] ] } },
{ "type": "Feature", "properties": { "sequence_id": 31, "fold": 1, "actual_label": "Survived", "predicted_label": "Survived", "destroyed_probability": 0.0025, "destroyed_probability_pct": 0.3, "risk_class": "Very Low", "prediction_correct": 1, "classification": "TN", "error_label": "Correct survived", "decision_confidence": 0.5075, "hazard_only_probability": 0.0012, "context_improved_prediction": 0, "context_hurt_prediction": 0, "terrain_model_probability": 0.0055, "terrain_model_disagreement": 0, "high_confidence_error": 0, "context_effect": "Both models correct", "longitude": -118.08488843644686, "latitude": 52.883839189714607 }, "geometry": { "type": "Polygon", "coordinates": [ [ [ -118.084904, 52.883919 ], [ -118.08477, 52.883848 ], [ -118.084901, 52.883759 ], [ -118.08499, 52.883806 ], [ -118.084933, 52.883845 ], [ -118.084977, 52.883869 ], [ -118.084904, 52.883919 ] ] ] } },
{ "type": "Feature", "properties": { "sequence_id": 32, "fold": 1, "actual_label": "Survived", "predicted_label": "Survived", "destroyed_probability": 0.0022, "destroyed_probability_pct": 0.2, "risk_class": "Very Low", "prediction_correct": 1, "classification": "TN", "error_label": "Correct survived", "decision_confidence": 0.5078, "hazard_only_probability": 0.0012, "context_improved_prediction": 0, "context_hurt_prediction": 0, "terrain_model_probability": 0.0067, "terrain_model_disagreement": 0, "high_confidence_error": 0, "context_effect": "Both models correct", "longitude": -118.08514007822562, "latitude": 52.883731766138439 }, "geometry": { "type": "Polygon", "coordinates": [ [ [ -118.085228, 52.883798 ], [ -118.085022, 52.883778 ], [ -118.085053, 52.883665 ], [ -118.085258, 52.883686 ], [ -118.085228, 52.883798 ] ] ] } },
{ "type": "Feature", "properties": { "sequence_id": 33, "fold": 1, "actual_label": "Survived", "predicted_label": "Survived", "destroyed_probability": 0.0022, "destroyed_probability_pct": 0.2, "risk_class": "Very Low", "prediction_correct": 1, "classification": "TN", "error_label": "Correct survived", "decision_confidence": 0.5078, "hazard_only_probability": 0.0012, "context_improved_prediction": 0, "context_hurt_prediction": 0, "terrain_model_probability": 0.0056, "terrain_model_disagreement": 0, "high_confidence_error": 0, "context_effect": "Both models correct", "longitude": -118.08526450005908, "latitude": 52.883575499998479 }, "geometry": { "type": "Polygon", "coordinates": [ [ [ -118.085288, 52.883658 ], [ -118.085153, 52.883625 ], [ -118.085241, 52.883493 ], [ -118.085376, 52.883526 ], [ -118.085288, 52.883658 ] ] ] } },
{ "type": "Feature", "properties": { "sequence_id": 34, "fold": 1, "actual_label": "Survived", "predicted_label": "Survived", "destroyed_probability": 0.0022, "destroyed_probability_pct": 0.2, "risk_class": "Very Low", "prediction_correct": 1, "classification": "TN", "error_label": "Correct survived", "decision_confidence": 0.5078, "hazard_only_probability": 0.0012, "context_improved_prediction": 0, "context_hurt_prediction": 0, "terrain_model_probability": 0.0058, "terrain_model_disagreement": 0, "high_confidence_error": 0, "context_effect": "Both models correct", "longitude": -118.0853828649679, "latitude": 52.883414226422047 }, "geometry": { "type": "Polygon", "coordinates": [ [ [ -118.085424, 52.883493 ], [ -118.085281, 52.883469 ], [ -118.085341, 52.883336 ], [ -118.085485, 52.883359 ], [ -118.085424, 52.883493 ] ] ] } },
{ "type": "Feature", "properties": { "sequence_id": 35, "fold": 3, "actual_label": "Survived", "predicted_label": "Survived", "destroyed_probability": 0.0011, "destroyed_probability_pct": 0.1, "risk_class": "Very Low", "prediction_correct": 1, "classification": "TN", "error_label": "Correct survived", "decision_confidence": 0.1839, "hazard_only_probability": 0.0034, "context_improved_prediction": 0, "context_hurt_prediction": 0, "terrain_model_probability": 0.0015, "terrain_model_disagreement": 0, "high_confidence_error": 0, "context_effect": "Both models correct", "longitude": -118.08280698123886, "latitude": 52.883646166508207 }, "geometry": { "type": "Polygon", "coordinates": [ [ [ -118.082955, 52.883648 ], [ -118.082817, 52.883735 ], [ -118.082659, 52.883645 ], [ -118.082797, 52.883557 ], [ -118.082955, 52.883648 ] ] ] } },
{ "type": "Feature", "properties": { "sequence_id": 36, "fold": 3, "actual_label": "Survived", "predicted_label": "Survived", "destroyed_probability": 0.0014, "destroyed_probability_pct": 0.1, "risk_class": "Very Low", "prediction_correct": 1, "classification": "TN", "error_label": "Correct survived", "decision_confidence": 0.1836, "hazard_only_probability": 0.0036, "context_improved_prediction": 0, "context_hurt_prediction": 0, "terrain_model_probability": 0.0005, "terrain_model_disagreement": 0, "high_confidence_error": 0, "context_effect": "Both models correct", "longitude": -118.08348394607522, "latitude": 52.883449818375276 }, "geometry": { "type": "Polygon", "coordinates": [ [ [ -118.083601, 52.883482 ], [ -118.083457, 52.883526 ], [ -118.083367, 52.883417 ], [ -118.083511, 52.883374 ], [ -118.083601, 52.883482 ] ] ] } },
{ "type": "Feature", "properties": { "sequence_id": 37, "fold": 3, "actual_label": "Survived", "predicted_label": "Survived", "destroyed_probability": 0.0011, "destroyed_probability_pct": 0.1, "risk_class": "Very Low", "prediction_correct": 1, "classification": "TN", "error_label": "Correct survived", "decision_confidence": 0.1839, "hazard_only_probability": 0.0034, "context_improved_prediction": 0, "context_hurt_prediction": 0, "terrain_model_probability": 0.0013, "terrain_model_disagreement": 0, "high_confidence_error": 0, "context_effect": "Both models correct", "longitude": -118.08301049995939, "latitude": 52.883734500023763 }, "geometry": { "type": "Polygon", "coordinates": [ [ [ -118.083035, 52.883809 ], [ -118.082886, 52.883724 ], [ -118.082986, 52.88366 ], [ -118.083135, 52.883745 ], [ -118.083035, 52.883809 ] ] ] } },
{ "type": "Feature", "properties": { "sequence_id": 38, "fold": 3, "actual_label": "Survived", "predicted_label": "Survived", "destroyed_probability": 0.0013, "destroyed_probability_pct": 0.1, "risk_class": "Very Low", "prediction_correct": 1, "classification": "TN", "error_label": "Correct survived", "decision_confidence": 0.1837, "hazard_only_probability": 0.0019, "context_improved_prediction": 0, "context_hurt_prediction": 0, "terrain_model_probability": 0.0007, "terrain_model_disagreement": 0, "high_confidence_error": 0, "context_effect": "Both models correct", "longitude": -118.08370495816408, "latitude": 52.883565755505266 }, "geometry": { "type": "Polygon", "coordinates": [ [ [ -118.083842, 52.883552 ], [ -118.083675, 52.883655 ], [ -118.083575, 52.883597 ], [ -118.083653, 52.883549 ], [ -118.083623, 52.883531 ], [ -118.083712, 52.883476 ], [ -118.083842, 52.883552 ] ] ] } },
{ "type": "Feature", "properties": { "sequence_id": 39, "fold": 3, "actual_label": "Survived", "predicted_label": "Survived", "destroyed_probability": 0.0022, "destroyed_probability_pct": 0.2, "risk_class": "Very Low", "prediction_correct": 1, "classification": "TN", "error_label": "Correct survived", "decision_confidence": 0.1828, "hazard_only_probability": 0.0035, "context_improved_prediction": 0, "context_hurt_prediction": 0, "terrain_model_probability": 0.0006, "terrain_model_disagreement": 0, "high_confidence_error": 0, "context_effect": "Both models correct", "longitude": -118.08321423669611, "latitude": 52.883891090529119 }, "geometry": { "type": "Polygon", "coordinates": [ [ [ -118.083356, 52.883876 ], [ -118.083205, 52.883968 ], [ -118.083073, 52.88389 ], [ -118.083165, 52.883834 ], [ -118.083208, 52.88386 ], [ -118.083268, 52.883824 ], [ -118.083356, 52.883876 ] ] ] } },
{ "type": "Feature", "properties": { "sequence_id": 40, "fold": 3, "actual_label": "Survived", "predicted_label": "Survived", "destroyed_probability": 0.0056, "destroyed_probability_pct": 0.6, "risk_class": "Very Low", "prediction_correct": 1, "classification": "TN", "error_label": "Correct survived", "decision_confidence": 0.1794, "hazard_only_probability": 0.0032, "context_improved_prediction": 0, "context_hurt_prediction": 0, "terrain_model_probability": 0.0033, "terrain_model_disagreement": 0, "high_confidence_error": 0, "context_effect": "Both models correct", "longitude": -118.08387649997591, "latitude": 52.883705000024406 }, "geometry": { "type": "Polygon", "coordinates": [ [ [ -118.084005, 52.88371 ], [ -118.083893, 52.883782 ], [ -118.083748, 52.8837 ], [ -118.08386, 52.883628 ], [ -118.084005, 52.88371 ] ] ] } },
{ "type": "Feature", "properties": { "sequence_id": 41, "fold": 3, "actual_label": "Survived", "predicted_label": "Survived", "destroyed_probability": 0.0051, "destroyed_probability_pct": 0.5, "risk_class": "Very Low", "prediction_correct": 1, "classification": "TN", "error_label": "Correct survived", "decision_confidence": 0.1799, "hazard_only_probability": 0.0019, "context_improved_prediction": 0, "context_hurt_prediction": 0, "terrain_model_probability": 0.0004, "terrain_model_disagreement": 0, "high_confidence_error": 0, "context_effect": "Both models correct", "longitude": -118.08341799996253, "latitude": 52.883992500020035 }, "geometry": { "type": "Polygon", "coordinates": [ [ [ -118.083298, 52.883978 ], [ -118.083405, 52.883919 ], [ -118.083538, 52.884007 ], [ -118.083431, 52.884066 ], [ -118.083298, 52.883978 ] ] ] } },
{ "type": "Feature", "properties": { "sequence_id": 42, "fold": 1, "actual_label": "Survived", "predicted_label": "Survived", "destroyed_probability": 0.0254, "destroyed_probability_pct": 2.5, "risk_class": "Very Low", "prediction_correct": 1, "classification": "TN", "error_label": "Correct survived", "decision_confidence": 0.4846, "hazard_only_probability": 0.0027, "context_improved_prediction": 0, "context_hurt_prediction": 0, "terrain_model_probability": 0.012, "terrain_model_disagreement": 0, "high_confidence_error": 0, "context_effect": "Both models correct", "longitude": -118.08184100001746, "latitude": 52.881136499991626 }, "geometry": { "type": "Polygon", "coordinates": [ [ [ -118.081796, 52.881074 ], [ -118.081915, 52.881085 ], [ -118.081886, 52.881199 ], [ -118.081767, 52.881188 ], [ -118.081796, 52.881074 ] ] ] } },
{ "type": "Feature", "properties": { "sequence_id": 43, "fold": 1, "actual_label": "Survived", "predicted_label": "Survived", "destroyed_probability": 0.0073, "destroyed_probability_pct": 0.7, "risk_class": "Very Low", "prediction_correct": 1, "classification": "TN", "error_label": "Correct survived", "decision_confidence": 0.5027, "hazard_only_probability": 0.0027, "context_improved_prediction": 0, "context_hurt_prediction": 0, "terrain_model_probability": 0.0046, "terrain_model_disagreement": 0, "high_confidence_error": 0, "context_effect": "Both models correct", "longitude": -118.08196622242509, "latitude": 52.880687091566891 }, "geometry": { "type": "Polygon", "coordinates": [ [ [ -118.08188, 52.880758 ], [ -118.081916, 52.880604 ], [ -118.082052, 52.880616 ], [ -118.082017, 52.88077 ], [ -118.08188, 52.880758 ] ] ] } },
{ "type": "Feature", "properties": { "sequence_id": 44, "fold": 1, "actual_label": "Survived", "predicted_label": "Survived", "destroyed_probability": 0.01, "destroyed_probability_pct": 1.0, "risk_class": "Very Low", "prediction_correct": 1, "classification": "TN", "error_label": "Correct survived", "decision_confidence": 0.5, "hazard_only_probability": 0.0027, "context_improved_prediction": 0, "context_hurt_prediction": 0, "terrain_model_probability": 0.0069, "terrain_model_disagreement": 0, "high_confidence_error": 0, "context_effect": "Both models correct", "longitude": -118.082082, "latitude": 52.881164499991961 }, "geometry": { "type": "Polygon", "coordinates": [ [ [ -118.08202, 52.881221 ], [ -118.08202, 52.881108 ], [ -118.082144, 52.881108 ], [ -118.082144, 52.881221 ], [ -118.08202, 52.881221 ] ] ] } },
{ "type": "Feature", "properties": { "sequence_id": 45, "fold": 1, "actual_label": "Survived", "predicted_label": "Survived", "destroyed_probability": 0.01, "destroyed_probability_pct": 1.0, "risk_class": "Very Low", "prediction_correct": 1, "classification": "TN", "error_label": "Correct survived", "decision_confidence": 0.5, "hazard_only_probability": 0.0028, "context_improved_prediction": 0, "context_hurt_prediction": 0, "terrain_model_probability": 0.0043, "terrain_model_disagreement": 0, "high_confidence_error": 0, "context_effect": "Both models correct", "longitude": -118.08228423170586, "latitude": 52.881182552141297 }, "geometry": { "type": "Polygon", "coordinates": [ [ [ -118.082224, 52.881134 ], [ -118.082361, 52.881143 ], [ -118.082345, 52.881231 ], [ -118.082207, 52.881222 ], [ -118.082224, 52.881134 ] ] ] } },
{ "type": "Feature", "properties": { "sequence_id": 46, "fold": 1, "actual_label": "Survived", "predicted_label": "Survived", "destroyed_probability": 0.0102, "destroyed_probability_pct": 1.0, "risk_class": "Very Low", "prediction_correct": 1, "classification": "TN", "error_label": "Correct survived", "decision_confidence": 0.4998, "hazard_only_probability": 0.0028, "context_improved_prediction": 0, "context_hurt_prediction": 0, "terrain_model_probability": 0.0038, "terrain_model_disagreement": 0, "high_confidence_error": 0, "context_effect": "Both models correct", "longitude": -118.082546, "latitude": 52.881210999990429 }, "geometry": { "type": "Polygon", "coordinates": [ [ [ -118.082495, 52.881159 ], [ -118.082597, 52.881159 ], [ -118.082597, 52.881263 ], [ -118.082495, 52.881263 ], [ -118.082495, 52.881159 ] ] ] } },
{ "type": "Feature", "properties": { "sequence_id": 47, "fold": 1, "actual_label": "Survived", "predicted_label": "Survived", "destroyed_probability": 0.005, "destroyed_probability_pct": 0.5, "risk_class": "Very Low", "prediction_correct": 1, "classification": "TN", "error_label": "Correct survived", "decision_confidence": 0.505, "hazard_only_probability": 0.0028, "context_improved_prediction": 0, "context_hurt_prediction": 0, "terrain_model_probability": 0.0024, "terrain_model_disagreement": 0, "high_confidence_error": 0, "context_effect": "Both models correct", "longitude": -118.08285708329512, "latitude": 52.880793784904775 }, "geometry": { "type": "Polygon", "coordinates": [ [ [ -118.082807, 52.880723 ], [ -118.082949, 52.88074 ], [ -118.082907, 52.880865 ], [ -118.082765, 52.880847 ], [ -118.082807, 52.880723 ] ] ] } },
{ "type": "Feature", "properties": { "sequence_id": 48, "fold": 1, "actual_label": "Survived", "predicted_label": "Survived", "destroyed_probability": 0.0045, "destroyed_probability_pct": 0.4, "risk_class": "Very Low", "prediction_correct": 1, "classification": "TN", "error_label": "Correct survived", "decision_confidence": 0.5055, "hazard_only_probability": 0.0028, "context_improved_prediction": 0, "context_hurt_prediction": 0, "terrain_model_probability": 0.0021, "terrain_model_disagreement": 0, "high_confidence_error": 0, "context_effect": "Both models correct", "longitude": -118.08307743859459, "latitude": 52.880778351433634 }, "geometry": { "type": "Polygon", "coordinates": [ [ [ -118.083122, 52.880881 ], [ -118.083001, 52.880871 ], [ -118.083048, 52.88066 ], [ -118.083134, 52.880667 ], [ -118.083115, 52.880753 ], [ -118.08315, 52.880756 ], [ -118.083122, 52.880881 ] ] ] } },
{ "type": "Feature", "properties": { "sequence_id": 49, "fold": 3, "actual_label": "Destroyed", "predicted_label": "Survived", "destroyed_probability": 0.0061, "destroyed_probability_pct": 0.6, "risk_class": "Very Low", "prediction_correct": 0, "classification": "FN", "error_label": "Missed destroyed", "decision_confidence": 0.1789, "hazard_only_probability": 0.0154, "context_improved_prediction": 0, "context_hurt_prediction": 0, "terrain_model_probability": 0.0031, "terrain_model_disagreement": 0, "high_confidence_error": 0, "context_effect": "Both models wrong", "longitude": -118.08548570164663, "latitude": 52.875826639462176 }, "geometry": { "type": "Polygon", "coordinates": [ [ [ -118.085558, 52.875771 ], [ -118.08553, 52.875892 ], [ -118.085414, 52.875883 ], [ -118.085441, 52.875761 ], [ -118.085558, 52.875771 ] ] ] } },
{ "type": "Feature", "properties": { "sequence_id": 50, "fold": 1, "actual_label": "Destroyed", "predicted_label": "Destroyed", "destroyed_probability": 0.7857, "destroyed_probability_pct": 78.6, "risk_class": "High", "prediction_correct": 1, "classification": "TP", "error_label": "Correct destroyed", "decision_confidence": 0.2757, "hazard_only_probability": 0.9448, "context_improved_prediction": 1, "context_hurt_prediction": 0, "terrain_model_probability": 0.8671, "terrain_model_disagreement": 1, "high_confidence_error": 0, "context_effect": "Context fixed hazard-only error", "longitude": -118.09556262978855, "latitude": 52.872519869608134 }, "geometry": { "type": "Polygon", "coordinates": [ [ [ -118.095541, 52.872442 ], [ -118.095653, 52.872578 ], [ -118.095585, 52.872598 ], [ -118.095472, 52.872462 ], [ -118.095541, 52.872442 ] ] ] } },
{ "type": "Feature", "properties": { "sequence_id": 51, "fold": 1, "actual_label": "Destroyed", "predicted_label": "Destroyed", "destroyed_probability": 0.7767, "destroyed_probability_pct": 77.7, "risk_class": "High", "prediction_correct": 1, "classification": "TP", "error_label": "Correct destroyed", "decision_confidence": 0.2667, "hazard_only_probability": 0.9518, "context_improved_prediction": 0, "context_hurt_prediction": 0, "terrain_model_probability": 0.8735, "terrain_model_disagreement": 1, "high_confidence_error": 0, "context_effect": "Both models correct", "longitude": -118.09571247840937, "latitude": 52.872488150468619 }, "geometry": { "type": "Polygon", "coordinates": [ [ [ -118.095814, 52.872565 ], [ -118.095724, 52.872586 ], [ -118.095611, 52.872412 ], [ -118.095701, 52.87239 ], [ -118.095814, 52.872565 ] ] ] } },
{ "type": "Feature", "properties": { "sequence_id": 52, "fold": 2, "actual_label": "Destroyed", "predicted_label": "Destroyed", "destroyed_probability": 0.543, "destroyed_probability_pct": 54.3, "risk_class": "Moderate", "prediction_correct": 1, "classification": "TP", "error_label": "Correct destroyed", "decision_confidence": 0.203, "hazard_only_probability": 0.6095, "context_improved_prediction": 0, "context_hurt_prediction": 0, "terrain_model_probability": 0.4437, "terrain_model_disagreement": 1, "high_confidence_error": 0, "context_effect": "Both models correct", "longitude": -118.09607172808236, "latitude": 52.872407555496785 }, "geometry": { "type": "Polygon", "coordinates": [ [ [ -118.095964, 52.872339 ], [ -118.096057, 52.872315 ], [ -118.096184, 52.872493 ], [ -118.096129, 52.872507 ], [ -118.096098, 52.872463 ], [ -118.09606, 52.872473 ], [ -118.095964, 52.872339 ] ] ] } },
{ "type": "Feature", "properties": { "sequence_id": 53, "fold": 2, "actual_label": "Destroyed", "predicted_label": "Destroyed", "destroyed_probability": 0.5364, "destroyed_probability_pct": 53.6, "risk_class": "Moderate", "prediction_correct": 1, "classification": "TP", "error_label": "Correct destroyed", "decision_confidence": 0.1964, "hazard_only_probability": 0.6585, "context_improved_prediction": 0, "context_hurt_prediction": 0, "terrain_model_probability": 0.4032, "terrain_model_disagreement": 1, "high_confidence_error": 0, "context_effect": "Both models correct", "longitude": -118.09626237237502, "latitude": 52.872375243418183 }, "geometry": { "type": "Polygon", "coordinates": [ [ [ -118.096253, 52.872489 ], [ -118.096203, 52.872435 ], [ -118.09628, 52.872409 ], [ -118.096243, 52.87237 ], [ -118.09619, 52.872388 ], [ -118.09614, 52.872334 ], [ -118.096198, 52.872315 ], [ -118.096157, 52.872271 ], [ -118.096221, 52.872249 ], [ -118.096398, 52.872439 ], [ -118.096253, 52.872489 ] ] ] } },
{ "type": "Feature", "properties": { "sequence_id": 54, "fold": 2, "actual_label": "Destroyed", "predicted_label": "Destroyed", "destroyed_probability": 0.6545, "destroyed_probability_pct": 65.5, "risk_class": "High", "prediction_correct": 1, "classification": "TP", "error_label": "Correct destroyed", "decision_confidence": 0.3145, "hazard_only_probability": 0.6643, "context_improved_prediction": 0, "context_hurt_prediction": 0, "terrain_model_probability": 0.6421, "terrain_model_disagreement": 1, "high_confidence_error": 0, "context_effect": "Both models correct", "longitude": -118.09643449980631, "latitude": 52.872329999962837 }, "geometry": { "type": "Polygon", "coordinates": [ [ [ -118.096465, 52.872439 ], [ -118.096328, 52.87224 ], [ -118.096404, 52.872221 ], [ -118.096541, 52.87242 ], [ -118.096465, 52.872439 ] ] ] } },
{ "type": "Feature", "properties": { "sequence_id": 55, "fold": 2, "actual_label": "Destroyed", "predicted_label": "Destroyed", "destroyed_probability": 0.6417, "destroyed_probability_pct": 64.2, "risk_class": "High", "prediction_correct": 1, "classification": "TP", "error_label": "Correct destroyed", "decision_confidence": 0.3017, "hazard_only_probability": 0.6919, "context_improved_prediction": 0, "context_hurt_prediction": 0, "terrain_model_probability": 0.6611, "terrain_model_disagreement": 1, "high_confidence_error": 0, "context_effect": "Both models correct", "longitude": -118.09658857442668, "latitude": 52.872287810651123 }, "geometry": { "type": "Polygon", "coordinates": [ [ [ -118.096706, 52.872374 ], [ -118.096641, 52.872395 ], [ -118.096471, 52.872202 ], [ -118.096537, 52.872181 ], [ -118.096706, 52.872374 ] ] ] } },
{ "type": "Feature", "properties": { "sequence_id": 56, "fold": 2, "actual_label": "Destroyed", "predicted_label": "Destroyed", "destroyed_probability": 0.5587, "destroyed_probability_pct": 55.9, "risk_class": "Moderate", "prediction_correct": 1, "classification": "TP", "error_label": "Correct destroyed", "decision_confidence": 0.2187, "hazard_only_probability": 0.6906, "context_improved_prediction": 0, "context_hurt_prediction": 0, "terrain_model_probability": 0.5083, "terrain_model_disagreement": 1, "high_confidence_error": 0, "context_effect": "Both models correct", "longitude": -118.09676510578178, "latitude": 52.872233470672178 }, "geometry": { "type": "Polygon", "coordinates": [ [ [ -118.096782, 52.872332 ], [ -118.096671, 52.872153 ], [ -118.096749, 52.872135 ], [ -118.096859, 52.872315 ], [ -118.096782, 52.872332 ] ] ] } },
{ "type": "Feature", "properties": { "sequence_id": 57, "fold": 2, "actual_label": "Destroyed", "predicted_label": "Destroyed", "destroyed_probability": 0.5918, "destroyed_probability_pct": 59.2, "risk_class": "Moderate", "prediction_correct": 1, "classification": "TP", "error_label": "Correct destroyed", "decision_confidence": 0.2518, "hazard_only_probability": 0.6179, "context_improved_prediction": 0, "context_hurt_prediction": 0, "terrain_model_probability": 0.4621, "terrain_model_disagreement": 1, "high_confidence_error": 0, "context_effect": "Both models correct", "longitude": -118.09691259358578, "latitude": 52.872189350613674 }, "geometry": { "type": "Polygon", "coordinates": [ [ [ -118.096981, 52.872281 ], [ -118.096959, 52.872256 ], [ -118.096918, 52.872269 ], [ -118.096796, 52.872125 ], [ -118.096891, 52.872096 ], [ -118.097034, 52.872265 ], [ -118.096981, 52.872281 ] ] ] } },
{ "type": "Feature", "properties": { "sequence_id": 58, "fold": 2, "actual_label": "Survived", "predicted_label": "Destroyed", "destroyed_probability": 0.508, "destroyed_probability_pct": 50.8, "risk_class": "Moderate", "prediction_correct": 0, "classification": "FP", "error_label": "False alarm", "decision_confidence": 0.168, "hazard_only_probability": 0.576, "context_improved_prediction": 0, "context_hurt_prediction": 0, "terrain_model_probability": 0.5783, "terrain_model_disagreement": 1, "high_confidence_error": 0, "context_effect": "Both models wrong", "longitude": -118.09766049984447, "latitude": 52.871929999974725 }, "geometry": { "type": "Polygon", "coordinates": [ [ [ -118.097627, 52.871836 ], [ -118.097754, 52.872008 ], [ -118.097694, 52.872024 ], [ -118.097567, 52.871852 ], [ -118.097627, 52.871836 ] ] ] } },
{ "type": "Feature", "properties": { "sequence_id": 59, "fold": 2, "actual_label": "Survived", "predicted_label": "Destroyed", "destroyed_probability": 0.595, "destroyed_probability_pct": 59.5, "risk_class": "Moderate", "prediction_correct": 0, "classification": "FP", "error_label": "False alarm", "decision_confidence": 0.255, "hazard_only_probability": 0.576, "context_improved_prediction": 0, "context_hurt_prediction": 0, "terrain_model_probability": 0.6834, "terrain_model_disagreement": 1, "high_confidence_error": 0, "context_effect": "Both models wrong", "longitude": -118.09782742262774, "latitude": 52.871877704605552 }, "geometry": { "type": "Polygon", "coordinates": [ [ [ -118.097922, 52.871953 ], [ -118.097867, 52.871969 ], [ -118.097733, 52.871802 ], [ -118.097787, 52.871786 ], [ -118.097922, 52.871953 ] ] ] } },
{ "type": "Feature", "properties": { "sequence_id": 60, "fold": 2, "actual_label": "Survived", "predicted_label": "Survived", "destroyed_probability": 0.3229, "destroyed_probability_pct": 32.3, "risk_class": "Low", "prediction_correct": 1, "classification": "TN", "error_label": "Correct survived", "decision_confidence": 0.0171, "hazard_only_probability": 0.3133, "context_improved_prediction": 1, "context_hurt_prediction": 0, "terrain_model_probability": 0.4501, "terrain_model_disagreement": 0, "high_confidence_error": 0, "context_effect": "Context fixed hazard-only error", "longitude": -118.09797049985933, "latitude": 52.871826499976514 }, "geometry": { "type": "Polygon", "coordinates": [ [ [ -118.097989, 52.871922 ], [ -118.097869, 52.871752 ], [ -118.097952, 52.871731 ], [ -118.098072, 52.871901 ], [ -118.097989, 52.871922 ] ] ] } },
{ "type": "Feature", "properties": { "sequence_id": 61, "fold": 2, "actual_label": "Survived", "predicted_label": "Survived", "destroyed_probability": 0.2235, "destroyed_probability_pct": 22.4, "risk_class": "Low", "prediction_correct": 1, "classification": "TN", "error_label": "Correct survived", "decision_confidence": 0.1165, "hazard_only_probability": 0.2561, "context_improved_prediction": 0, "context_hurt_prediction": 0, "terrain_model_probability": 0.3373, "terrain_model_disagreement": 0, "high_confidence_error": 0, "context_effect": "Both models correct", "longitude": -118.09849162135903, "latitude": 52.87169889653871 }, "geometry": { "type": "Polygon", "coordinates": [ [ [ -118.098513, 52.871747 ], [ -118.098428, 52.871668 ], [ -118.098471, 52.871651 ], [ -118.098555, 52.87173 ], [ -118.098513, 52.871747 ] ] ] } },
{ "type": "Feature", "properties": { "sequence_id": 62, "fold": 2, "actual_label": "Survived", "predicted_label": "Survived", "destroyed_probability": 0.0163, "destroyed_probability_pct": 1.6, "risk_class": "Very Low", "prediction_correct": 1, "classification": "TN", "error_label": "Correct survived", "decision_confidence": 0.3237, "hazard_only_probability": 0.0793, "context_improved_prediction": 0, "context_hurt_prediction": 0, "terrain_model_probability": 0.0218, "terrain_model_disagreement": 0, "high_confidence_error": 0, "context_effect": "Both models correct", "longitude": -118.09923313314583, "latitude": 52.871392055423044 }, "geometry": { "type": "Polygon", "coordinates": [ [ [ -118.099342, 52.871473 ], [ -118.099299, 52.871485 ], [ -118.099259, 52.871435 ], [ -118.099222, 52.871446 ], [ -118.099132, 52.871333 ], [ -118.099213, 52.871309 ], [ -118.099342, 52.871473 ] ] ] } },
{ "type": "Feature", "properties": { "sequence_id": 63, "fold": 1, "actual_label": "Survived", "predicted_label": "Survived", "destroyed_probability": 0.09, "destroyed_probability_pct": 9.0, "risk_class": "Very Low", "prediction_correct": 1, "classification": "TN", "error_label": "Correct survived", "decision_confidence": 0.42, "hazard_only_probability": 0.0482, "context_improved_prediction": 0, "context_hurt_prediction": 0, "terrain_model_probability": 0.2817, "terrain_model_disagreement": 0, "high_confidence_error": 0, "context_effect": "Both models correct", "longitude": -118.09966090184265, "latitude": 52.871288053896869 }, "geometry": { "type": "Polygon", "coordinates": [ [ [ -118.09976, 52.871366 ], [ -118.099508, 52.871253 ], [ -118.099561, 52.87121 ], [ -118.099814, 52.871323 ], [ -118.09976, 52.871366 ] ] ] } },
{ "type": "Feature", "properties": { "sequence_id": 64, "fold": 1, "actual_label": "Survived", "predicted_label": "Survived", "destroyed_probability": 0.1393, "destroyed_probability_pct": 13.9, "risk_class": "Very Low", "prediction_correct": 1, "classification": "TN", "error_label": "Correct survived", "decision_confidence": 0.3707, "hazard_only_probability": 0.051, "context_improved_prediction": 0, "context_hurt_prediction": 0, "terrain_model_probability": 0.4024, "terrain_model_disagreement": 0, "high_confidence_error": 0, "context_effect": "Both models correct", "longitude": -118.09985787580713, "latitude": 52.871207383502203 }, "geometry": { "type": "Polygon", "coordinates": [ [ [ -118.099985, 52.871224 ], [ -118.099952, 52.871262 ], [ -118.09973, 52.87119 ], [ -118.099763, 52.871153 ], [ -118.099985, 52.871224 ] ] ] } },
{ "type": "Feature", "properties": { "sequence_id": 65, "fold": 3, "actual_label": "Survived", "predicted_label": "Survived", "destroyed_probability": 0.0019, "destroyed_probability_pct": 0.2, "risk_class": "Very Low", "prediction_correct": 1, "classification": "TN", "error_label": "Correct survived", "decision_confidence": 0.1831, "hazard_only_probability": 0.0032, "context_improved_prediction": 0, "context_hurt_prediction": 0, "terrain_model_probability": 0.0076, "terrain_model_disagreement": 0, "high_confidence_error": 0, "context_effect": "Both models correct", "longitude": -118.08175950004406, "latitude": 52.883506000017618 }, "geometry": { "type": "Polygon", "coordinates": [ [ [ -118.081869, 52.883491 ], [ -118.081735, 52.883572 ], [ -118.08165, 52.883521 ], [ -118.081784, 52.88344 ], [ -118.081869, 52.883491 ] ] ] } },
{ "type": "Feature", "properties": { "sequence_id": 66, "fold": 3, "actual_label": "Survived", "predicted_label": "Survived", "destroyed_probability": 0.0067, "destroyed_probability_pct": 0.7, "risk_class": "Very Low", "prediction_correct": 1, "classification": "TN", "error_label": "Correct survived", "decision_confidence": 0.1783, "hazard_only_probability": 0.0034, "context_improved_prediction": 0, "context_hurt_prediction": 0, "terrain_model_probability": 0.0029, "terrain_model_disagreement": 0, "high_confidence_error": 0, "context_effect": "Both models correct", "longitude": -118.08326713379795, "latitude": 52.883178435577577 }, "geometry": { "type": "Polygon", "coordinates": [ [ [ -118.083385, 52.883221 ], [ -118.083298, 52.883272 ], [ -118.083135, 52.883171 ], [ -118.083285, 52.883083 ], [ -118.083357, 52.883127 ], [ -118.083294, 52.883165 ], [ -118.083385, 52.883221 ] ] ] } },
{ "type": "Feature", "properties": { "sequence_id": 67, "fold": 3, "actual_label": "Survived", "predicted_label": "Survived", "destroyed_probability": 0.0021, "destroyed_probability_pct": 0.2, "risk_class": "Very Low", "prediction_correct": 1, "classification": "TN", "error_label": "Correct survived", "decision_confidence": 0.1829, "hazard_only_probability": 0.0034, "context_improved_prediction": 0, "context_hurt_prediction": 0, "terrain_model_probability": 0.0007, "terrain_model_disagreement": 0, "high_confidence_error": 0, "context_effect": "Both models correct", "longitude": -118.08349399990141, "latitude": 52.883062000031941 }, "geometry": { "type": "Polygon", "coordinates": [ [ [ -118.083537, 52.883148 ], [ -118.083352, 52.883036 ], [ -118.083451, 52.882976 ], [ -118.083636, 52.883088 ], [ -118.083537, 52.883148 ] ] ] } },
{ "type": "Feature", "properties": { "sequence_id": 68, "fold": 3, "actual_label": "Survived", "predicted_label": "Survived", "destroyed_probability": 0.0029, "destroyed_probability_pct": 0.3, "risk_class": "Very Low", "prediction_correct": 1, "classification": "TN", "error_label": "Correct survived", "decision_confidence": 0.1821, "hazard_only_probability": 0.0034, "context_improved_prediction": 0, "context_hurt_prediction": 0, "terrain_model_probability": 0.0103, "terrain_model_disagreement": 0, "high_confidence_error": 0, "context_effect": "Both models correct", "longitude": -118.08294249997991, "latitude": 52.882737000038155 }, "geometry": { "type": "Polygon", "coordinates": [ [ [ -118.082975, 52.882831 ], [ -118.082784, 52.882743 ], [ -118.08291, 52.882643 ], [ -118.083101, 52.882731 ], [ -118.082975, 52.882831 ] ] ] } },
{ "type": "Feature", "properties": { "sequence_id": 69, "fold": 3, "actual_label": "Survived", "predicted_label": "Survived", "destroyed_probability": 0.0023, "destroyed_probability_pct": 0.2, "risk_class": "Very Low", "prediction_correct": 1, "classification": "TN", "error_label": "Correct survived", "decision_confidence": 0.1827, "hazard_only_probability": 0.0035, "context_improved_prediction": 0, "context_hurt_prediction": 0, "terrain_model_probability": 0.0021, "terrain_model_disagreement": 0, "high_confidence_error": 0, "context_effect": "Both models correct", "longitude": -118.08364399991113, "latitude": 52.882958000022505 }, "geometry": { "type": "Polygon", "coordinates": [ [ [ -118.083683, 52.883034 ], [ -118.083521, 52.882929 ], [ -118.083605, 52.882882 ], [ -118.083767, 52.882987 ], [ -118.083683, 52.883034 ] ] ] } },
{ "type": "Feature", "properties": { "sequence_id": 70, "fold": 3, "actual_label": "Survived", "predicted_label": "Survived", "destroyed_probability": 0.0076, "destroyed_probability_pct": 0.8, "risk_class": "Very Low", "prediction_correct": 1, "classification": "TN", "error_label": "Correct survived", "decision_confidence": 0.1774, "hazard_only_probability": 0.0034, "context_improved_prediction": 0, "context_hurt_prediction": 0, "terrain_model_probability": 0.0108, "terrain_model_disagreement": 0, "high_confidence_error": 0, "context_effect": "Both models correct", "longitude": -118.08311041292285, "latitude": 52.882624806354002 }, "geometry": { "type": "Polygon", "coordinates": [ [ [ -118.083065, 52.882698 ], [ -118.082996, 52.882589 ], [ -118.083156, 52.882552 ], [ -118.083225, 52.88266 ], [ -118.083065, 52.882698 ] ] ] } },
{ "type": "Feature", "properties": { "sequence_id": 71, "fold": 3, "actual_label": "Survived", "predicted_label": "Survived", "destroyed_probability": 0.009, "destroyed_probability_pct": 0.9, "risk_class": "Very Low", "prediction_correct": 1, "classification": "TN", "error_label": "Correct survived", "decision_confidence": 0.176, "hazard_only_probability": 0.0034, "context_improved_prediction": 0, "context_hurt_prediction": 0, "terrain_model_probability": 0.0098, "terrain_model_disagreement": 0, "high_confidence_error": 0, "context_effect": "Both models correct", "longitude": -118.08328941148972, "latitude": 52.882518650916829 }, "geometry": { "type": "Polygon", "coordinates": [ [ [ -118.083329, 52.8826 ], [ -118.083155, 52.882495 ], [ -118.08325, 52.882437 ], [ -118.083424, 52.882543 ], [ -118.083329, 52.8826 ] ] ] } },
{ "type": "Feature", "properties": { "sequence_id": 72, "fold": 1, "actual_label": "Survived", "predicted_label": "Survived", "destroyed_probability": 0.0098, "destroyed_probability_pct": 1.0, "risk_class": "Very Low", "prediction_correct": 1, "classification": "TN", "error_label": "Correct survived", "decision_confidence": 0.5002, "hazard_only_probability": 0.0028, "context_improved_prediction": 0, "context_hurt_prediction": 0, "terrain_model_probability": 0.0086, "terrain_model_disagreement": 0, "high_confidence_error": 0, "context_effect": "Both models correct", "longitude": -118.08345950000052, "latitude": 52.882428500020502 }, "geometry": { "type": "Polygon", "coordinates": [ [ [ -118.083544, 52.882393 ], [ -118.083544, 52.882464 ], [ -118.083375, 52.882464 ], [ -118.083375, 52.882393 ], [ -118.083544, 52.882393 ] ] ] } },
{ "type": "Feature", "properties": { "sequence_id": 73, "fold": 1, "actual_label": "Survived", "predicted_label": "Survived", "destroyed_probability": 0.008, "destroyed_probability_pct": 0.8, "risk_class": "Very Low", "prediction_correct": 1, "classification": "TN", "error_label": "Correct survived", "decision_confidence": 0.502, "hazard_only_probability": 0.0028, "context_improved_prediction": 0, "context_hurt_prediction": 0, "terrain_model_probability": 0.0068, "terrain_model_disagreement": 0, "high_confidence_error": 0, "context_effect": "Both models correct", "longitude": -118.08362449997496, "latitude": 52.882304000016688 }, "geometry": { "type": "Polygon", "coordinates": [ [ [ -118.083591, 52.88225 ], [ -118.083721, 52.882307 ], [ -118.083658, 52.882358 ], [ -118.083528, 52.882301 ], [ -118.083591, 52.88225 ] ] ] } },
{ "type": "Feature", "properties": { "sequence_id": 74, "fold": 1, "actual_label": "Survived", "predicted_label": "Survived", "destroyed_probability": 0.0041, "destroyed_probability_pct": 0.4, "risk_class": "Very Low", "prediction_correct": 1, "classification": "TN", "error_label": "Correct survived", "decision_confidence": 0.5059, "hazard_only_probability": 0.0031, "context_improved_prediction": 0, "context_hurt_prediction": 0, "terrain_model_probability": 0.0024, "terrain_model_disagreement": 0, "high_confidence_error": 0, "context_effect": "Both models correct", "longitude": -118.08392699999348, "latitude": 52.882060000026726 }, "geometry": { "type": "Polygon", "coordinates": [ [ [ -118.08397, 52.882137 ], [ -118.083795, 52.882076 ], [ -118.083884, 52.881983 ], [ -118.084059, 52.882044 ], [ -118.08397, 52.882137 ] ] ] } },
{ "type": "Feature", "properties": { "sequence_id": 75, "fold": 1, "actual_label": "Survived", "predicted_label": "Survived", "destroyed_probability": 0.007, "destroyed_probability_pct": 0.7, "risk_class": "Very Low", "prediction_correct": 1, "classification": "TN", "error_label": "Correct survived", "decision_confidence": 0.503, "hazard_only_probability": 0.0033, "context_improved_prediction": 0, "context_hurt_prediction": 0, "terrain_model_probability": 0.003, "terrain_model_disagreement": 0, "high_confidence_error": 0, "context_effect": "Both models correct", "longitude": -118.08407982002545, "latitude": 52.881943484535384 }, "geometry": { "type": "Polygon", "coordinates": [ [ [ -118.084184, 52.881933 ], [ -118.084128, 52.882 ], [ -118.083976, 52.881954 ], [ -118.084031, 52.881887 ], [ -118.084184, 52.881933 ] ] ] } },
{ "type": "Feature", "properties": { "sequence_id": 76, "fold": 1, "actual_label": "Survived", "predicted_label": "Survived", "destroyed_probability": 0.0093, "destroyed_probability_pct": 0.9, "risk_class": "Very Low", "prediction_correct": 1, "classification": "TN", "error_label": "Correct survived", "decision_confidence": 0.5007, "hazard_only_probability": 0.0024, "context_improved_prediction": 0, "context_hurt_prediction": 0, "terrain_model_probability": 0.0035, "terrain_model_disagreement": 0, "high_confidence_error": 0, "context_effect": "Both models correct", "longitude": -118.08421033343832, "latitude": 52.881806506255387 }, "geometry": { "type": "Polygon", "coordinates": [ [ [ -118.084209, 52.88175 ], [ -118.084304, 52.88181 ], [ -118.084211, 52.881863 ], [ -118.084117, 52.881803 ], [ -118.084209, 52.88175 ] ] ] } },
{ "type": "Feature", "properties": { "sequence_id": 77, "fold": 1, "actual_label": "Survived", "predicted_label": "Survived", "destroyed_probability": 0.0048, "destroyed_probability_pct": 0.5, "risk_class": "Very Low", "prediction_correct": 1, "classification": "TN", "error_label": "Correct survived", "decision_confidence": 0.5052, "hazard_only_probability": 0.0019, "context_improved_prediction": 0, "context_hurt_prediction": 0, "terrain_model_probability": 0.0023, "terrain_model_disagreement": 0, "high_confidence_error": 0, "context_effect": "Both models correct", "longitude": -118.08429728378698, "latitude": 52.881679076301047 }, "geometry": { "type": "Polygon", "coordinates": [ [ [ -118.084293, 52.881645 ], [ -118.084317, 52.881619 ], [ -118.084419, 52.881652 ], [ -118.084369, 52.881708 ], [ -118.084415, 52.881723 ], [ -118.084384, 52.881756 ], [ -118.084152, 52.88168 ], [ -118.084208, 52.881617 ], [ -118.084293, 52.881645 ] ] ] } },
{ "type": "Feature", "properties": { "sequence_id": 78, "fold": 1, "actual_label": "Survived", "predicted_label": "Survived", "destroyed_probability": 0.005, "destroyed_probability_pct": 0.5, "risk_class": "Very Low", "prediction_correct": 1, "classification": "TN", "error_label": "Correct survived", "decision_confidence": 0.505, "hazard_only_probability": 0.0019, "context_improved_prediction": 0, "context_hurt_prediction": 0, "terrain_model_probability": 0.0024, "terrain_model_disagreement": 0, "high_confidence_error": 0, "context_effect": "Both models correct", "longitude": -118.08438183290188, "latitude": 52.881553499401207 }, "geometry": { "type": "Polygon", "coordinates": [ [ [ -118.084514, 52.881553 ], [ -118.084428, 52.881628 ], [ -118.08425, 52.881554 ], [ -118.084335, 52.881479 ], [ -118.084514, 52.881553 ] ] ] } },
{ "type": "Feature", "properties": { "sequence_id": 79, "fold": 1, "actual_label": "Survived", "predicted_label": "Survived", "destroyed_probability": 0.0044, "destroyed_probability_pct": 0.4, "risk_class": "Very Low", "prediction_correct": 1, "classification": "TN", "error_label": "Correct survived", "decision_confidence": 0.5056, "hazard_only_probability": 0.0012, "context_improved_prediction": 0, "context_hurt_prediction": 0, "terrain_model_probability": 0.0014, "terrain_model_disagreement": 0, "high_confidence_error": 0, "context_effect": "Both models correct", "longitude": -118.08460711925946, "latitude": 52.881427812458902 }, "geometry": { "type": "Polygon", "coordinates": [ [ [ -118.084661, 52.881494 ], [ -118.08449, 52.881448 ], [ -118.084553, 52.881362 ], [ -118.084724, 52.881407 ], [ -118.084661, 52.881494 ] ] ] } },
{ "type": "Feature", "properties": { "sequence_id": 80, "fold": 1, "actual_label": "Survived", "predicted_label": "Survived", "destroyed_probability": 0.0026, "destroyed_probability_pct": 0.3, "risk_class": "Very Low", "prediction_correct": 1, "classification": "TN", "error_label": "Correct survived", "decision_confidence": 0.5074, "hazard_only_probability": 0.0012, "context_improved_prediction": 0, "context_hurt_prediction": 0, "terrain_model_probability": 0.001, "terrain_model_disagreement": 0, "high_confidence_error": 0, "context_effect": "Both models correct", "longitude": -118.08471262663134, "latitude": 52.88128231749716 }, "geometry": { "type": "Polygon", "coordinates": [ [ [ -118.084553, 52.881302 ], [ -118.084639, 52.881195 ], [ -118.084872, 52.881262 ], [ -118.084786, 52.88137 ], [ -118.084553, 52.881302 ] ] ] } },
{ "type": "Feature", "properties": { "sequence_id": 81, "fold": 2, "actual_label": "Survived", "predicted_label": "Survived", "destroyed_probability": 0.0022, "destroyed_probability_pct": 0.2, "risk_class": "Very Low", "prediction_correct": 1, "classification": "TN", "error_label": "Correct survived", "decision_confidence": 0.3378, "hazard_only_probability": 0.0013, "context_improved_prediction": 0, "context_hurt_prediction": 0, "terrain_model_probability": 0.0013, "terrain_model_disagreement": 0, "high_confidence_error": 0, "context_effect": "Both models correct", "longitude": -118.08480549997358, "latitude": 52.881138500046106 }, "geometry": { "type": "Polygon", "coordinates": [ [ [ -118.084967, 52.881118 ], [ -118.084878, 52.881228 ], [ -118.084644, 52.881159 ], [ -118.084733, 52.881049 ], [ -118.084967, 52.881118 ] ] ] } },
{ "type": "Feature", "properties": { "sequence_id": 82, "fold": 2, "actual_label": "Survived", "predicted_label": "Survived", "destroyed_probability": 0.0007, "destroyed_probability_pct": 0.1, "risk_class": "Very Low", "prediction_correct": 1, "classification": "TN", "error_label": "Correct survived", "decision_confidence": 0.3393, "hazard_only_probability": 0.0024, "context_improved_prediction": 0, "context_hurt_prediction": 0, "terrain_model_probability": 0.0003, "terrain_model_disagreement": 0, "high_confidence_error": 0, "context_effect": "Both models correct", "longitude": -118.08638096294965, "latitude": 52.88030855642652 }, "geometry": { "type": "Polygon", "coordinates": [ [ [ -118.08661, 52.880143 ], [ -118.086613, 52.880223 ], [ -118.086539, 52.880224 ], [ -118.086548, 52.880482 ], [ -118.086206, 52.880486 ], [ -118.086194, 52.880148 ], [ -118.08661, 52.880143 ] ] ] } },
{ "type": "Feature", "properties": { "sequence_id": 83, "fold": 2, "actual_label": "Survived", "predicted_label": "Survived", "destroyed_probability": 0.0008, "destroyed_probability_pct": 0.1, "risk_class": "Very Low", "prediction_correct": 1, "classification": "TN", "error_label": "Correct survived", "decision_confidence": 0.3392, "hazard_only_probability": 0.0044, "context_improved_prediction": 0, "context_hurt_prediction": 0, "terrain_model_probability": 0.0006, "terrain_model_disagreement": 0, "high_confidence_error": 0, "context_effect": "Both models correct", "longitude": -118.08642291402478, "latitude": 52.87913761728651 }, "geometry": { "type": "Polygon", "coordinates": [ [ [ -118.086643, 52.879081 ], [ -118.086553, 52.87924 ], [ -118.086474, 52.879224 ], [ -118.086456, 52.879254 ], [ -118.086209, 52.879203 ], [ -118.086317, 52.879013 ], [ -118.086643, 52.879081 ] ] ] } },
{ "type": "Feature", "properties": { "sequence_id": 84, "fold": 2, "actual_label": "Survived", "predicted_label": "Survived", "destroyed_probability": 0.0034, "destroyed_probability_pct": 0.3, "risk_class": "Very Low", "prediction_correct": 1, "classification": "TN", "error_label": "Correct survived", "decision_confidence": 0.3366, "hazard_only_probability": 0.0305, "context_improved_prediction": 0, "context_hurt_prediction": 0, "terrain_model_probability": 0.0028, "terrain_model_disagreement": 0, "high_confidence_error": 0, "context_effect": "Both models correct", "longitude": -118.0852307678732, "latitude": 52.878215277713259 }, "geometry": { "type": "Polygon", "coordinates": [ [ [ -118.084699, 52.877896 ], [ -118.084917, 52.877918 ], [ -118.084933, 52.877858 ], [ -118.085, 52.877865 ], [ -118.084987, 52.87791 ], [ -118.085054, 52.877917 ], [ -118.085061, 52.877891 ], [ -118.085689, 52.877955 ], [ -118.085628, 52.878172 ], [ -118.0861, 52.87822 ], [ -118.086046, 52.878414 ], [ -118.085513, 52.878359 ], [ -118.085457, 52.878559 ], [ -118.085163, 52.878529 ], [ -118.085157, 52.87855 ], [ -118.084816, 52.878515 ], [ -118.084851, 52.87839 ], [ -118.084568, 52.878361 ], [ -118.084699, 52.877896 ] ] ] } },
{ "type": "Feature", "properties": { "sequence_id": 85, "fold": 1, "actual_label": "Survived", "predicted_label": "Survived", "destroyed_probability": 0.0105, "destroyed_probability_pct": 1.0, "risk_class": "Very Low", "prediction_correct": 1, "classification": "TN", "error_label": "Correct survived", "decision_confidence": 0.4995, "hazard_only_probability": 0.0086, "context_improved_prediction": 0, "context_hurt_prediction": 0, "terrain_model_probability": 0.0064, "terrain_model_disagreement": 0, "high_confidence_error": 0, "context_effect": "Both models correct", "longitude": -118.08967433389324, "latitude": 52.875775497828876 }, "geometry": { "type": "Polygon", "coordinates": [ [ [ -118.089691, 52.875707 ], [ -118.089789, 52.875774 ], [ -118.089657, 52.875844 ], [ -118.08956, 52.875777 ], [ -118.089691, 52.875707 ] ] ] } },
{ "type": "Feature", "properties": { "sequence_id": 86, "fold": 2, "actual_label": "Survived", "predicted_label": "Survived", "destroyed_probability": 0.0275, "destroyed_probability_pct": 2.8, "risk_class": "Very Low", "prediction_correct": 1, "classification": "TN", "error_label": "Correct survived", "decision_confidence": 0.3125, "hazard_only_probability": 0.0189, "context_improved_prediction": 0, "context_hurt_prediction": 0, "terrain_model_probability": 0.0411, "terrain_model_disagreement": 0, "high_confidence_error": 0, "context_effect": "Both models correct", "longitude": -118.09016866336934, "latitude": 52.875478032917812 }, "geometry": { "type": "Polygon", "coordinates": [ [ [ -118.090176, 52.875409 ], [ -118.090277, 52.875457 ], [ -118.090162, 52.875547 ], [ -118.09006, 52.875499 ], [ -118.090176, 52.875409 ] ] ] } },
{ "type": "Feature", "properties": { "sequence_id": 87, "fold": 2, "actual_label": "Survived", "predicted_label": "Survived", "destroyed_probability": 0.0034, "destroyed_probability_pct": 0.3, "risk_class": "Very Low", "prediction_correct": 1, "classification": "TN", "error_label": "Correct survived", "decision_confidence": 0.3366, "hazard_only_probability": 0.0127, "context_improved_prediction": 0, "context_hurt_prediction": 0, "terrain_model_probability": 0.0111, "terrain_model_disagreement": 0, "high_confidence_error": 0, "context_effect": "Both models correct", "longitude": -118.09099291377522, "latitude": 52.875527843608303 }, "geometry": { "type": "Polygon", "coordinates": [ [ [ -118.091033, 52.875446 ], [ -118.091132, 52.875511 ], [ -118.090953, 52.87561 ], [ -118.090854, 52.875544 ], [ -118.091033, 52.875446 ] ] ] } },
{ "type": "Feature", "properties": { "sequence_id": 88, "fold": 2, "actual_label": "Survived", "predicted_label": "Survived", "destroyed_probability": 0.0114, "destroyed_probability_pct": 1.1, "risk_class": "Very Low", "prediction_correct": 1, "classification": "TN", "error_label": "Correct survived", "decision_confidence": 0.3286, "hazard_only_probability": 0.0183, "context_improved_prediction": 0, "context_hurt_prediction": 0, "terrain_model_probability": 0.0232, "terrain_model_disagreement": 0, "high_confidence_error": 0, "context_effect": "Both models correct", "longitude": -118.09116649997944, "latitude": 52.875404000011045 }, "geometry": { "type": "Polygon", "coordinates": [ [ [ -118.091158, 52.875465 ], [ -118.091069, 52.875386 ], [ -118.091175, 52.875343 ], [ -118.091264, 52.875422 ], [ -118.091158, 52.875465 ] ] ] } },
{ "type": "Feature", "properties": { "sequence_id": 89, "fold": 2, "actual_label": "Survived", "predicted_label": "Destroyed", "destroyed_probability": 0.3998, "destroyed_probability_pct": 40.0, "risk_class": "Low", "prediction_correct": 0, "classification": "FP", "error_label": "False alarm", "decision_confidence": 0.0598, "hazard_only_probability": 0.123, "context_improved_prediction": 0, "context_hurt_prediction": 1, "terrain_model_probability": 0.3766, "terrain_model_disagreement": 1, "high_confidence_error": 0, "context_effect": "Context introduced error", "longitude": -118.09199242801913, "latitude": 52.874529810596556 }, "geometry": { "type": "Polygon", "coordinates": [ [ [ -118.092089, 52.87456 ], [ -118.091961, 52.874593 ], [ -118.091896, 52.874499 ], [ -118.092024, 52.874467 ], [ -118.092089, 52.87456 ] ] ] } },
{ "type": "Feature", "properties": { "sequence_id": 90, "fold": 2, "actual_label": "Survived", "predicted_label": "Survived", "destroyed_probability": 0.0109, "destroyed_probability_pct": 1.1, "risk_class": "Very Low", "prediction_correct": 1, "classification": "TN", "error_label": "Correct survived", "decision_confidence": 0.3291, "hazard_only_probability": 0.032, "context_improved_prediction": 0, "context_hurt_prediction": 0, "terrain_model_probability": 0.0124, "terrain_model_disagreement": 0, "high_confidence_error": 0, "context_effect": "Both models correct", "longitude": -118.09135844847539, "latitude": 52.875310842319486 }, "geometry": { "type": "Polygon", "coordinates": [ [ [ -118.091488, 52.875288 ], [ -118.091335, 52.875391 ], [ -118.091229, 52.875333 ], [ -118.091382, 52.875231 ], [ -118.091488, 52.875288 ] ] ] } },
{ "type": "Feature", "properties": { "sequence_id": 91, "fold": 2, "actual_label": "Survived", "predicted_label": "Destroyed", "destroyed_probability": 0.3807, "destroyed_probability_pct": 38.1, "risk_class": "Low", "prediction_correct": 0, "classification": "FP", "error_label": "False alarm", "decision_confidence": 0.0407, "hazard_only_probability": 0.1382, "context_improved_prediction": 0, "context_hurt_prediction": 1, "terrain_model_probability": 0.3352, "terrain_model_disagreement": 1, "high_confidence_error": 0, "context_effect": "Context introduced error", "longitude": -118.09222147333922, "latitude": 52.874450822725109 }, "geometry": { "type": "Polygon", "coordinates": [ [ [ -118.092237, 52.87436 ], [ -118.092348, 52.874501 ], [ -118.092206, 52.874542 ], [ -118.092095, 52.8744 ], [ -118.092237, 52.87436 ] ] ] } },
{ "type": "Feature", "properties": { "sequence_id": 92, "fold": 2, "actual_label": "Survived", "predicted_label": "Survived", "destroyed_probability": 0.1201, "destroyed_probability_pct": 12.0, "risk_class": "Very Low", "prediction_correct": 1, "classification": "TN", "error_label": "Correct survived", "decision_confidence": 0.2199, "hazard_only_probability": 0.0698, "context_improved_prediction": 0, "context_hurt_prediction": 0, "terrain_model_probability": 0.1663, "terrain_model_disagreement": 0, "high_confidence_error": 0, "context_effect": "Both models correct", "longitude": -118.09153332330538, "latitude": 52.875200010094993 }, "geometry": { "type": "Polygon", "coordinates": [ [ [ -118.091468, 52.875265 ], [ -118.091409, 52.875192 ], [ -118.091598, 52.875135 ], [ -118.091658, 52.875208 ], [ -118.091468, 52.875265 ] ] ] } },
{ "type": "Feature", "properties": { "sequence_id": 93, "fold": 2, "actual_label": "Survived", "predicted_label": "Destroyed", "destroyed_probability": 0.346, "destroyed_probability_pct": 34.6, "risk_class": "Low", "prediction_correct": 0, "classification": "FP", "error_label": "False alarm", "decision_confidence": 0.006, "hazard_only_probability": 0.114, "context_improved_prediction": 0, "context_hurt_prediction": 1, "terrain_model_probability": 0.4233, "terrain_model_disagreement": 1, "high_confidence_error": 0, "context_effect": "Context introduced error", "longitude": -118.09241299991172, "latitude": 52.874401000004973 }, "geometry": { "type": "Polygon", "coordinates": [ [ [ -118.092532, 52.874447 ], [ -118.092417, 52.874486 ], [ -118.092294, 52.874355 ], [ -118.092409, 52.874316 ], [ -118.092532, 52.874447 ] ] ] } },
{ "type": "Feature", "properties": { "sequence_id": 94, "fold": 2, "actual_label": "Survived", "predicted_label": "Destroyed", "destroyed_probability": 0.364, "destroyed_probability_pct": 36.4, "risk_class": "Low", "prediction_correct": 0, "classification": "FP", "error_label": "False alarm", "decision_confidence": 0.024, "hazard_only_probability": 0.1285, "context_improved_prediction": 0, "context_hurt_prediction": 1, "terrain_model_probability": 0.4871, "terrain_model_disagreement": 1, "high_confidence_error": 0, "context_effect": "Context introduced error", "longitude": -118.09172932972793, "latitude": 52.875123016520035 }, "geometry": { "type": "Polygon", "coordinates": [ [ [ -118.091858, 52.875136 ], [ -118.091712, 52.875201 ], [ -118.091601, 52.87511 ], [ -118.091746, 52.875045 ], [ -118.091858, 52.875136 ] ] ] } },
{ "type": "Feature", "properties": { "sequence_id": 95, "fold": 2, "actual_label": "Survived", "predicted_label": "Destroyed", "destroyed_probability": 0.346, "destroyed_probability_pct": 34.6, "risk_class": "Low", "prediction_correct": 0, "classification": "FP", "error_label": "False alarm", "decision_confidence": 0.006, "hazard_only_probability": 0.1215, "context_improved_prediction": 0, "context_hurt_prediction": 1, "terrain_model_probability": 0.3931, "terrain_model_disagreement": 1, "high_confidence_error": 0, "context_effect": "Context introduced error", "longitude": -118.0925684999211, "latitude": 52.874327000006815 }, "geometry": { "type": "Polygon", "coordinates": [ [ [ -118.092565, 52.874413 ], [ -118.092446, 52.874283 ], [ -118.092572, 52.874241 ], [ -118.092691, 52.874371 ], [ -118.092565, 52.874413 ] ] ] } },
{ "type": "Feature", "properties": { "sequence_id": 96, "fold": 2, "actual_label": "Survived", "predicted_label": "Survived", "destroyed_probability": 0.1741, "destroyed_probability_pct": 17.4, "risk_class": "Very Low", "prediction_correct": 1, "classification": "TN", "error_label": "Correct survived", "decision_confidence": 0.1659, "hazard_only_probability": 0.1391, "context_improved_prediction": 0, "context_hurt_prediction": 0, "terrain_model_probability": 0.2034, "terrain_model_disagreement": 0, "high_confidence_error": 0, "context_effect": "Both models correct", "longitude": -118.09193410187902, "latitude": 52.875044364898606 }, "geometry": { "type": "Polygon", "coordinates": [ [ [ -118.091777, 52.875021 ], [ -118.091874, 52.874963 ], [ -118.091964, 52.875018 ], [ -118.092013, 52.874989 ], [ -118.092085, 52.875033 ], [ -118.092024, 52.87507 ], [ -118.092047, 52.875083 ], [ -118.091962, 52.875134 ], [ -118.091777, 52.875021 ] ] ] } },
{ "type": "Feature", "properties": { "sequence_id": 97, "fold": 2, "actual_label": "Survived", "predicted_label": "Survived", "destroyed_probability": 0.2245, "destroyed_probability_pct": 22.5, "risk_class": "Low", "prediction_correct": 1, "classification": "TN", "error_label": "Correct survived", "decision_confidence": 0.1155, "hazard_only_probability": 0.164, "context_improved_prediction": 0, "context_hurt_prediction": 0, "terrain_model_probability": 0.3207, "terrain_model_disagreement": 0, "high_confidence_error": 0, "context_effect": "Both models correct", "longitude": -118.09216932989352, "latitude": 52.874946294524698 }, "geometry": { "type": "Polygon", "coordinates": [ [ [ -118.092073, 52.875019 ], [ -118.092025, 52.874913 ], [ -118.092266, 52.874874 ], [ -118.092314, 52.874979 ], [ -118.092073, 52.875019 ] ] ] } },
{ "type": "Feature", "properties": { "sequence_id": 98, "fold": 2, "actual_label": "Survived", "predicted_label": "Survived", "destroyed_probability": 0.1619, "destroyed_probability_pct": 16.2, "risk_class": "Very Low", "prediction_correct": 1, "classification": "TN", "error_label": "Correct survived", "decision_confidence": 0.1781, "hazard_only_probability": 0.1409, "context_improved_prediction": 0, "context_hurt_prediction": 0, "terrain_model_probability": 0.2835, "terrain_model_disagreement": 0, "high_confidence_error": 0, "context_effect": "Both models correct", "longitude": -118.09242399995254, "latitude": 52.874896 }, "geometry": { "type": "Polygon", "coordinates": [ [ [ -118.092311, 52.874846 ], [ -118.09246, 52.874814 ], [ -118.092537, 52.874946 ], [ -118.092388, 52.874978 ], [ -118.092311, 52.874846 ] ] ] } },
{ "type": "Feature", "properties": { "sequence_id": 99, "fold": 2, "actual_label": "Survived", "predicted_label": "Survived", "destroyed_probability": 0.0671, "destroyed_probability_pct": 6.7, "risk_class": "Very Low", "prediction_correct": 1, "classification": "TN", "error_label": "Correct survived", "decision_confidence": 0.2729, "hazard_only_probability": 0.0849, "context_improved_prediction": 0, "context_hurt_prediction": 0, "terrain_model_probability": 0.1416, "terrain_model_disagreement": 0, "high_confidence_error": 0, "context_effect": "Both models correct", "longitude": -118.09275633300869, "latitude": 52.874845500576669 }, "geometry": { "type": "Polygon", "coordinates": [ [ [ -118.092693, 52.874932 ], [ -118.0926, 52.874845 ], [ -118.092819, 52.874759 ], [ -118.092913, 52.874846 ], [ -118.092693, 52.874932 ] ] ] } },
{ "type": "Feature", "properties": { "sequence_id": 100, "fold": 2, "actual_label": "Survived", "predicted_label": "Survived", "destroyed_probability": 0.3273, "destroyed_probability_pct": 32.7, "risk_class": "Low", "prediction_correct": 1, "classification": "TN", "error_label": "Correct survived", "decision_confidence": 0.0127, "hazard_only_probability": 0.086, "context_improved_prediction": 0, "context_hurt_prediction": 0, "terrain_model_probability": 0.5377, "terrain_model_disagreement": 0, "high_confidence_error": 0, "context_effect": "Both models correct", "longitude": -118.09294200001584, "latitude": 52.874675 }, "geometry": { "type": "Polygon", "coordinates": [ [ [ -118.092956, 52.874719 ], [ -118.092882, 52.874701 ], [ -118.092928, 52.874631 ], [ -118.093002, 52.874649 ], [ -118.092956, 52.874719 ] ] ] } },
{ "type": "Feature", "properties": { "sequence_id": 101, "fold": 2, "actual_label": "Survived", "predicted_label": "Survived", "destroyed_probability": 0.2014, "destroyed_probability_pct": 20.1, "risk_class": "Low", "prediction_correct": 1, "classification": "TN", "error_label": "Correct survived", "decision_confidence": 0.1386, "hazard_only_probability": 0.0177, "context_improved_prediction": 0, "context_hurt_prediction": 0, "terrain_model_probability": 0.3704, "terrain_model_disagreement": 0, "high_confidence_error": 0, "context_effect": "Both models correct", "longitude": -118.09329249999767, "latitude": 52.873880500009371 }, "geometry": { "type": "Polygon", "coordinates": [ [ [ -118.093377, 52.873916 ], [ -118.093231, 52.873931 ], [ -118.093208, 52.873845 ], [ -118.093354, 52.87383 ], [ -118.093377, 52.873916 ] ] ] } },
{ "type": "Feature", "properties": { "sequence_id": 102, "fold": 2, "actual_label": "Survived", "predicted_label": "Survived", "destroyed_probability": 0.1471, "destroyed_probability_pct": 14.7, "risk_class": "Very Low", "prediction_correct": 1, "classification": "TN", "error_label": "Correct survived", "decision_confidence": 0.1929, "hazard_only_probability": 0.0195, "context_improved_prediction": 0, "context_hurt_prediction": 0, "terrain_model_probability": 0.2985, "terrain_model_disagreement": 0, "high_confidence_error": 0, "context_effect": "Both models correct", "longitude": -118.09341640042265, "latitude": 52.87376420353803 }, "geometry": { "type": "Polygon", "coordinates": [ [ [ -118.093507, 52.873731 ], [ -118.093461, 52.873822 ], [ -118.093326, 52.873798 ], [ -118.093372, 52.873706 ], [ -118.093507, 52.873731 ] ] ] } },
{ "type": "Feature", "properties": { "sequence_id": 103, "fold": 2, "actual_label": "Destroyed", "predicted_label": "Destroyed", "destroyed_probability": 0.5021, "destroyed_probability_pct": 50.2, "risk_class": "Moderate", "prediction_correct": 1, "classification": "TP", "error_label": "Correct destroyed", "decision_confidence": 0.1621, "hazard_only_probability": 0.0541, "context_improved_prediction": 1, "context_hurt_prediction": 0, "terrain_model_probability": 0.6005, "terrain_model_disagreement": 1, "high_confidence_error": 0, "context_effect": "Context fixed hazard-only error", "longitude": -118.09347450000033, "latitude": 52.873639500011571 }, "geometry": { "type": "Polygon", "coordinates": [ [ [ -118.093556, 52.873686 ], [ -118.093393, 52.873686 ], [ -118.093393, 52.873593 ], [ -118.093556, 52.873593 ], [ -118.093556, 52.873686 ] ] ] } },
{ "type": "Feature", "properties": { "sequence_id": 104, "fold": 1, "actual_label": "Destroyed", "predicted_label": "Destroyed", "destroyed_probability": 0.9917, "destroyed_probability_pct": 99.2, "risk_class": "Very High", "prediction_correct": 1, "classification": "TP", "error_label": "Correct destroyed", "decision_confidence": 0.4817, "hazard_only_probability": 0.9903, "context_improved_prediction": 0, "context_hurt_prediction": 0, "terrain_model_probability": 0.975, "terrain_model_disagreement": 0, "high_confidence_error": 0, "context_effect": "Both models correct", "longitude": -118.09869250002737, "latitude": 52.869626500041505 }, "geometry": { "type": "Polygon", "coordinates": [ [ [ -118.098602, 52.86969 ], [ -118.098559, 52.869604 ], [ -118.098783, 52.869563 ], [ -118.098826, 52.869649 ], [ -118.098602, 52.86969 ] ] ] } },
{ "type": "Feature", "properties": { "sequence_id": 105, "fold": 1, "actual_label": "Destroyed", "predicted_label": "Destroyed", "destroyed_probability": 0.9936, "destroyed_probability_pct": 99.4, "risk_class": "Very High", "prediction_correct": 1, "classification": "TP", "error_label": "Correct destroyed", "decision_confidence": 0.4836, "hazard_only_probability": 0.9903, "context_improved_prediction": 0, "context_hurt_prediction": 0, "terrain_model_probability": 0.9832, "terrain_model_disagreement": 0, "high_confidence_error": 0, "context_effect": "Both models correct", "longitude": -118.09864850000692, "latitude": 52.869757500024534 }, "geometry": { "type": "Polygon", "coordinates": [ [ [ -118.098535, 52.869727 ], [ -118.098724, 52.869698 ], [ -118.098762, 52.869788 ], [ -118.098573, 52.869817 ], [ -118.098535, 52.869727 ] ] ] } },
{ "type": "Feature", "properties": { "sequence_id": 106, "fold": 1, "actual_label": "Destroyed", "predicted_label": "Destroyed", "destroyed_probability": 0.9934, "destroyed_probability_pct": 99.3, "risk_class": "Very High", "prediction_correct": 1, "classification": "TP", "error_label": "Correct destroyed", "decision_confidence": 0.4834, "hazard_only_probability": 0.995, "context_improved_prediction": 0, "context_hurt_prediction": 0, "terrain_model_probability": 0.9902, "terrain_model_disagreement": 0, "high_confidence_error": 0, "context_effect": "Both models correct", "longitude": -118.09872376120302, "latitude": 52.869919068604496 }, "geometry": { "type": "Polygon", "coordinates": [ [ [ -118.098728, 52.870012 ], [ -118.098557, 52.869896 ], [ -118.098681, 52.86983 ], [ -118.098779, 52.869896 ], [ -118.098826, 52.86987 ], [ -118.0989, 52.86992 ], [ -118.098728, 52.870012 ] ] ] } },
{ "type": "Feature", "properties": { "sequence_id": 107, "fold": 1, "actual_label": "Destroyed", "predicted_label": "Destroyed", "destroyed_probability": 0.9951, "destroyed_probability_pct": 99.5, "risk_class": "Very High", "prediction_correct": 1, "classification": "TP", "error_label": "Correct destroyed", "decision_confidence": 0.4851, "hazard_only_probability": 0.9965, "context_improved_prediction": 0, "context_hurt_prediction": 0, "terrain_model_probability": 0.9984, "terrain_model_disagreement": 0, "high_confidence_error": 0, "context_effect": "Both models correct", "longitude": -118.09901732264764, "latitude": 52.870016023215641 }, "geometry": { "type": "Polygon", "coordinates": [ [ [ -118.099132, 52.869956 ], [ -118.099098, 52.870074 ], [ -118.098869, 52.87005 ], [ -118.098886, 52.869992 ], [ -118.099009, 52.870005 ], [ -118.099026, 52.869945 ], [ -118.099132, 52.869956 ] ] ] } },
{ "type": "Feature", "properties": { "sequence_id": 108, "fold": 1, "actual_label": "Destroyed", "predicted_label": "Destroyed", "destroyed_probability": 0.9928, "destroyed_probability_pct": 99.3, "risk_class": "Very High", "prediction_correct": 1, "classification": "TP", "error_label": "Correct destroyed", "decision_confidence": 0.4828, "hazard_only_probability": 0.9948, "context_improved_prediction": 0, "context_hurt_prediction": 0, "terrain_model_probability": 0.9976, "terrain_model_disagreement": 0, "high_confidence_error": 0, "context_effect": "Both models correct", "longitude": -118.09932967894214, "latitude": 52.86997648770452 }, "geometry": { "type": "Polygon", "coordinates": [ [ [ -118.099262, 52.870045 ], [ -118.099198, 52.869966 ], [ -118.099398, 52.869908 ], [ -118.099461, 52.869987 ], [ -118.099262, 52.870045 ] ] ] } },
{ "type": "Feature", "properties": { "sequence_id": 109, "fold": 2, "actual_label": "Destroyed", "predicted_label": "Destroyed", "destroyed_probability": 0.8239, "destroyed_probability_pct": 82.4, "risk_class": "Very High", "prediction_correct": 1, "classification": "TP", "error_label": "Correct destroyed", "decision_confidence": 0.4839, "hazard_only_probability": 0.8329, "context_improved_prediction": 0, "context_hurt_prediction": 0, "terrain_model_probability": 0.9078, "terrain_model_disagreement": 0, "high_confidence_error": 0, "context_effect": "Both models correct", "longitude": -118.099528116866, "latitude": 52.869816776403027 }, "geometry": { "type": "Polygon", "coordinates": [ [ [ -118.09941, 52.869874 ], [ -118.099446, 52.86974 ], [ -118.099646, 52.869759 ], [ -118.09961, 52.869894 ], [ -118.09941, 52.869874 ] ] ] } },
{ "type": "Feature", "properties": { "sequence_id": 110, "fold": 2, "actual_label": "Destroyed", "predicted_label": "Destroyed", "destroyed_probability": 0.876, "destroyed_probability_pct": 87.6, "risk_class": "Very High", "prediction_correct": 1, "classification": "TP", "error_label": "Correct destroyed", "decision_confidence": 0.536, "hazard_only_probability": 0.8727, "context_improved_prediction": 0, "context_hurt_prediction": 0, "terrain_model_probability": 0.9531, "terrain_model_disagreement": 0, "high_confidence_error": 0, "context_effect": "Both models correct", "longitude": -118.09954440338682, "latitude": 52.86964446502472 }, "geometry": { "type": "Polygon", "coordinates": [ [ [ -118.099519, 52.869617 ], [ -118.099518, 52.869568 ], [ -118.099647, 52.869568 ], [ -118.099648, 52.869704 ], [ -118.099418, 52.869705 ], [ -118.099417, 52.869617 ], [ -118.099519, 52.869617 ] ] ] } },
{ "type": "Feature", "properties": { "sequence_id": 111, "fold": 2, "actual_label": "Destroyed", "predicted_label": "Destroyed", "destroyed_probability": 0.896, "destroyed_probability_pct": 89.6, "risk_class": "Very High", "prediction_correct": 1, "classification": "TP", "error_label": "Correct destroyed", "decision_confidence": 0.556, "hazard_only_probability": 0.9145, "context_improved_prediction": 0, "context_hurt_prediction": 0, "terrain_model_probability": 0.8852, "terrain_model_disagreement": 0, "high_confidence_error": 0, "context_effect": "Both models correct", "longitude": -118.09940423344527, "latitude": 52.869516704794762 }, "geometry": { "type": "Polygon", "coordinates": [ [ [ -118.099296, 52.869576 ], [ -118.099263, 52.869494 ], [ -118.099512, 52.869457 ], [ -118.099545, 52.86954 ], [ -118.099296, 52.869576 ] ] ] } },
{ "type": "Feature", "properties": { "sequence_id": 112, "fold": 1, "actual_label": "Destroyed", "predicted_label": "Destroyed", "destroyed_probability": 0.9953, "destroyed_probability_pct": 99.5, "risk_class": "Very High", "prediction_correct": 1, "classification": "TP", "error_label": "Correct destroyed", "decision_confidence": 0.4853, "hazard_only_probability": 0.9951, "context_improved_prediction": 0, "context_hurt_prediction": 0, "terrain_model_probability": 0.9759, "terrain_model_disagreement": 0, "high_confidence_error": 0, "context_effect": "Both models correct", "longitude": -118.0986264745181, "latitude": 52.869237452926967 }, "geometry": { "type": "Polygon", "coordinates": [ [ [ -118.098788, 52.869359 ], [ -118.098571, 52.869389 ], [ -118.098518, 52.86925 ], [ -118.098588, 52.869241 ], [ -118.098577, 52.869211 ], [ -118.098516, 52.86922 ], [ -118.098504, 52.869187 ], [ -118.098464, 52.869193 ], [ -118.098439, 52.869125 ], [ -118.098687, 52.869091 ], [ -118.098752, 52.869263 ], [ -118.098788, 52.869359 ] ] ] } },
{ "type": "Feature", "properties": { "sequence_id": 113, "fold": 1, "actual_label": "Destroyed", "predicted_label": "Destroyed", "destroyed_probability": 0.9948, "destroyed_probability_pct": 99.5, "risk_class": "Very High", "prediction_correct": 1, "classification": "TP", "error_label": "Correct destroyed", "decision_confidence": 0.4848, "hazard_only_probability": 0.9949, "context_improved_prediction": 0, "context_hurt_prediction": 0, "terrain_model_probability": 0.9785, "terrain_model_disagreement": 0, "high_confidence_error": 0, "context_effect": "Both models correct", "longitude": -118.09840008626287, "latitude": 52.868919048496977 }, "geometry": { "type": "Polygon", "coordinates": [ [ [ -118.098483, 52.869115 ], [ -118.098414, 52.869128 ], [ -118.098393, 52.869091 ], [ -118.098475, 52.869058 ], [ -118.098485, 52.869037 ], [ -118.098464, 52.869018 ], [ -118.098402, 52.86903 ], [ -118.098372, 52.869002 ], [ -118.098331, 52.868995 ], [ -118.098302, 52.868942 ], [ -118.098308, 52.86893 ], [ -118.098238, 52.868918 ], [ -118.09822, 52.868885 ], [ -118.098293, 52.868856 ], [ -118.098171, 52.868835 ], [ -118.098152, 52.8688 ], [ -118.098159, 52.868785 ], [ -118.098398, 52.868738 ], [ -118.098434, 52.868805 ], [ -118.098396, 52.868813 ], [ -118.098447, 52.86882 ], [ -118.098475, 52.868845 ], [ -118.098505, 52.8689 ], [ -118.098459, 52.868919 ], [ -118.098414, 52.868927 ], [ -118.098406, 52.868945 ], [ -118.098432, 52.86895 ], [ -118.098558, 52.868925 ], [ -118.098629, 52.869056 ], [ -118.098483, 52.869115 ] ] ] } },
{ "type": "Feature", "properties": { "sequence_id": 114, "fold": 3, "actual_label": "Destroyed", "predicted_label": "Destroyed", "destroyed_probability": 0.9869, "destroyed_probability_pct": 98.7, "risk_class": "Very High", "prediction_correct": 1, "classification": "TP", "error_label": "Correct destroyed", "decision_confidence": 0.8019, "hazard_only_probability": 0.8876, "context_improved_prediction": 0, "context_hurt_prediction": 0, "terrain_model_probability": 0.9861, "terrain_model_disagreement": 0, "high_confidence_error": 0, "context_effect": "Both models correct", "longitude": -118.09827245597897, "latitude": 52.868688667820557 }, "geometry": { "type": "Polygon", "coordinates": [ [ [ -118.098373, 52.86863 ], [ -118.098409, 52.868713 ], [ -118.098209, 52.868745 ], [ -118.098198, 52.868721 ], [ -118.098151, 52.868728 ], [ -118.098125, 52.86867 ], [ -118.098373, 52.86863 ] ] ] } },
{ "type": "Feature", "properties": { "sequence_id": 115, "fold": 3, "actual_label": "Destroyed", "predicted_label": "Destroyed", "destroyed_probability": 0.9901, "destroyed_probability_pct": 99.0, "risk_class": "Very High", "prediction_correct": 1, "classification": "TP", "error_label": "Correct destroyed", "decision_confidence": 0.8051, "hazard_only_probability": 0.9294, "context_improved_prediction": 0, "context_hurt_prediction": 0, "terrain_model_probability": 0.9885, "terrain_model_disagreement": 0, "high_confidence_error": 0, "context_effect": "Both models correct", "longitude": -118.09824505193104, "latitude": 52.868568168084551 }, "geometry": { "type": "Polygon", "coordinates": [ [ [ -118.098311, 52.868492 ], [ -118.098357, 52.868598 ], [ -118.098136, 52.868633 ], [ -118.098114, 52.868582 ], [ -118.098192, 52.86857 ], [ -118.09818, 52.868542 ], [ -118.098221, 52.868535 ], [ -118.098209, 52.868508 ], [ -118.098311, 52.868492 ] ] ] } },
{ "type": "Feature", "properties": { "sequence_id": 116, "fold": 1, "actual_label": "Destroyed", "predicted_label": "Destroyed", "destroyed_probability": 0.9852, "destroyed_probability_pct": 98.5, "risk_class": "Very High", "prediction_correct": 1, "classification": "TP", "error_label": "Correct destroyed", "decision_confidence": 0.4752, "hazard_only_probability": 0.9945, "context_improved_prediction": 0, "context_hurt_prediction": 0, "terrain_model_probability": 0.9874, "terrain_model_disagreement": 0, "high_confidence_error": 0, "context_effect": "Both models correct", "longitude": -118.10007038898185, "latitude": 52.868391972788451 }, "geometry": { "type": "Polygon", "coordinates": [ [ [ -118.100182, 52.86845 ], [ -118.100189, 52.868485 ], [ -118.100117, 52.868491 ], [ -118.100081, 52.868482 ], [ -118.100028, 52.868496 ], [ -118.099993, 52.868498 ], [ -118.099962, 52.868454 ], [ -118.099955, 52.868414 ], [ -118.099991, 52.868405 ], [ -118.100032, 52.868402 ], [ -118.100047, 52.868424 ], [ -118.100081, 52.868415 ], [ -118.100077, 52.868398 ], [ -118.100001, 52.868288 ], [ -118.099994, 52.868253 ], [ -118.100088, 52.868246 ], [ -118.100105, 52.868271 ], [ -118.100125, 52.868367 ], [ -118.100182, 52.86845 ] ] ] } },
{ "type": "Feature", "properties": { "sequence_id": 117, "fold": 3, "actual_label": "Destroyed", "predicted_label": "Destroyed", "destroyed_probability": 0.9064, "destroyed_probability_pct": 90.6, "risk_class": "Very High", "prediction_correct": 1, "classification": "TP", "error_label": "Correct destroyed", "decision_confidence": 0.7214, "hazard_only_probability": 0.8871, "context_improved_prediction": 0, "context_hurt_prediction": 0, "terrain_model_probability": 0.9392, "terrain_model_disagreement": 0, "high_confidence_error": 0, "context_effect": "Both models correct", "longitude": -118.09743273433968, "latitude": 52.868467100664155 }, "geometry": { "type": "Polygon", "coordinates": [ [ [ -118.097594, 52.868326 ], [ -118.097736, 52.868349 ], [ -118.097741, 52.868363 ], [ -118.097716, 52.86842 ], [ -118.097619, 52.868433 ], [ -118.097583, 52.868514 ], [ -118.097535, 52.86857 ], [ -118.097546, 52.868599 ], [ -118.097609, 52.868609 ], [ -118.097594, 52.868643 ], [ -118.097526, 52.868652 ], [ -118.097405, 52.868633 ], [ -118.097387, 52.868584 ], [ -118.097219, 52.868557 ], [ -118.097198, 52.868503 ], [ -118.097137, 52.868493 ], [ -118.097186, 52.868381 ], [ -118.097594, 52.868326 ] ] ] } },
{ "type": "Feature", "properties": { "sequence_id": 118, "fold": 1, "actual_label": "Destroyed", "predicted_label": "Destroyed", "destroyed_probability": 0.9902, "destroyed_probability_pct": 99.0, "risk_class": "Very High", "prediction_correct": 1, "classification": "TP", "error_label": "Correct destroyed", "decision_confidence": 0.4802, "hazard_only_probability": 0.9945, "context_improved_prediction": 0, "context_hurt_prediction": 0, "terrain_model_probability": 0.9902, "terrain_model_disagreement": 0, "high_confidence_error": 0, "context_effect": "Both models correct", "longitude": -118.10023858036178, "latitude": 52.868387730319597 }, "geometry": { "type": "Polygon", "coordinates": [ [ [ -118.100274, 52.868342 ], [ -118.100289, 52.868428 ], [ -118.100203, 52.868433 ], [ -118.100188, 52.868348 ], [ -118.100274, 52.868342 ] ] ] } },
{ "type": "Feature", "properties": { "sequence_id": 119, "fold": 1, "actual_label": "Destroyed", "predicted_label": "Destroyed", "destroyed_probability": 0.9888, "destroyed_probability_pct": 98.9, "risk_class": "Very High", "prediction_correct": 1, "classification": "TP", "error_label": "Correct destroyed", "decision_confidence": 0.4788, "hazard_only_probability": 0.9945, "context_improved_prediction": 0, "context_hurt_prediction": 0, "terrain_model_probability": 0.9876, "terrain_model_disagreement": 0, "high_confidence_error": 0, "context_effect": "Both models correct", "longitude": -118.10037650491536, "latitude": 52.868318944790097 }, "geometry": { "type": "Polygon", "coordinates": [ [ [ -118.100451, 52.86843 ], [ -118.100435, 52.868372 ], [ -118.100304, 52.868385 ], [ -118.100252, 52.868198 ], [ -118.100343, 52.868189 ], [ -118.100386, 52.868343 ], [ -118.100514, 52.86833 ], [ -118.10054, 52.868421 ], [ -118.100451, 52.86843 ] ] ] } },
{ "type": "Feature", "properties": { "sequence_id": 120, "fold": 1, "actual_label": "Destroyed", "predicted_label": "Destroyed", "destroyed_probability": 0.8675, "destroyed_probability_pct": 86.8, "risk_class": "Very High", "prediction_correct": 1, "classification": "TP", "error_label": "Correct destroyed", "decision_confidence": 0.3575, "hazard_only_probability": 0.9703, "context_improved_prediction": 0, "context_hurt_prediction": 0, "terrain_model_probability": 0.9211, "terrain_model_disagreement": 0, "high_confidence_error": 0, "context_effect": "Both models correct", "longitude": -118.10061687729915, "latitude": 52.868284030034317 }, "geometry": { "type": "Polygon", "coordinates": [ [ [ -118.10064, 52.868308 ], [ -118.100751, 52.868294 ], [ -118.10078, 52.868378 ], [ -118.10069, 52.86839 ], [ -118.100674, 52.868342 ], [ -118.100555, 52.868357 ], [ -118.100491, 52.868171 ], [ -118.100588, 52.868159 ], [ -118.10064, 52.868308 ] ] ] } },
{ "type": "Feature", "properties": { "sequence_id": 121, "fold": 1, "actual_label": "Destroyed", "predicted_label": "Destroyed", "destroyed_probability": 0.9607, "destroyed_probability_pct": 96.1, "risk_class": "Very High", "prediction_correct": 1, "classification": "TP", "error_label": "Correct destroyed", "decision_confidence": 0.4507, "hazard_only_probability": 0.969, "context_improved_prediction": 0, "context_hurt_prediction": 0, "terrain_model_probability": 0.9632, "terrain_model_disagreement": 0, "high_confidence_error": 0, "context_effect": "Both models correct", "longitude": -118.10083849999967, "latitude": 52.868315999983515 }, "geometry": { "type": "Polygon", "coordinates": [ [ [ -118.10079, 52.868257 ], [ -118.100887, 52.868257 ], [ -118.100887, 52.868375 ], [ -118.10079, 52.868375 ], [ -118.10079, 52.868257 ] ] ] } },
{ "type": "Feature", "properties": { "sequence_id": 122, "fold": 1, "actual_label": "Destroyed", "predicted_label": "Destroyed", "destroyed_probability": 0.7913, "destroyed_probability_pct": 79.1, "risk_class": "High", "prediction_correct": 1, "classification": "TP", "error_label": "Correct destroyed", "decision_confidence": 0.2813, "hazard_only_probability": 0.9614, "context_improved_prediction": 0, "context_hurt_prediction": 0, "terrain_model_probability": 0.8446, "terrain_model_disagreement": 1, "high_confidence_error": 0, "context_effect": "Both models correct", "longitude": -118.10103522529933, "latitude": 52.868294066734812 }, "geometry": { "type": "Polygon", "coordinates": [ [ [ -118.101104, 52.868372 ], [ -118.100933, 52.868357 ], [ -118.100967, 52.868216 ], [ -118.101137, 52.868231 ], [ -118.101104, 52.868372 ] ] ] } },
{ "type": "Feature", "properties": { "sequence_id": 123, "fold": 1, "actual_label": "Destroyed", "predicted_label": "Destroyed", "destroyed_probability": 0.8982, "destroyed_probability_pct": 89.8, "risk_class": "Very High", "prediction_correct": 1, "classification": "TP", "error_label": "Correct destroyed", "decision_confidence": 0.3882, "hazard_only_probability": 0.9605, "context_improved_prediction": 0, "context_hurt_prediction": 0, "terrain_model_probability": 0.8851, "terrain_model_disagreement": 1, "high_confidence_error": 0, "context_effect": "Both models correct", "longitude": -118.10120450005165, "latitude": 52.868371000005212 }, "geometry": { "type": "Polygon", "coordinates": [ [ [ -118.101222, 52.868449 ], [ -118.101092, 52.868411 ], [ -118.101187, 52.868293 ], [ -118.101317, 52.868331 ], [ -118.101222, 52.868449 ] ] ] } },
{ "type": "Feature", "properties": { "sequence_id": 124, "fold": 1, "actual_label": "Destroyed", "predicted_label": "Destroyed", "destroyed_probability": 0.8874, "destroyed_probability_pct": 88.7, "risk_class": "Very High", "prediction_correct": 1, "classification": "TP", "error_label": "Correct destroyed", "decision_confidence": 0.3774, "hazard_only_probability": 0.9605, "context_improved_prediction": 0, "context_hurt_prediction": 0, "terrain_model_probability": 0.8767, "terrain_model_disagreement": 1, "high_confidence_error": 0, "context_effect": "Both models correct", "longitude": -118.10139665691436, "latitude": 52.868423238301141 }, "geometry": { "type": "Polygon", "coordinates": [ [ [ -118.101388, 52.868336 ], [ -118.101516, 52.868375 ], [ -118.101406, 52.86851 ], [ -118.101277, 52.868472 ], [ -118.101388, 52.868336 ] ] ] } },
{ "type": "Feature", "properties": { "sequence_id": 125, "fold": 1, "actual_label": "Destroyed", "predicted_label": "Destroyed", "destroyed_probability": 0.9606, "destroyed_probability_pct": 96.1, "risk_class": "Very High", "prediction_correct": 1, "classification": "TP", "error_label": "Correct destroyed", "decision_confidence": 0.4506, "hazard_only_probability": 0.9692, "context_improved_prediction": 0, "context_hurt_prediction": 0, "terrain_model_probability": 0.9469, "terrain_model_disagreement": 0, "high_confidence_error": 0, "context_effect": "Both models correct", "longitude": -118.10154767098622, "latitude": 52.868483056743408 }, "geometry": { "type": "Polygon", "coordinates": [ [ [ -118.101542, 52.868403 ], [ -118.101662, 52.868443 ], [ -118.101554, 52.868563 ], [ -118.101433, 52.868523 ], [ -118.101542, 52.868403 ] ] ] } },
{ "type": "Feature", "properties": { "sequence_id": 126, "fold": 1, "actual_label": "Destroyed", "predicted_label": "Destroyed", "destroyed_probability": 0.9731, "destroyed_probability_pct": 97.3, "risk_class": "Very High", "prediction_correct": 1, "classification": "TP", "error_label": "Correct destroyed", "decision_confidence": 0.4631, "hazard_only_probability": 0.969, "context_improved_prediction": 0, "context_hurt_prediction": 0, "terrain_model_probability": 0.9597, "terrain_model_disagreement": 0, "high_confidence_error": 0, "context_effect": "Both models correct", "longitude": -118.10173157764584, "latitude": 52.868568801082013 }, "geometry": { "type": "Polygon", "coordinates": [ [ [ -118.10161, 52.868619 ], [ -118.101683, 52.868485 ], [ -118.101853, 52.868518 ], [ -118.10178, 52.868653 ], [ -118.10161, 52.868619 ] ] ] } },
{ "type": "Feature", "properties": { "sequence_id": 127, "fold": 1, "actual_label": "Destroyed", "predicted_label": "Destroyed", "destroyed_probability": 0.9876, "destroyed_probability_pct": 98.8, "risk_class": "Very High", "prediction_correct": 1, "classification": "TP", "error_label": "Correct destroyed", "decision_confidence": 0.4776, "hazard_only_probability": 0.9755, "context_improved_prediction": 0, "context_hurt_prediction": 0, "terrain_model_probability": 0.9913, "terrain_model_disagreement": 0, "high_confidence_error": 0, "context_effect": "Both models correct", "longitude": -118.10193300002236, "latitude": 52.868627000017646 }, "geometry": { "type": "Polygon", "coordinates": [ [ [ -118.102059, 52.868598 ], [ -118.101968, 52.868706 ], [ -118.101807, 52.868656 ], [ -118.101898, 52.868548 ], [ -118.102059, 52.868598 ] ] ] } },
{ "type": "Feature", "properties": { "sequence_id": 128, "fold": 1, "actual_label": "Destroyed", "predicted_label": "Destroyed", "destroyed_probability": 0.9039, "destroyed_probability_pct": 90.4, "risk_class": "Very High", "prediction_correct": 1, "classification": "TP", "error_label": "Correct destroyed", "decision_confidence": 0.3939, "hazard_only_probability": 0.8943, "context_improved_prediction": 1, "context_hurt_prediction": 0, "terrain_model_probability": 0.951, "terrain_model_disagreement": 0, "high_confidence_error": 0, "context_effect": "Context fixed hazard-only error", "longitude": -118.10228450002424, "latitude": 52.868697000004182 }, "geometry": { "type": "Polygon", "coordinates": [ [ [ -118.102395, 52.868646 ], [ -118.102344, 52.868773 ], [ -118.102174, 52.868748 ], [ -118.102225, 52.868621 ], [ -118.102395, 52.868646 ] ] ] } },
{ "type": "Feature", "properties": { "sequence_id": 129, "fold": 1, "actual_label": "Destroyed", "predicted_label": "Destroyed", "destroyed_probability": 0.9264, "destroyed_probability_pct": 92.6, "risk_class": "Very High", "prediction_correct": 1, "classification": "TP", "error_label": "Correct destroyed", "decision_confidence": 0.4164, "hazard_only_probability": 0.9152, "context_improved_prediction": 1, "context_hurt_prediction": 0, "terrain_model_probability": 0.9636, "terrain_model_disagreement": 0, "high_confidence_error": 0, "context_effect": "Context fixed hazard-only error", "longitude": -118.10248300007048, "latitude": 52.868759499997303 }, "geometry": { "type": "Polygon", "coordinates": [ [ [ -118.102503, 52.868846 ], [ -118.102367, 52.868812 ], [ -118.102463, 52.868673 ], [ -118.102599, 52.868707 ], [ -118.102503, 52.868846 ] ] ] } },
{ "type": "Feature", "properties": { "sequence_id": 130, "fold": 2, "actual_label": "Survived", "predicted_label": "Survived", "destroyed_probability": 0.1249, "destroyed_probability_pct": 12.5, "risk_class": "Very Low", "prediction_correct": 1, "classification": "TN", "error_label": "Correct survived", "decision_confidence": 0.2151, "hazard_only_probability": 0.1645, "context_improved_prediction": 0, "context_hurt_prediction": 0, "terrain_model_probability": 0.1439, "terrain_model_disagreement": 0, "high_confidence_error": 0, "context_effect": "Both models correct", "longitude": -118.10374472508306, "latitude": 52.868775502952317 }, "geometry": { "type": "Polygon", "coordinates": [ [ [ -118.103704, 52.868715 ], [ -118.103891, 52.868717 ], [ -118.103889, 52.868787 ], [ -118.103844, 52.868786 ], [ -118.103843, 52.86883 ], [ -118.103588, 52.868827 ], [ -118.103589, 52.868752 ], [ -118.103703, 52.868753 ], [ -118.103704, 52.868715 ] ] ] } },
{ "type": "Feature", "properties": { "sequence_id": 131, "fold": 2, "actual_label": "Destroyed", "predicted_label": "Destroyed", "destroyed_probability": 0.7056, "destroyed_probability_pct": 70.6, "risk_class": "High", "prediction_correct": 1, "classification": "TP", "error_label": "Correct destroyed", "decision_confidence": 0.3656, "hazard_only_probability": 0.3041, "context_improved_prediction": 0, "context_hurt_prediction": 0, "terrain_model_probability": 0.7328, "terrain_model_disagreement": 0, "high_confidence_error": 0, "context_effect": "Both models correct", "longitude": -118.10285887381445, "latitude": 52.868911800316184 }, "geometry": { "type": "Polygon", "coordinates": [ [ [ -118.102975, 52.868893 ], [ -118.10288, 52.868983 ], [ -118.102743, 52.86893 ], [ -118.102837, 52.868841 ], [ -118.102975, 52.868893 ] ] ] } },
{ "type": "Feature", "properties": { "sequence_id": 132, "fold": 3, "actual_label": "Survived", "predicted_label": "Destroyed", "destroyed_probability": 0.5475, "destroyed_probability_pct": 54.8, "risk_class": "Moderate", "prediction_correct": 0, "classification": "FP", "error_label": "False alarm", "decision_confidence": 0.3625, "hazard_only_probability": 0.7685, "context_improved_prediction": 0, "context_hurt_prediction": 0, "terrain_model_probability": 0.7091, "terrain_model_disagreement": 0, "high_confidence_error": 0, "context_effect": "Both models wrong", "longitude": -118.10363361203429, "latitude": 52.868912289809103 }, "geometry": { "type": "Polygon", "coordinates": [ [ [ -118.103573, 52.868846 ], [ -118.103739, 52.868871 ], [ -118.103694, 52.868979 ], [ -118.103528, 52.868953 ], [ -118.103573, 52.868846 ] ] ] } },
{ "type": "Feature", "properties": { "sequence_id": 133, "fold": 2, "actual_label": "Destroyed", "predicted_label": "Destroyed", "destroyed_probability": 0.7737, "destroyed_probability_pct": 77.4, "risk_class": "High", "prediction_correct": 1, "classification": "TP", "error_label": "Correct destroyed", "decision_confidence": 0.4337, "hazard_only_probability": 0.2575, "context_improved_prediction": 1, "context_hurt_prediction": 0, "terrain_model_probability": 0.8246, "terrain_model_disagreement": 0, "high_confidence_error": 0, "context_effect": "Context fixed hazard-only error", "longitude": -118.10274393949358, "latitude": 52.869022171196349 }, "geometry": { "type": "Polygon", "coordinates": [ [ [ -118.102637, 52.86899 ], [ -118.102763, 52.868949 ], [ -118.102829, 52.869023 ], [ -118.102813, 52.869029 ], [ -118.102842, 52.869061 ], [ -118.102732, 52.869097 ], [ -118.102637, 52.86899 ] ] ] } },
{ "type": "Feature", "properties": { "sequence_id": 134, "fold": 3, "actual_label": "Survived", "predicted_label": "Destroyed", "destroyed_probability": 0.6868, "destroyed_probability_pct": 68.7, "risk_class": "High", "prediction_correct": 0, "classification": "FP", "error_label": "False alarm", "decision_confidence": 0.5018, "hazard_only_probability": 0.7685, "context_improved_prediction": 0, "context_hurt_prediction": 0, "terrain_model_probability": 0.731, "terrain_model_disagreement": 0, "high_confidence_error": 1, "context_effect": "Both models wrong", "longitude": -118.10355133676008, "latitude": 52.869046481613644 }, "geometry": { "type": "Polygon", "coordinates": [ [ [ -118.103667, 52.869034 ], [ -118.103538, 52.869117 ], [ -118.103436, 52.869059 ], [ -118.103564, 52.868976 ], [ -118.103667, 52.869034 ] ] ] } },
{ "type": "Feature", "properties": { "sequence_id": 135, "fold": 3, "actual_label": "Survived", "predicted_label": "Destroyed", "destroyed_probability": 0.9069, "destroyed_probability_pct": 90.7, "risk_class": "Very High", "prediction_correct": 0, "classification": "FP", "error_label": "False alarm", "decision_confidence": 0.7219, "hazard_only_probability": 0.7685, "context_improved_prediction": 0, "context_hurt_prediction": 0, "terrain_model_probability": 0.7929, "terrain_model_disagreement": 0, "high_confidence_error": 1, "context_effect": "Both models wrong", "longitude": -118.10338205968795, "latitude": 52.86916272346906 }, "geometry": { "type": "Polygon", "coordinates": [ [ [ -118.103267, 52.869128 ], [ -118.103324, 52.869134 ], [ -118.103334, 52.869102 ], [ -118.103481, 52.869117 ], [ -118.103472, 52.869147 ], [ -118.103518, 52.869152 ], [ -118.1035, 52.86921 ], [ -118.103409, 52.8692 ], [ -118.103405, 52.869216 ], [ -118.103246, 52.869199 ], [ -118.103267, 52.869128 ] ] ] } },
{ "type": "Feature", "properties": { "sequence_id": 136, "fold": 2, "actual_label": "Destroyed", "predicted_label": "Destroyed", "destroyed_probability": 0.779, "destroyed_probability_pct": 77.9, "risk_class": "High", "prediction_correct": 1, "classification": "TP", "error_label": "Correct destroyed", "decision_confidence": 0.439, "hazard_only_probability": 0.2494, "context_improved_prediction": 1, "context_hurt_prediction": 0, "terrain_model_probability": 0.8378, "terrain_model_disagreement": 0, "high_confidence_error": 0, "context_effect": "Context fixed hazard-only error", "longitude": -118.10241094176193, "latitude": 52.869269158773704 }, "geometry": { "type": "Polygon", "coordinates": [ [ [ -118.102525, 52.869285 ], [ -118.102434, 52.869338 ], [ -118.102297, 52.869254 ], [ -118.102388, 52.8692 ], [ -118.102525, 52.869285 ] ] ] } },
{ "type": "Feature", "properties": { "sequence_id": 137, "fold": 3, "actual_label": "Survived", "predicted_label": "Destroyed", "destroyed_probability": 0.9449, "destroyed_probability_pct": 94.5, "risk_class": "Very High", "prediction_correct": 0, "classification": "FP", "error_label": "False alarm", "decision_confidence": 0.7599, "hazard_only_probability": 0.7917, "context_improved_prediction": 0, "context_hurt_prediction": 0, "terrain_model_probability": 0.8685, "terrain_model_disagreement": 0, "high_confidence_error": 1, "context_effect": "Both models wrong", "longitude": -118.10321751340665, "latitude": 52.86927016544611 }, "geometry": { "type": "Polygon", "coordinates": [ [ [ -118.103223, 52.869201 ], [ -118.103331, 52.86926 ], [ -118.103212, 52.869339 ], [ -118.103104, 52.869281 ], [ -118.103223, 52.869201 ] ] ] } },
{ "type": "Feature", "properties": { "sequence_id": 138, "fold": 2, "actual_label": "Destroyed", "predicted_label": "Destroyed", "destroyed_probability": 0.5721, "destroyed_probability_pct": 57.2, "risk_class": "Moderate", "prediction_correct": 1, "classification": "TP", "error_label": "Correct destroyed", "decision_confidence": 0.2321, "hazard_only_probability": 0.2022, "context_improved_prediction": 1, "context_hurt_prediction": 0, "terrain_model_probability": 0.7063, "terrain_model_disagreement": 1, "high_confidence_error": 0, "context_effect": "Context fixed hazard-only error", "longitude": -118.10230196139894, "latitude": 52.869382316561961 }, "geometry": { "type": "Polygon", "coordinates": [ [ [ -118.102143, 52.869363 ], [ -118.102223, 52.869308 ], [ -118.102325, 52.869362 ], [ -118.102362, 52.869337 ], [ -118.102465, 52.869391 ], [ -118.102396, 52.869439 ], [ -118.102363, 52.869421 ], [ -118.102315, 52.869454 ], [ -118.102143, 52.869363 ] ] ] } },
{ "type": "Feature", "properties": { "sequence_id": 139, "fold": 2, "actual_label": "Destroyed", "predicted_label": "Destroyed", "destroyed_probability": 0.4607, "destroyed_probability_pct": 46.1, "risk_class": "Moderate", "prediction_correct": 1, "classification": "TP", "error_label": "Correct destroyed", "decision_confidence": 0.1207, "hazard_only_probability": 0.2163, "context_improved_prediction": 1, "context_hurt_prediction": 0, "terrain_model_probability": 0.4809, "terrain_model_disagreement": 1, "high_confidence_error": 0, "context_effect": "Context fixed hazard-only error", "longitude": -118.102955, "latitude": 52.869568499994983 }, "geometry": { "type": "Polygon", "coordinates": [ [ [ -118.103027, 52.869628 ], [ -118.102883, 52.869628 ], [ -118.102883, 52.869509 ], [ -118.103027, 52.869509 ], [ -118.103027, 52.869628 ] ] ] } },
{ "type": "Feature", "properties": { "sequence_id": 140, "fold": 2, "actual_label": "Destroyed", "predicted_label": "Destroyed", "destroyed_probability": 0.4294, "destroyed_probability_pct": 42.9, "risk_class": "Moderate", "prediction_correct": 1, "classification": "TP", "error_label": "Correct destroyed", "decision_confidence": 0.0894, "hazard_only_probability": 0.2311, "context_improved_prediction": 1, "context_hurt_prediction": 0, "terrain_model_probability": 0.6067, "terrain_model_disagreement": 1, "high_confidence_error": 0, "context_effect": "Context fixed hazard-only error", "longitude": -118.10215546092428, "latitude": 52.869487662994402 }, "geometry": { "type": "Polygon", "coordinates": [ [ [ -118.102008, 52.869474 ], [ -118.102135, 52.869398 ], [ -118.102303, 52.869502 ], [ -118.102176, 52.869577 ], [ -118.102008, 52.869474 ] ] ] } },
{ "type": "Feature", "properties": { "sequence_id": 141, "fold": 2, "actual_label": "Destroyed", "predicted_label": "Destroyed", "destroyed_probability": 0.4369, "destroyed_probability_pct": 43.7, "risk_class": "Moderate", "prediction_correct": 1, "classification": "TP", "error_label": "Correct destroyed", "decision_confidence": 0.0969, "hazard_only_probability": 0.2352, "context_improved_prediction": 1, "context_hurt_prediction": 0, "terrain_model_probability": 0.6025, "terrain_model_disagreement": 1, "high_confidence_error": 0, "context_effect": "Context fixed hazard-only error", "longitude": -118.10201360009637, "latitude": 52.86960282201494 }, "geometry": { "type": "Polygon", "coordinates": [ [ [ -118.102159, 52.869586 ], [ -118.102067, 52.869686 ], [ -118.101868, 52.869619 ], [ -118.10196, 52.86952 ], [ -118.102159, 52.869586 ] ] ] } },
{ "type": "Feature", "properties": { "sequence_id": 142, "fold": 2, "actual_label": "Destroyed", "predicted_label": "Destroyed", "destroyed_probability": 0.4462, "destroyed_probability_pct": 44.6, "risk_class": "Moderate", "prediction_correct": 1, "classification": "TP", "error_label": "Correct destroyed", "decision_confidence": 0.1062, "hazard_only_probability": 0.2226, "context_improved_prediction": 1, "context_hurt_prediction": 0, "terrain_model_probability": 0.5071, "terrain_model_disagreement": 1, "high_confidence_error": 0, "context_effect": "Context fixed hazard-only error", "longitude": -118.10272953152683, "latitude": 52.869629827202665 }, "geometry": { "type": "Polygon", "coordinates": [ [ [ -118.102855, 52.869605 ], [ -118.102745, 52.869709 ], [ -118.102604, 52.869654 ], [ -118.102714, 52.869551 ], [ -118.102855, 52.869605 ] ] ] } },
{ "type": "Feature", "properties": { "sequence_id": 143, "fold": 2, "actual_label": "Destroyed", "predicted_label": "Destroyed", "destroyed_probability": 0.5826, "destroyed_probability_pct": 58.3, "risk_class": "Moderate", "prediction_correct": 1, "classification": "TP", "error_label": "Correct destroyed", "decision_confidence": 0.2426, "hazard_only_probability": 0.2506, "context_improved_prediction": 1, "context_hurt_prediction": 0, "terrain_model_probability": 0.6191, "terrain_model_disagreement": 1, "high_confidence_error": 0, "context_effect": "Context fixed hazard-only error", "longitude": -118.10189949995851, "latitude": 52.869721000054128 }, "geometry": { "type": "Polygon", "coordinates": [ [ [ -118.102067, 52.869703 ], [ -118.101982, 52.869811 ], [ -118.101732, 52.869739 ], [ -118.101817, 52.869631 ], [ -118.102067, 52.869703 ] ] ] } },
{ "type": "Feature", "properties": { "sequence_id": 144, "fold": 2, "actual_label": "Destroyed", "predicted_label": "Destroyed", "destroyed_probability": 0.5454, "destroyed_probability_pct": 54.5, "risk_class": "Moderate", "prediction_correct": 1, "classification": "TP", "error_label": "Correct destroyed", "decision_confidence": 0.2054, "hazard_only_probability": 0.2575, "context_improved_prediction": 1, "context_hurt_prediction": 0, "terrain_model_probability": 0.535, "terrain_model_disagreement": 1, "high_confidence_error": 0, "context_effect": "Context fixed hazard-only error", "longitude": -118.101838315118, "latitude": 52.869860982086678 }, "geometry": { "type": "Polygon", "coordinates": [ [ [ -118.101665, 52.869882 ], [ -118.101746, 52.86977 ], [ -118.102012, 52.86984 ], [ -118.10193, 52.869952 ], [ -118.101665, 52.869882 ] ] ] } },
{ "type": "Feature", "properties": { "sequence_id": 145, "fold": 2, "actual_label": "Destroyed", "predicted_label": "Destroyed", "destroyed_probability": 0.4746, "destroyed_probability_pct": 47.5, "risk_class": "Moderate", "prediction_correct": 1, "classification": "TP", "error_label": "Correct destroyed", "decision_confidence": 0.1346, "hazard_only_probability": 0.2247, "context_improved_prediction": 1, "context_hurt_prediction": 0, "terrain_model_probability": 0.5268, "terrain_model_disagreement": 1, "high_confidence_error": 0, "context_effect": "Context fixed hazard-only error", "longitude": -118.10261600003354, "latitude": 52.869785500009421 }, "geometry": { "type": "Polygon", "coordinates": [ [ [ -118.10273, 52.86975 ], [ -118.102646, 52.869861 ], [ -118.102502, 52.869821 ], [ -118.102586, 52.86971 ], [ -118.10273, 52.86975 ] ] ] } },
{ "type": "Feature", "properties": { "sequence_id": 146, "fold": 2, "actual_label": "Destroyed", "predicted_label": "Destroyed", "destroyed_probability": 0.5492, "destroyed_probability_pct": 54.9, "risk_class": "Moderate", "prediction_correct": 1, "classification": "TP", "error_label": "Correct destroyed", "decision_confidence": 0.2092, "hazard_only_probability": 0.2591, "context_improved_prediction": 1, "context_hurt_prediction": 0, "terrain_model_probability": 0.5552, "terrain_model_disagreement": 1, "high_confidence_error": 0, "context_effect": "Context fixed hazard-only error", "longitude": -118.1017892510059, "latitude": 52.869999295559722 }, "geometry": { "type": "Polygon", "coordinates": [ [ [ -118.101736, 52.869915 ], [ -118.101891, 52.869966 ], [ -118.101855, 52.870006 ], [ -118.101922, 52.870028 ], [ -118.101873, 52.870083 ], [ -118.10165, 52.87001 ], [ -118.101736, 52.869915 ] ] ] } },
{ "type": "Feature", "properties": { "sequence_id": 147, "fold": 2, "actual_label": "Destroyed", "predicted_label": "Destroyed", "destroyed_probability": 0.7733, "destroyed_probability_pct": 77.3, "risk_class": "High", "prediction_correct": 1, "classification": "TP", "error_label": "Correct destroyed", "decision_confidence": 0.4333, "hazard_only_probability": 0.2591, "context_improved_prediction": 1, "context_hurt_prediction": 0, "terrain_model_probability": 0.6816, "terrain_model_disagreement": 1, "high_confidence_error": 0, "context_effect": "Context fixed hazard-only error", "longitude": -118.10172849993795, "latitude": 52.870131500022325 }, "geometry": { "type": "Polygon", "coordinates": [ [ [ -118.10176, 52.870204 ], [ -118.101608, 52.870112 ], [ -118.101697, 52.870059 ], [ -118.101849, 52.870151 ], [ -118.10176, 52.870204 ] ] ] } },
{ "type": "Feature", "properties": { "sequence_id": 148, "fold": 2, "actual_label": "Destroyed", "predicted_label": "Destroyed", "destroyed_probability": 0.4902, "destroyed_probability_pct": 49.0, "risk_class": "Moderate", "prediction_correct": 1, "classification": "TP", "error_label": "Correct destroyed", "decision_confidence": 0.1502, "hazard_only_probability": 0.2357, "context_improved_prediction": 1, "context_hurt_prediction": 0, "terrain_model_probability": 0.5231, "terrain_model_disagreement": 1, "high_confidence_error": 0, "context_effect": "Context fixed hazard-only error", "longitude": -118.10253169776834, "latitude": 52.869936553118343 }, "geometry": { "type": "Polygon", "coordinates": [ [ [ -118.102575, 52.87001 ], [ -118.102423, 52.869979 ], [ -118.102489, 52.869863 ], [ -118.10264, 52.869894 ], [ -118.102575, 52.87001 ] ] ] } },
{ "type": "Feature", "properties": { "sequence_id": 149, "fold": 2, "actual_label": "Destroyed", "predicted_label": "Destroyed", "destroyed_probability": 0.4968, "destroyed_probability_pct": 49.7, "risk_class": "Moderate", "prediction_correct": 1, "classification": "TP", "error_label": "Correct destroyed", "decision_confidence": 0.1568, "hazard_only_probability": 0.278, "context_improved_prediction": 1, "context_hurt_prediction": 0, "terrain_model_probability": 0.5186, "terrain_model_disagreement": 1, "high_confidence_error": 0, "context_effect": "Context fixed hazard-only error", "longitude": -118.10162396641715, "latitude": 52.870212887427073 }, "geometry": { "type": "Polygon", "coordinates": [ [ [ -118.101771, 52.870239 ], [ -118.101676, 52.8703 ], [ -118.101477, 52.870186 ], [ -118.101571, 52.870126 ], [ -118.101771, 52.870239 ] ] ] } },
{ "type": "Feature", "properties": { "sequence_id": 150, "fold": 2, "actual_label": "Destroyed", "predicted_label": "Destroyed", "destroyed_probability": 0.507, "destroyed_probability_pct": 50.7, "risk_class": "Moderate", "prediction_correct": 1, "classification": "TP", "error_label": "Correct destroyed", "decision_confidence": 0.167, "hazard_only_probability": 0.2927, "context_improved_prediction": 1, "context_hurt_prediction": 0, "terrain_model_probability": 0.5647, "terrain_model_disagreement": 1, "high_confidence_error": 0, "context_effect": "Context fixed hazard-only error", "longitude": -118.10146944375354, "latitude": 52.870299157699556 }, "geometry": { "type": "Polygon", "coordinates": [ [ [ -118.101442, 52.870213 ], [ -118.10161, 52.870322 ], [ -118.101497, 52.870385 ], [ -118.101329, 52.870277 ], [ -118.101442, 52.870213 ] ] ] } },
{ "type": "Feature", "properties": { "sequence_id": 151, "fold": 2, "actual_label": "Destroyed", "predicted_label": "Destroyed", "destroyed_probability": 0.5534, "destroyed_probability_pct": 55.3, "risk_class": "Moderate", "prediction_correct": 1, "classification": "TP", "error_label": "Correct destroyed", "decision_confidence": 0.2134, "hazard_only_probability": 0.2878, "context_improved_prediction": 1, "context_hurt_prediction": 0, "terrain_model_probability": 0.5149, "terrain_model_disagreement": 1, "high_confidence_error": 0, "context_effect": "Context fixed hazard-only error", "longitude": -118.10241599999748, "latitude": 52.870176000029559 }, "geometry": { "type": "Polygon", "coordinates": [ [ [ -118.102274, 52.870191 ], [ -118.10238, 52.870092 ], [ -118.102558, 52.870161 ], [ -118.102452, 52.87026 ], [ -118.102274, 52.870191 ] ] ] } },
{ "type": "Feature", "properties": { "sequence_id": 152, "fold": 2, "actual_label": "Destroyed", "predicted_label": "Destroyed", "destroyed_probability": 0.5116, "destroyed_probability_pct": 51.2, "risk_class": "Moderate", "prediction_correct": 1, "classification": "TP", "error_label": "Correct destroyed", "decision_confidence": 0.1716, "hazard_only_probability": 0.367, "context_improved_prediction": 0, "context_hurt_prediction": 0, "terrain_model_probability": 0.5253, "terrain_model_disagreement": 1, "high_confidence_error": 0, "context_effect": "Both models correct", "longitude": -118.10124618115999, "latitude": 52.870368463152012 }, "geometry": { "type": "Polygon", "coordinates": [ [ [ -118.101376, 52.8704 ], [ -118.101214, 52.870451 ], [ -118.101116, 52.870337 ], [ -118.101279, 52.870286 ], [ -118.101376, 52.8704 ] ] ] } },
{ "type": "Feature", "properties": { "sequence_id": 153, "fold": 2, "actual_label": "Destroyed", "predicted_label": "Destroyed", "destroyed_probability": 0.7042, "destroyed_probability_pct": 70.4, "risk_class": "High", "prediction_correct": 1, "classification": "TP", "error_label": "Correct destroyed", "decision_confidence": 0.3642, "hazard_only_probability": 0.3752, "context_improved_prediction": 0, "context_hurt_prediction": 0, "terrain_model_probability": 0.4321, "terrain_model_disagreement": 1, "high_confidence_error": 0, "context_effect": "Both models correct", "longitude": -118.1010442581596, "latitude": 52.870435441580732 }, "geometry": { "type": "Polygon", "coordinates": [ [ [ -118.101085, 52.870355 ], [ -118.101177, 52.870483 ], [ -118.101058, 52.870514 ], [ -118.101029, 52.870474 ], [ -118.100968, 52.87049 ], [ -118.100905, 52.870402 ], [ -118.101085, 52.870355 ] ] ] } },
{ "type": "Feature", "properties": { "sequence_id": 154, "fold": 2, "actual_label": "Destroyed", "predicted_label": "Destroyed", "destroyed_probability": 0.5741, "destroyed_probability_pct": 57.4, "risk_class": "Moderate", "prediction_correct": 1, "classification": "TP", "error_label": "Correct destroyed", "decision_confidence": 0.2341, "hazard_only_probability": 0.3, "context_improved_prediction": 0, "context_hurt_prediction": 0, "terrain_model_probability": 0.5952, "terrain_model_disagreement": 1, "high_confidence_error": 0, "context_effect": "Both models correct", "longitude": -118.10229549999299, "latitude": 52.870302500018234 }, "geometry": { "type": "Polygon", "coordinates": [ [ [ -118.102324, 52.870232 ], [ -118.102412, 52.87032 ], [ -118.102267, 52.870373 ], [ -118.102179, 52.870285 ], [ -118.102324, 52.870232 ] ] ] } },
{ "type": "Feature", "properties": { "sequence_id": 155, "fold": 2, "actual_label": "Destroyed", "predicted_label": "Destroyed", "destroyed_probability": 0.5789, "destroyed_probability_pct": 57.9, "risk_class": "Moderate", "prediction_correct": 1, "classification": "TP", "error_label": "Correct destroyed", "decision_confidence": 0.2389, "hazard_only_probability": 0.2751, "context_improved_prediction": 1, "context_hurt_prediction": 0, "terrain_model_probability": 0.5642, "terrain_model_disagreement": 1, "high_confidence_error": 0, "context_effect": "Context fixed hazard-only error", "longitude": -118.10212669340234, "latitude": 52.870420896820598 }, "geometry": { "type": "Polygon", "coordinates": [ [ [ -118.102119, 52.870352 ], [ -118.102218, 52.870379 ], [ -118.102135, 52.87049 ], [ -118.102035, 52.870462 ], [ -118.102119, 52.870352 ] ] ] } },
{ "type": "Feature", "properties": { "sequence_id": 156, "fold": 2, "actual_label": "Destroyed", "predicted_label": "Destroyed", "destroyed_probability": 0.5409, "destroyed_probability_pct": 54.1, "risk_class": "Moderate", "prediction_correct": 1, "classification": "TP", "error_label": "Correct destroyed", "decision_confidence": 0.2009, "hazard_only_probability": 0.2695, "context_improved_prediction": 1, "context_hurt_prediction": 0, "terrain_model_probability": 0.5516, "terrain_model_disagreement": 1, "high_confidence_error": 0, "context_effect": "Context fixed hazard-only error", "longitude": -118.1019660488827, "latitude": 52.870547164791454 }, "geometry": { "type": "Polygon", "coordinates": [ [ [ -118.102082, 52.870543 ], [ -118.101946, 52.870616 ], [ -118.10185, 52.870552 ], [ -118.101986, 52.870478 ], [ -118.102082, 52.870543 ] ] ] } },
{ "type": "Feature", "properties": { "sequence_id": 157, "fold": 2, "actual_label": "Destroyed", "predicted_label": "Survived", "destroyed_probability": 0.2583, "destroyed_probability_pct": 25.8, "risk_class": "Low", "prediction_correct": 0, "classification": "FN", "error_label": "Missed destroyed", "decision_confidence": 0.0817, "hazard_only_probability": 0.2457, "context_improved_prediction": 0, "context_hurt_prediction": 0, "terrain_model_probability": 0.1883, "terrain_model_disagreement": 0, "high_confidence_error": 0, "context_effect": "Both models wrong", "longitude": -118.10163978703963, "latitude": 52.870710346444469 }, "geometry": { "type": "Polygon", "coordinates": [ [ [ -118.101661, 52.870627 ], [ -118.101778, 52.870725 ], [ -118.101618, 52.870794 ], [ -118.101502, 52.870695 ], [ -118.101661, 52.870627 ] ] ] } },
{ "type": "Feature", "properties": { "sequence_id": 158, "fold": 2, "actual_label": "Destroyed", "predicted_label": "Survived", "destroyed_probability": 0.3153, "destroyed_probability_pct": 31.5, "risk_class": "Low", "prediction_correct": 0, "classification": "FN", "error_label": "Missed destroyed", "decision_confidence": 0.0247, "hazard_only_probability": 0.2624, "context_improved_prediction": 0, "context_hurt_prediction": 0, "terrain_model_probability": 0.2031, "terrain_model_disagreement": 0, "high_confidence_error": 0, "context_effect": "Both models wrong", "longitude": -118.10147673613382, "latitude": 52.870797824240469 }, "geometry": { "type": "Polygon", "coordinates": [ [ [ -118.101426, 52.870756 ], [ -118.101469, 52.870734 ], [ -118.101618, 52.870845 ], [ -118.101545, 52.87088 ], [ -118.101424, 52.87079 ], [ -118.101387, 52.870809 ], [ -118.101324, 52.870762 ], [ -118.10139, 52.870729 ], [ -118.101426, 52.870756 ] ] ] } },
{ "type": "Feature", "properties": { "sequence_id": 159, "fold": 2, "actual_label": "Destroyed", "predicted_label": "Survived", "destroyed_probability": 0.1162, "destroyed_probability_pct": 11.6, "risk_class": "Very Low", "prediction_correct": 0, "classification": "FN", "error_label": "Missed destroyed", "decision_confidence": 0.2238, "hazard_only_probability": 0.2387, "context_improved_prediction": 0, "context_hurt_prediction": 0, "terrain_model_probability": 0.0813, "terrain_model_disagreement": 0, "high_confidence_error": 0, "context_effect": "Both models wrong", "longitude": -118.10131963326604, "latitude": 52.870917446089386 }, "geometry": { "type": "Polygon", "coordinates": [ [ [ -118.101274, 52.870843 ], [ -118.10144, 52.87095 ], [ -118.101366, 52.870992 ], [ -118.101199, 52.870885 ], [ -118.101274, 52.870843 ] ] ] } },
{ "type": "Feature", "properties": { "sequence_id": 160, "fold": 2, "actual_label": "Destroyed", "predicted_label": "Survived", "destroyed_probability": 0.048, "destroyed_probability_pct": 4.8, "risk_class": "Very Low", "prediction_correct": 0, "classification": "FN", "error_label": "Missed destroyed", "decision_confidence": 0.292, "hazard_only_probability": 0.1237, "context_improved_prediction": 0, "context_hurt_prediction": 0, "terrain_model_probability": 0.0385, "terrain_model_disagreement": 0, "high_confidence_error": 0, "context_effect": "Both models wrong", "longitude": -118.1011340000137, "latitude": 52.87106850002634 }, "geometry": { "type": "Polygon", "coordinates": [ [ [ -118.101127, 52.870985 ], [ -118.101272, 52.871059 ], [ -118.101141, 52.871152 ], [ -118.100996, 52.871078 ], [ -118.101127, 52.870985 ] ] ] } },
{ "type": "Feature", "properties": { "sequence_id": 161, "fold": 1, "actual_label": "Survived", "predicted_label": "Survived", "destroyed_probability": 0.0099, "destroyed_probability_pct": 1.0, "risk_class": "Very Low", "prediction_correct": 1, "classification": "TN", "error_label": "Correct survived", "decision_confidence": 0.5001, "hazard_only_probability": 0.0028, "context_improved_prediction": 0, "context_hurt_prediction": 0, "terrain_model_probability": 0.0071, "terrain_model_disagreement": 0, "high_confidence_error": 0, "context_effect": "Both models correct", "longitude": -118.0821044999375, "latitude": 52.88231800002432 }, "geometry": { "type": "Polygon", "coordinates": [ [ [ -118.082145, 52.882387 ], [ -118.081986, 52.882301 ], [ -118.082064, 52.882249 ], [ -118.082223, 52.882335 ], [ -118.082145, 52.882387 ] ] ] } },
{ "type": "Feature", "properties": { "sequence_id": 162, "fold": 1, "actual_label": "Survived", "predicted_label": "Survived", "destroyed_probability": 0.01, "destroyed_probability_pct": 1.0, "risk_class": "Very Low", "prediction_correct": 1, "classification": "TN", "error_label": "Correct survived", "decision_confidence": 0.5, "hazard_only_probability": 0.0028, "context_improved_prediction": 0, "context_hurt_prediction": 0, "terrain_model_probability": 0.0088, "terrain_model_disagreement": 0, "high_confidence_error": 0, "context_effect": "Both models correct", "longitude": -118.08189199999757, "latitude": 52.881855000015342 }, "geometry": { "type": "Polygon", "coordinates": [ [ [ -118.081849, 52.881798 ], [ -118.081991, 52.881837 ], [ -118.081935, 52.881912 ], [ -118.081793, 52.881873 ], [ -118.081849, 52.881798 ] ] ] } },
{ "type": "Feature", "properties": { "sequence_id": 163, "fold": 1, "actual_label": "Survived", "predicted_label": "Survived", "destroyed_probability": 0.008, "destroyed_probability_pct": 0.8, "risk_class": "Very Low", "prediction_correct": 1, "classification": "TN", "error_label": "Correct survived", "decision_confidence": 0.502, "hazard_only_probability": 0.0028, "context_improved_prediction": 0, "context_hurt_prediction": 0, "terrain_model_probability": 0.0041, "terrain_model_disagreement": 0, "high_confidence_error": 0, "context_effect": "Both models correct", "longitude": -118.08223199997553, "latitude": 52.881625500021713 }, "geometry": { "type": "Polygon", "coordinates": [ [ [ -118.082187, 52.881567 ], [ -118.082339, 52.881622 ], [ -118.082277, 52.881684 ], [ -118.082125, 52.881629 ], [ -118.082187, 52.881567 ] ] ] } },
{ "type": "Feature", "properties": { "sequence_id": 164, "fold": 1, "actual_label": "Survived", "predicted_label": "Survived", "destroyed_probability": 0.0054, "destroyed_probability_pct": 0.5, "risk_class": "Very Low", "prediction_correct": 1, "classification": "TN", "error_label": "Correct survived", "decision_confidence": 0.5046, "hazard_only_probability": 0.0028, "context_improved_prediction": 0, "context_hurt_prediction": 0, "terrain_model_probability": 0.0043, "terrain_model_disagreement": 0, "high_confidence_error": 0, "context_effect": "Both models correct", "longitude": -118.08257549996679, "latitude": 52.881987000014469 }, "geometry": { "type": "Polygon", "coordinates": [ [ [ -118.082697, 52.882017 ], [ -118.082552, 52.882065 ], [ -118.082454, 52.881957 ], [ -118.082599, 52.881909 ], [ -118.082697, 52.882017 ] ] ] } },
{ "type": "Feature", "properties": { "sequence_id": 165, "fold": 1, "actual_label": "Survived", "predicted_label": "Survived", "destroyed_probability": 0.0082, "destroyed_probability_pct": 0.8, "risk_class": "Very Low", "prediction_correct": 1, "classification": "TN", "error_label": "Correct survived", "decision_confidence": 0.5018, "hazard_only_probability": 0.0028, "context_improved_prediction": 0, "context_hurt_prediction": 0, "terrain_model_probability": 0.0033, "terrain_model_disagreement": 0, "high_confidence_error": 0, "context_effect": "Both models correct", "longitude": -118.0824045000001, "latitude": 52.881486000012231 }, "geometry": { "type": "Polygon", "coordinates": [ [ [ -118.082496, 52.881472 ], [ -118.082435, 52.88154 ], [ -118.082313, 52.8815 ], [ -118.082374, 52.881432 ], [ -118.082496, 52.881472 ] ] ] } },
{ "type": "Feature", "properties": { "sequence_id": 166, "fold": 1, "actual_label": "Survived", "predicted_label": "Survived", "destroyed_probability": 0.0102, "destroyed_probability_pct": 1.0, "risk_class": "Very Low", "prediction_correct": 1, "classification": "TN", "error_label": "Correct survived", "decision_confidence": 0.4998, "hazard_only_probability": 0.0028, "context_improved_prediction": 0, "context_hurt_prediction": 0, "terrain_model_probability": 0.0047, "terrain_model_disagreement": 0, "high_confidence_error": 0, "context_effect": "Both models correct", "longitude": -118.08269898868765, "latitude": 52.881879833635729 }, "geometry": { "type": "Polygon", "coordinates": [ [ [ -118.082797, 52.881877 ], [ -118.082695, 52.881939 ], [ -118.082601, 52.881882 ], [ -118.082703, 52.881821 ], [ -118.082797, 52.881877 ] ] ] } },
{ "type": "Feature", "properties": { "sequence_id": 167, "fold": 1, "actual_label": "Survived", "predicted_label": "Survived", "destroyed_probability": 0.0057, "destroyed_probability_pct": 0.6, "risk_class": "Very Low", "prediction_correct": 1, "classification": "TN", "error_label": "Correct survived", "decision_confidence": 0.5043, "hazard_only_probability": 0.0028, "context_improved_prediction": 0, "context_hurt_prediction": 0, "terrain_model_probability": 0.0036, "terrain_model_disagreement": 0, "high_confidence_error": 0, "context_effect": "Both models correct", "longitude": -118.08291559623504, "latitude": 52.881803631367433 }, "geometry": { "type": "Polygon", "coordinates": [ [ [ -118.082943, 52.881881 ], [ -118.082788, 52.881785 ], [ -118.082889, 52.881726 ], [ -118.083043, 52.881823 ], [ -118.082943, 52.881881 ] ] ] } },
{ "type": "Feature", "properties": { "sequence_id": 168, "fold": 1, "actual_label": "Survived", "predicted_label": "Survived", "destroyed_probability": 0.004, "destroyed_probability_pct": 0.4, "risk_class": "Very Low", "prediction_correct": 1, "classification": "TN", "error_label": "Correct survived", "decision_confidence": 0.506, "hazard_only_probability": 0.0028, "context_improved_prediction": 0, "context_hurt_prediction": 0, "terrain_model_probability": 0.0025, "terrain_model_disagreement": 0, "high_confidence_error": 0, "context_effect": "Both models correct", "longitude": -118.083044499926, "latitude": 52.881675500062386 }, "geometry": { "type": "Polygon", "coordinates": [ [ [ -118.0832, 52.881672 ], [ -118.083145, 52.881747 ], [ -118.082889, 52.881679 ], [ -118.082944, 52.881604 ], [ -118.0832, 52.881672 ] ] ] } },
{ "type": "Feature", "properties": { "sequence_id": 169, "fold": 1, "actual_label": "Survived", "predicted_label": "Survived", "destroyed_probability": 0.0102, "destroyed_probability_pct": 1.0, "risk_class": "Very Low", "prediction_correct": 1, "classification": "TN", "error_label": "Correct survived", "decision_confidence": 0.4998, "hazard_only_probability": 0.0028, "context_improved_prediction": 0, "context_hurt_prediction": 0, "terrain_model_probability": 0.0042, "terrain_model_disagreement": 0, "high_confidence_error": 0, "context_effect": "Both models correct", "longitude": -118.08315267359505, "latitude": 52.881536948124477 }, "geometry": { "type": "Polygon", "coordinates": [ [ [ -118.083251, 52.881569 ], [ -118.083144, 52.881604 ], [ -118.083054, 52.881505 ], [ -118.083162, 52.88147 ], [ -118.083251, 52.881569 ] ] ] } },
{ "type": "Feature", "properties": { "sequence_id": 170, "fold": 1, "actual_label": "Survived", "predicted_label": "Survived", "destroyed_probability": 0.0102, "destroyed_probability_pct": 1.0, "risk_class": "Very Low", "prediction_correct": 1, "classification": "TN", "error_label": "Correct survived", "decision_confidence": 0.4998, "hazard_only_probability": 0.0028, "context_improved_prediction": 0, "context_hurt_prediction": 0, "terrain_model_probability": 0.0043, "terrain_model_disagreement": 0, "high_confidence_error": 0, "context_effect": "Both models correct", "longitude": -118.08326799999568, "latitude": 52.881435500013858 }, "geometry": { "type": "Polygon", "coordinates": [ [ [ -118.083305, 52.881489 ], [ -118.083175, 52.881449 ], [ -118.083231, 52.881382 ], [ -118.083361, 52.881422 ], [ -118.083305, 52.881489 ] ] ] } },
{ "type": "Feature", "properties": { "sequence_id": 171, "fold": 1, "actual_label": "Survived", "predicted_label": "Survived", "destroyed_probability": 0.0077, "destroyed_probability_pct": 0.8, "risk_class": "Very Low", "prediction_correct": 1, "classification": "TN", "error_label": "Correct survived", "decision_confidence": 0.5023, "hazard_only_probability": 0.0028, "context_improved_prediction": 0, "context_hurt_prediction": 0, "terrain_model_probability": 0.0036, "terrain_model_disagreement": 0, "high_confidence_error": 0, "context_effect": "Both models correct", "longitude": -118.08344599997528, "latitude": 52.881339500029881 }, "geometry": { "type": "Polygon", "coordinates": [ [ [ -118.083571, 52.881328 ], [ -118.083505, 52.881407 ], [ -118.083321, 52.881351 ], [ -118.083387, 52.881272 ], [ -118.083571, 52.881328 ] ] ] } },
{ "type": "Feature", "properties": { "sequence_id": 172, "fold": 1, "actual_label": "Survived", "predicted_label": "Survived", "destroyed_probability": 0.0104, "destroyed_probability_pct": 1.0, "risk_class": "Very Low", "prediction_correct": 1, "classification": "TN", "error_label": "Correct survived", "decision_confidence": 0.4996, "hazard_only_probability": 0.0031, "context_improved_prediction": 0, "context_hurt_prediction": 0, "terrain_model_probability": 0.0043, "terrain_model_disagreement": 0, "high_confidence_error": 0, "context_effect": "Both models correct", "longitude": -118.08351149999396, "latitude": 52.881207000019572 }, "geometry": { "type": "Polygon", "coordinates": [ [ [ -118.083623, 52.881193 ], [ -118.083551, 52.881271 ], [ -118.0834, 52.881221 ], [ -118.083472, 52.881143 ], [ -118.083623, 52.881193 ] ] ] } },
{ "type": "Feature", "properties": { "sequence_id": 173, "fold": 1, "actual_label": "Survived", "predicted_label": "Survived", "destroyed_probability": 0.0074, "destroyed_probability_pct": 0.7, "risk_class": "Very Low", "prediction_correct": 1, "classification": "TN", "error_label": "Correct survived", "decision_confidence": 0.5026, "hazard_only_probability": 0.0032, "context_improved_prediction": 0, "context_hurt_prediction": 0, "terrain_model_probability": 0.0032, "terrain_model_disagreement": 0, "high_confidence_error": 0, "context_effect": "Both models correct", "longitude": -118.08361368823203, "latitude": 52.881079022754754 }, "geometry": { "type": "Polygon", "coordinates": [ [ [ -118.083722, 52.881062 ], [ -118.08367, 52.881138 ], [ -118.083505, 52.881096 ], [ -118.083558, 52.88102 ], [ -118.083722, 52.881062 ] ] ] } },
{ "type": "Feature", "properties": { "sequence_id": 174, "fold": 1, "actual_label": "Survived", "predicted_label": "Survived", "destroyed_probability": 0.0074, "destroyed_probability_pct": 0.7, "risk_class": "Very Low", "prediction_correct": 1, "classification": "TN", "error_label": "Correct survived", "decision_confidence": 0.5026, "hazard_only_probability": 0.0033, "context_improved_prediction": 0, "context_hurt_prediction": 0, "terrain_model_probability": 0.0031, "terrain_model_disagreement": 0, "high_confidence_error": 0, "context_effect": "Both models correct", "longitude": -118.08368539832463, "latitude": 52.880941753315533 }, "geometry": { "type": "Polygon", "coordinates": [ [ [ -118.083724, 52.880994 ], [ -118.083603, 52.88097 ], [ -118.083646, 52.88089 ], [ -118.083768, 52.880913 ], [ -118.083724, 52.880994 ] ] ] } },
{ "type": "Feature", "properties": { "sequence_id": 175, "fold": 3, "actual_label": "Survived", "predicted_label": "Survived", "destroyed_probability": 0.0014, "destroyed_probability_pct": 0.1, "risk_class": "Very Low", "prediction_correct": 1, "classification": "TN", "error_label": "Correct survived", "decision_confidence": 0.1836, "hazard_only_probability": 0.0031, "context_improved_prediction": 0, "context_hurt_prediction": 0, "terrain_model_probability": 0.0023, "terrain_model_disagreement": 0, "high_confidence_error": 0, "context_effect": "Both models correct", "longitude": -118.0783160000115, "latitude": 52.883759999995043 }, "geometry": { "type": "Polygon", "coordinates": [ [ [ -118.078186, 52.883652 ], [ -118.078459, 52.883658 ], [ -118.078446, 52.883868 ], [ -118.078173, 52.883862 ], [ -118.078186, 52.883652 ] ] ] } },
{ "type": "Feature", "properties": { "sequence_id": 176, "fold": 3, "actual_label": "Survived", "predicted_label": "Survived", "destroyed_probability": 0.0024, "destroyed_probability_pct": 0.2, "risk_class": "Very Low", "prediction_correct": 1, "classification": "TN", "error_label": "Correct survived", "decision_confidence": 0.1826, "hazard_only_probability": 0.003, "context_improved_prediction": 0, "context_hurt_prediction": 0, "terrain_model_probability": 0.003, "terrain_model_disagreement": 0, "high_confidence_error": 0, "context_effect": "Both models correct", "longitude": -118.07838523211414, "latitude": 52.88355805636894 }, "geometry": { "type": "Polygon", "coordinates": [ [ [ -118.078454, 52.883617 ], [ -118.078297, 52.883607 ], [ -118.078317, 52.883499 ], [ -118.078473, 52.883509 ], [ -118.078454, 52.883617 ] ] ] } },
{ "type": "Feature", "properties": { "sequence_id": 177, "fold": 3, "actual_label": "Survived", "predicted_label": "Survived", "destroyed_probability": 0.0061, "destroyed_probability_pct": 0.6, "risk_class": "Very Low", "prediction_correct": 1, "classification": "TN", "error_label": "Correct survived", "decision_confidence": 0.1789, "hazard_only_probability": 0.0018, "context_improved_prediction": 0, "context_hurt_prediction": 0, "terrain_model_probability": 0.0083, "terrain_model_disagreement": 0, "high_confidence_error": 0, "context_effect": "Both models correct", "longitude": -118.07838700001486, "latitude": 52.88342150000468 }, "geometry": { "type": "Polygon", "coordinates": [ [ [ -118.078431, 52.88348 ], [ -118.078298, 52.883458 ], [ -118.078343, 52.883363 ], [ -118.078476, 52.883385 ], [ -118.078431, 52.88348 ] ] ] } },
{ "type": "Feature", "properties": { "sequence_id": 178, "fold": 3, "actual_label": "Survived", "predicted_label": "Survived", "destroyed_probability": 0.004, "destroyed_probability_pct": 0.4, "risk_class": "Very Low", "prediction_correct": 1, "classification": "TN", "error_label": "Correct survived", "decision_confidence": 0.181, "hazard_only_probability": 0.0019, "context_improved_prediction": 0, "context_hurt_prediction": 0, "terrain_model_probability": 0.0133, "terrain_model_disagreement": 0, "high_confidence_error": 0, "context_effect": "Both models correct", "longitude": -118.07851442788179, "latitude": 52.883002759633499 }, "geometry": { "type": "Polygon", "coordinates": [ [ [ -118.078567, 52.883064 ], [ -118.078407, 52.883045 ], [ -118.078441, 52.882944 ], [ -118.078637, 52.882968 ], [ -118.07862, 52.883017 ], [ -118.078584, 52.883013 ], [ -118.078567, 52.883064 ] ] ] } },
{ "type": "Feature", "properties": { "sequence_id": 179, "fold": 3, "actual_label": "Survived", "predicted_label": "Survived", "destroyed_probability": 0.0041, "destroyed_probability_pct": 0.4, "risk_class": "Very Low", "prediction_correct": 1, "classification": "TN", "error_label": "Correct survived", "decision_confidence": 0.1809, "hazard_only_probability": 0.0033, "context_improved_prediction": 0, "context_hurt_prediction": 0, "terrain_model_probability": 0.0184, "terrain_model_disagreement": 0, "high_confidence_error": 0, "context_effect": "Both models correct", "longitude": -118.07856500000385, "latitude": 52.882880500020804 }, "geometry": { "type": "Polygon", "coordinates": [ [ [ -118.078472, 52.882848 ], [ -118.078645, 52.882837 ], [ -118.078658, 52.882913 ], [ -118.078485, 52.882924 ], [ -118.078472, 52.882848 ] ] ] } },
{ "type": "Feature", "properties": { "sequence_id": 180, "fold": 3, "actual_label": "Survived", "predicted_label": "Survived", "destroyed_probability": 0.0027, "destroyed_probability_pct": 0.3, "risk_class": "Very Low", "prediction_correct": 1, "classification": "TN", "error_label": "Correct survived", "decision_confidence": 0.1823, "hazard_only_probability": 0.0033, "context_improved_prediction": 0, "context_hurt_prediction": 0, "terrain_model_probability": 0.0238, "terrain_model_disagreement": 0, "high_confidence_error": 0, "context_effect": "Both models correct", "longitude": -118.07859250000028, "latitude": 52.882745000009784 }, "geometry": { "type": "Polygon", "coordinates": [ [ [ -118.078673, 52.882697 ], [ -118.078673, 52.882793 ], [ -118.078512, 52.882793 ], [ -118.078512, 52.882697 ], [ -118.078673, 52.882697 ] ] ] } },
{ "type": "Feature", "properties": { "sequence_id": 181, "fold": 3, "actual_label": "Survived", "predicted_label": "Survived", "destroyed_probability": 0.0027, "destroyed_probability_pct": 0.3, "risk_class": "Very Low", "prediction_correct": 1, "classification": "TN", "error_label": "Correct survived", "decision_confidence": 0.1823, "hazard_only_probability": 0.0033, "context_improved_prediction": 0, "context_hurt_prediction": 0, "terrain_model_probability": 0.0245, "terrain_model_disagreement": 0, "high_confidence_error": 0, "context_effect": "Both models correct", "longitude": -118.07866850000048, "latitude": 52.88261700001911 }, "geometry": { "type": "Polygon", "coordinates": [ [ [ -118.078584, 52.882579 ], [ -118.078753, 52.882579 ], [ -118.078753, 52.882655 ], [ -118.078584, 52.882655 ], [ -118.078584, 52.882579 ] ] ] } },
{ "type": "Feature", "properties": { "sequence_id": 182, "fold": 1, "actual_label": "Survived", "predicted_label": "Survived", "destroyed_probability": 0.0013, "destroyed_probability_pct": 0.1, "risk_class": "Very Low", "prediction_correct": 1, "classification": "TN", "error_label": "Correct survived", "decision_confidence": 0.5087, "hazard_only_probability": 0.0014, "context_improved_prediction": 0, "context_hurt_prediction": 0, "terrain_model_probability": 0.0019, "terrain_model_disagreement": 0, "high_confidence_error": 0, "context_effect": "Both models correct", "longitude": -118.07904335202608, "latitude": 52.881404825823246 }, "geometry": { "type": "Polygon", "coordinates": [ [ [ -118.07903, 52.881557 ], [ -118.078817, 52.88154 ], [ -118.078817, 52.881535 ], [ -118.078742, 52.881529 ], [ -118.07878, 52.88136 ], [ -118.079093, 52.881385 ], [ -118.079153, 52.881114 ], [ -118.078903, 52.881094 ], [ -118.078983, 52.880734 ], [ -118.079365, 52.880765 ], [ -118.079068, 52.882103 ], [ -118.078618, 52.882066 ], [ -118.078657, 52.881888 ], [ -118.078951, 52.881911 ], [ -118.07903, 52.881557 ] ] ] } },
{ "type": "Feature", "properties": { "sequence_id": 183, "fold": 3, "actual_label": "Survived", "predicted_label": "Survived", "destroyed_probability": 0.009, "destroyed_probability_pct": 0.9, "risk_class": "Very Low", "prediction_correct": 1, "classification": "TN", "error_label": "Correct survived", "decision_confidence": 0.176, "hazard_only_probability": 0.0063, "context_improved_prediction": 0, "context_hurt_prediction": 0, "terrain_model_probability": 0.0176, "terrain_model_disagreement": 0, "high_confidence_error": 0, "context_effect": "Both models correct", "longitude": -118.07981159397573, "latitude": 52.878515833756857 }, "geometry": { "type": "Polygon", "coordinates": [ [ [ -118.079494, 52.878951 ], [ -118.079542, 52.87894 ], [ -118.079567, 52.878821 ], [ -118.079555, 52.878802 ], [ -118.079723, 52.877998 ], [ -118.079917, 52.878013 ], [ -118.079927, 52.877962 ], [ -118.079843, 52.877833 ], [ -118.079974, 52.877802 ], [ -118.080023, 52.877805 ], [ -118.080184, 52.878051 ], [ -118.080161, 52.878157 ], [ -118.07989, 52.878137 ], [ -118.079875, 52.87814 ], [ -118.079826, 52.878378 ], [ -118.079871, 52.878381 ], [ -118.079877, 52.878349 ], [ -118.079965, 52.878328 ], [ -118.079951, 52.878393 ], [ -118.079987, 52.878448 ], [ -118.079961, 52.87857 ], [ -118.080037, 52.878575 ], [ -118.07998, 52.878845 ], [ -118.079872, 52.878836 ], [ -118.079847, 52.87896 ], [ -118.079857, 52.878976 ], [ -118.079923, 52.878981 ], [ -118.079895, 52.879112 ], [ -118.079468, 52.879079 ], [ -118.079494, 52.878951 ] ] ] } },
{ "type": "Feature", "properties": { "sequence_id": 184, "fold": 2, "actual_label": "Survived", "predicted_label": "Survived", "destroyed_probability": 0.0369, "destroyed_probability_pct": 3.7, "risk_class": "Very Low", "prediction_correct": 1, "classification": "TN", "error_label": "Correct survived", "decision_confidence": 0.3031, "hazard_only_probability": 0.0665, "context_improved_prediction": 0, "context_hurt_prediction": 0, "terrain_model_probability": 0.0495, "terrain_model_disagreement": 0, "high_confidence_error": 0, "context_effect": "Both models correct", "longitude": -118.07934033340467, "latitude": 52.877547576362133 }, "geometry": { "type": "Polygon", "coordinates": [ [ [ -118.079393, 52.877628 ], [ -118.079272, 52.877626 ], [ -118.079279, 52.877501 ], [ -118.079314, 52.877502 ], [ -118.079316, 52.877457 ], [ -118.079402, 52.877459 ], [ -118.079393, 52.877628 ] ] ] } },
{ "type": "Feature", "properties": { "sequence_id": 185, "fold": 2, "actual_label": "Survived", "predicted_label": "Survived", "destroyed_probability": 0.0157, "destroyed_probability_pct": 1.6, "risk_class": "Very Low", "prediction_correct": 1, "classification": "TN", "error_label": "Correct survived", "decision_confidence": 0.3243, "hazard_only_probability": 0.0146, "context_improved_prediction": 0, "context_hurt_prediction": 0, "terrain_model_probability": 0.0226, "terrain_model_disagreement": 0, "high_confidence_error": 0, "context_effect": "Both models correct", "longitude": -118.08076433611751, "latitude": 52.877324034052648 }, "geometry": { "type": "Polygon", "coordinates": [ [ [ -118.08065, 52.877283 ], [ -118.080743, 52.877277 ], [ -118.080736, 52.877239 ], [ -118.080831, 52.877232 ], [ -118.080861, 52.877395 ], [ -118.080711, 52.877405 ], [ -118.080703, 52.877362 ], [ -118.080665, 52.877365 ], [ -118.08065, 52.877283 ] ] ] } },
{ "type": "Feature", "properties": { "sequence_id": 186, "fold": 1, "actual_label": "Survived", "predicted_label": "Survived", "destroyed_probability": 0.1081, "destroyed_probability_pct": 10.8, "risk_class": "Very Low", "prediction_correct": 1, "classification": "TN", "error_label": "Correct survived", "decision_confidence": 0.4019, "hazard_only_probability": 0.0816, "context_improved_prediction": 0, "context_hurt_prediction": 0, "terrain_model_probability": 0.3241, "terrain_model_disagreement": 0, "high_confidence_error": 0, "context_effect": "Both models correct", "longitude": -118.07989472269243, "latitude": 52.875240597463588 }, "geometry": { "type": "Polygon", "coordinates": [ [ [ -118.079777, 52.875344 ], [ -118.079827, 52.875122 ], [ -118.080012, 52.875137 ], [ -118.079963, 52.875359 ], [ -118.079777, 52.875344 ] ] ] } },
{ "type": "Feature", "properties": { "sequence_id": 187, "fold": 1, "actual_label": "Survived", "predicted_label": "Survived", "destroyed_probability": 0.1576, "destroyed_probability_pct": 15.8, "risk_class": "Very Low", "prediction_correct": 1, "classification": "TN", "error_label": "Correct survived", "decision_confidence": 0.3524, "hazard_only_probability": 0.2452, "context_improved_prediction": 0, "context_hurt_prediction": 0, "terrain_model_probability": 0.6043, "terrain_model_disagreement": 0, "high_confidence_error": 0, "context_effect": "Both models correct", "longitude": -118.08062070785381, "latitude": 52.875772620888931 }, "geometry": { "type": "Polygon", "coordinates": [ [ [ -118.080514, 52.875636 ], [ -118.08056, 52.875483 ], [ -118.08086, 52.875517 ], [ -118.080804, 52.875702 ], [ -118.08087, 52.87571 ], [ -118.080839, 52.875811 ], [ -118.080804, 52.875926 ], [ -118.080757, 52.875921 ], [ -118.080722, 52.876038 ], [ -118.08034, 52.875996 ], [ -118.080412, 52.875759 ], [ -118.080409, 52.875759 ], [ -118.080448, 52.875629 ], [ -118.080514, 52.875636 ] ] ] } },
{ "type": "Feature", "properties": { "sequence_id": 188, "fold": 3, "actual_label": "Survived", "predicted_label": "Destroyed", "destroyed_probability": 0.4781, "destroyed_probability_pct": 47.8, "risk_class": "Moderate", "prediction_correct": 0, "classification": "FP", "error_label": "False alarm", "decision_confidence": 0.2931, "hazard_only_probability": 0.6798, "context_improved_prediction": 0, "context_hurt_prediction": 0, "terrain_model_probability": 0.4703, "terrain_model_disagreement": 0, "high_confidence_error": 0, "context_effect": "Both models wrong", "longitude": -118.08107288549647, "latitude": 52.874864602779759 }, "geometry": { "type": "Polygon", "coordinates": [ [ [ -118.080973, 52.875014 ], [ -118.080878, 52.875008 ], [ -118.080878, 52.875013 ], [ -118.081037, 52.875052 ], [ -118.081028, 52.875111 ], [ -118.08106, 52.875119 ], [ -118.081049, 52.875192 ], [ -118.080968, 52.875315 ], [ -118.081032, 52.875373 ], [ -118.08099, 52.875437 ], [ -118.080564, 52.875413 ], [ -118.080575, 52.875343 ], [ -118.080614, 52.875283 ], [ -118.08068, 52.875287 ], [ -118.080706, 52.875119 ], [ -118.080877, 52.874861 ], [ -118.081055, 52.874871 ], [ -118.08106, 52.874842 ], [ -118.080912, 52.874806 ], [ -118.08105, 52.874599 ], [ -118.081079, 52.8746 ], [ -118.081315, 52.874244 ], [ -118.081604, 52.874315 ], [ -118.081116, 52.875048 ], [ -118.080973, 52.875014 ] ] ] } },
{ "type": "Feature", "properties": { "sequence_id": 189, "fold": 1, "actual_label": "Destroyed", "predicted_label": "Survived", "destroyed_probability": 0.2847, "destroyed_probability_pct": 28.5, "risk_class": "Low", "prediction_correct": 0, "classification": "FN", "error_label": "Missed destroyed", "decision_confidence": 0.2253, "hazard_only_probability": 0.4494, "context_improved_prediction": 0, "context_hurt_prediction": 0, "terrain_model_probability": 0.7147, "terrain_model_disagreement": 0, "high_confidence_error": 0, "context_effect": "Both models wrong", "longitude": -118.08306000281399, "latitude": 52.873163398448504 }, "geometry": { "type": "Polygon", "coordinates": [ [ [ -118.083021, 52.873298 ], [ -118.082947, 52.873251 ], [ -118.08299, 52.873227 ], [ -118.082841, 52.873132 ], [ -118.082984, 52.87305 ], [ -118.083114, 52.873133 ], [ -118.08321, 52.873077 ], [ -118.083303, 52.873136 ], [ -118.083021, 52.873298 ] ] ] } },
{ "type": "Feature", "properties": { "sequence_id": 190, "fold": 1, "actual_label": "Survived", "predicted_label": "Destroyed", "destroyed_probability": 0.955, "destroyed_probability_pct": 95.5, "risk_class": "Very High", "prediction_correct": 0, "classification": "FP", "error_label": "False alarm", "decision_confidence": 0.445, "hazard_only_probability": 0.8866, "context_improved_prediction": 0, "context_hurt_prediction": 1, "terrain_model_probability": 0.9412, "terrain_model_disagreement": 0, "high_confidence_error": 0, "context_effect": "Context introduced error", "longitude": -118.08369411646447, "latitude": 52.872715165537066 }, "geometry": { "type": "Polygon", "coordinates": [ [ [ -118.08373, 52.872666 ], [ -118.083769, 52.872748 ], [ -118.083662, 52.872767 ], [ -118.083618, 52.872673 ], [ -118.083642, 52.872669 ], [ -118.083648, 52.87268 ], [ -118.08373, 52.872666 ] ] ] } },
{ "type": "Feature", "properties": { "sequence_id": 191, "fold": 1, "actual_label": "Survived", "predicted_label": "Destroyed", "destroyed_probability": 0.9802, "destroyed_probability_pct": 98.0, "risk_class": "Very High", "prediction_correct": 0, "classification": "FP", "error_label": "False alarm", "decision_confidence": 0.4702, "hazard_only_probability": 0.9857, "context_improved_prediction": 0, "context_hurt_prediction": 0, "terrain_model_probability": 0.9874, "terrain_model_disagreement": 0, "high_confidence_error": 1, "context_effect": "Both models wrong", "longitude": -118.08389950000036, "latitude": 52.872635000012686 }, "geometry": { "type": "Polygon", "coordinates": [ [ [ -118.083869, 52.87269 ], [ -118.083806, 52.872621 ], [ -118.08393, 52.87258 ], [ -118.083993, 52.872649 ], [ -118.083869, 52.87269 ] ] ] } },
{ "type": "Feature", "properties": { "sequence_id": 192, "fold": 1, "actual_label": "Survived", "predicted_label": "Destroyed", "destroyed_probability": 0.8706, "destroyed_probability_pct": 87.1, "risk_class": "Very High", "prediction_correct": 0, "classification": "FP", "error_label": "False alarm", "decision_confidence": 0.3606, "hazard_only_probability": 0.9879, "context_improved_prediction": 0, "context_hurt_prediction": 0, "terrain_model_probability": 0.9316, "terrain_model_disagreement": 0, "high_confidence_error": 0, "context_effect": "Both models wrong", "longitude": -118.08415713254205, "latitude": 52.872598895724522 }, "geometry": { "type": "Polygon", "coordinates": [ [ [ -118.084299, 52.872691 ], [ -118.084199, 52.872729 ], [ -118.083999, 52.872536 ], [ -118.084146, 52.87248 ], [ -118.084271, 52.872601 ], [ -118.084224, 52.872619 ], [ -118.084299, 52.872691 ] ] ] } },
{ "type": "Feature", "properties": { "sequence_id": 193, "fold": 1, "actual_label": "Survived", "predicted_label": "Destroyed", "destroyed_probability": 0.9109, "destroyed_probability_pct": 91.1, "risk_class": "Very High", "prediction_correct": 0, "classification": "FP", "error_label": "False alarm", "decision_confidence": 0.4009, "hazard_only_probability": 0.9905, "context_improved_prediction": 0, "context_hurt_prediction": 0, "terrain_model_probability": 0.9614, "terrain_model_disagreement": 0, "high_confidence_error": 0, "context_effect": "Both models wrong", "longitude": -118.08454681190372, "latitude": 52.872417047620161 }, "geometry": { "type": "Polygon", "coordinates": [ [ [ -118.084666, 52.872456 ], [ -118.084511, 52.872496 ], [ -118.084428, 52.872378 ], [ -118.084582, 52.872338 ], [ -118.084666, 52.872456 ] ] ] } },
{ "type": "Feature", "properties": { "sequence_id": 194, "fold": 3, "actual_label": "Survived", "predicted_label": "Survived", "destroyed_probability": 0.1814, "destroyed_probability_pct": 18.1, "risk_class": "Very Low", "prediction_correct": 1, "classification": "TN", "error_label": "Correct survived", "decision_confidence": 0.0036, "hazard_only_probability": 0.2278, "context_improved_prediction": 0, "context_hurt_prediction": 0, "terrain_model_probability": 0.8347, "terrain_model_disagreement": 1, "high_confidence_error": 0, "context_effect": "Both models correct", "longitude": -118.08496281274954, "latitude": 52.872245525616712 }, "geometry": { "type": "Polygon", "coordinates": [ [ [ -118.08508, 52.872266 ], [ -118.084909, 52.872312 ], [ -118.084846, 52.872225 ], [ -118.085016, 52.872179 ], [ -118.08508, 52.872266 ] ] ] } },
{ "type": "Feature", "properties": { "sequence_id": 195, "fold": 3, "actual_label": "Survived", "predicted_label": "Destroyed", "destroyed_probability": 0.1941, "destroyed_probability_pct": 19.4, "risk_class": "Very Low", "prediction_correct": 0, "classification": "FP", "error_label": "False alarm", "decision_confidence": 0.0091, "hazard_only_probability": 0.1603, "context_improved_prediction": 0, "context_hurt_prediction": 1, "terrain_model_probability": 0.6419, "terrain_model_disagreement": 0, "high_confidence_error": 0, "context_effect": "Context introduced error", "longitude": -118.08567799994211, "latitude": 52.872091000003593 }, "geometry": { "type": "Polygon", "coordinates": [ [ [ -118.085627, 52.872188 ], [ -118.085541, 52.872032 ], [ -118.085729, 52.871994 ], [ -118.085815, 52.87215 ], [ -118.085627, 52.872188 ] ] ] } },
{ "type": "Feature", "properties": { "sequence_id": 196, "fold": 3, "actual_label": "Survived", "predicted_label": "Destroyed", "destroyed_probability": 0.4389, "destroyed_probability_pct": 43.9, "risk_class": "Moderate", "prediction_correct": 0, "classification": "FP", "error_label": "False alarm", "decision_confidence": 0.2539, "hazard_only_probability": 0.1862, "context_improved_prediction": 0, "context_hurt_prediction": 1, "terrain_model_probability": 0.381, "terrain_model_disagreement": 0, "high_confidence_error": 0, "context_effect": "Context introduced error", "longitude": -118.08589049997316, "latitude": 52.872011500007503 }, "geometry": { "type": "Polygon", "coordinates": [ [ [ -118.08591, 52.871947 ], [ -118.085988, 52.87204 ], [ -118.085871, 52.872076 ], [ -118.085793, 52.871983 ], [ -118.08591, 52.871947 ] ] ] } },
{ "type": "Feature", "properties": { "sequence_id": 197, "fold": 3, "actual_label": "Survived", "predicted_label": "Destroyed", "destroyed_probability": 0.3973, "destroyed_probability_pct": 39.7, "risk_class": "Low", "prediction_correct": 0, "classification": "FP", "error_label": "False alarm", "decision_confidence": 0.2123, "hazard_only_probability": 0.1968, "context_improved_prediction": 0, "context_hurt_prediction": 1, "terrain_model_probability": 0.2728, "terrain_model_disagreement": 0, "high_confidence_error": 0, "context_effect": "Context introduced error", "longitude": -118.08727399993803, "latitude": 52.871711999993131 }, "geometry": { "type": "Polygon", "coordinates": [ [ [ -118.08737, 52.871763 ], [ -118.087261, 52.871789 ], [ -118.087178, 52.871661 ], [ -118.087287, 52.871635 ], [ -118.08737, 52.871763 ] ] ] } },
{ "type": "Feature", "properties": { "sequence_id": 198, "fold": 3, "actual_label": "Survived", "predicted_label": "Destroyed", "destroyed_probability": 0.2404, "destroyed_probability_pct": 24.0, "risk_class": "Low", "prediction_correct": 0, "classification": "FP", "error_label": "False alarm", "decision_confidence": 0.0554, "hazard_only_probability": 0.1417, "context_improved_prediction": 0, "context_hurt_prediction": 1, "terrain_model_probability": 0.5324, "terrain_model_disagreement": 0, "high_confidence_error": 0, "context_effect": "Context introduced error", "longitude": -118.08772199907673, "latitude": 52.871615586125543 }, "geometry": { "type": "Polygon", "coordinates": [ [ [ -118.087805, 52.871641 ], [ -118.08783, 52.871637 ], [ -118.087866, 52.871708 ], [ -118.087784, 52.871723 ], [ -118.087742, 52.871641 ], [ -118.087637, 52.871661 ], [ -118.087583, 52.871555 ], [ -118.087746, 52.871525 ], [ -118.087805, 52.871641 ] ] ] } },
{ "type": "Feature", "properties": { "sequence_id": 199, "fold": 3, "actual_label": "Survived", "predicted_label": "Destroyed", "destroyed_probability": 0.3158, "destroyed_probability_pct": 31.6, "risk_class": "Low", "prediction_correct": 0, "classification": "FP", "error_label": "False alarm", "decision_confidence": 0.1308, "hazard_only_probability": 0.1413, "context_improved_prediction": 0, "context_hurt_prediction": 1, "terrain_model_probability": 0.5299, "terrain_model_disagreement": 0, "high_confidence_error": 0, "context_effect": "Context introduced error", "longitude": -118.08812258970379, "latitude": 52.871507700970881 }, "geometry": { "type": "Polygon", "coordinates": [ [ [ -118.08801, 52.871465 ], [ -118.088173, 52.871433 ], [ -118.088235, 52.871551 ], [ -118.088072, 52.871582 ], [ -118.08801, 52.871465 ] ] ] } },
{ "type": "Feature", "properties": { "sequence_id": 200, "fold": 1, "actual_label": "Survived", "predicted_label": "Destroyed", "destroyed_probability": 0.9486, "destroyed_probability_pct": 94.9, "risk_class": "Very High", "prediction_correct": 0, "classification": "FP", "error_label": "False alarm", "decision_confidence": 0.4386, "hazard_only_probability": 0.9165, "context_improved_prediction": 0, "context_hurt_prediction": 1, "terrain_model_probability": 0.8809, "terrain_model_disagreement": 1, "high_confidence_error": 0, "context_effect": "Context introduced error", "longitude": -118.08897542207244, "latitude": 52.871345627814229 }, "geometry": { "type": "Polygon", "coordinates": [ [ [ -118.088963, 52.871465 ], [ -118.088869, 52.871309 ], [ -118.088959, 52.87129 ], [ -118.088935, 52.871251 ], [ -118.089009, 52.871235 ], [ -118.089076, 52.871346 ], [ -118.088991, 52.871365 ], [ -118.089041, 52.871448 ], [ -118.088963, 52.871465 ] ] ] } },
{ "type": "Feature", "properties": { "sequence_id": 201, "fold": 1, "actual_label": "Survived", "predicted_label": "Destroyed", "destroyed_probability": 0.7987, "destroyed_probability_pct": 79.9, "risk_class": "High", "prediction_correct": 0, "classification": "FP", "error_label": "False alarm", "decision_confidence": 0.2887, "hazard_only_probability": 0.8629, "context_improved_prediction": 0, "context_hurt_prediction": 1, "terrain_model_probability": 0.6889, "terrain_model_disagreement": 1, "high_confidence_error": 0, "context_effect": "Context introduced error", "longitude": -118.08942171481299, "latitude": 52.871245784114564 }, "geometry": { "type": "Polygon", "coordinates": [ [ [ -118.089452, 52.87136 ], [ -118.089415, 52.871281 ], [ -118.089335, 52.871295 ], [ -118.08928, 52.871178 ], [ -118.089462, 52.871147 ], [ -118.089553, 52.871343 ], [ -118.089452, 52.87136 ] ] ] } },
{ "type": "Feature", "properties": { "sequence_id": 202, "fold": 2, "actual_label": "Survived", "predicted_label": "Survived", "destroyed_probability": 0.2888, "destroyed_probability_pct": 28.9, "risk_class": "Low", "prediction_correct": 1, "classification": "TN", "error_label": "Correct survived", "decision_confidence": 0.0512, "hazard_only_probability": 0.2907, "context_improved_prediction": 0, "context_hurt_prediction": 0, "terrain_model_probability": 0.1259, "terrain_model_disagreement": 0, "high_confidence_error": 0, "context_effect": "Both models correct", "longitude": -118.089632999972, "latitude": 52.871184000015262 }, "geometry": { "type": "Polygon", "coordinates": [ [ [ -118.08977, 52.871235 ], [ -118.089566, 52.871272 ], [ -118.089496, 52.871133 ], [ -118.0897, 52.871096 ], [ -118.08977, 52.871235 ] ] ] } },
{ "type": "Feature", "properties": { "sequence_id": 203, "fold": 2, "actual_label": "Destroyed", "predicted_label": "Survived", "destroyed_probability": 0.0907, "destroyed_probability_pct": 9.1, "risk_class": "Very Low", "prediction_correct": 0, "classification": "FN", "error_label": "Missed destroyed", "decision_confidence": 0.2493, "hazard_only_probability": 0.176, "context_improved_prediction": 0, "context_hurt_prediction": 0, "terrain_model_probability": 0.1554, "terrain_model_disagreement": 0, "high_confidence_error": 0, "context_effect": "Both models wrong", "longitude": -118.09036641037784, "latitude": 52.871051580718166 }, "geometry": { "type": "Polygon", "coordinates": [ [ [ -118.090147, 52.871191 ], [ -118.090082, 52.871079 ], [ -118.090357, 52.871021 ], [ -118.090301, 52.870925 ], [ -118.09049, 52.870885 ], [ -118.090611, 52.871093 ], [ -118.090147, 52.871191 ] ] ] } },
{ "type": "Feature", "properties": { "sequence_id": 204, "fold": 2, "actual_label": "Destroyed", "predicted_label": "Destroyed", "destroyed_probability": 0.562, "destroyed_probability_pct": 56.2, "risk_class": "Moderate", "prediction_correct": 1, "classification": "TP", "error_label": "Correct destroyed", "decision_confidence": 0.222, "hazard_only_probability": 0.8309, "context_improved_prediction": 0, "context_hurt_prediction": 0, "terrain_model_probability": 0.4573, "terrain_model_disagreement": 1, "high_confidence_error": 0, "context_effect": "Both models correct", "longitude": -118.09092210408114, "latitude": 52.871132294839363 }, "geometry": { "type": "Polygon", "coordinates": [ [ [ -118.090427, 52.87144 ], [ -118.090401, 52.871391 ], [ -118.090452, 52.871381 ], [ -118.090397, 52.871279 ], [ -118.090545, 52.87125 ], [ -118.090581, 52.871316 ], [ -118.091165, 52.871202 ], [ -118.091004, 52.8709 ], [ -118.090698, 52.87096 ], [ -118.090646, 52.870863 ], [ -118.091086, 52.870778 ], [ -118.091344, 52.871262 ], [ -118.090427, 52.87144 ] ] ] } },
{ "type": "Feature", "properties": { "sequence_id": 205, "fold": 2, "actual_label": "Survived", "predicted_label": "Survived", "destroyed_probability": 0.0014, "destroyed_probability_pct": 0.1, "risk_class": "Very Low", "prediction_correct": 1, "classification": "TN", "error_label": "Correct survived", "decision_confidence": 0.3386, "hazard_only_probability": 0.0049, "context_improved_prediction": 0, "context_hurt_prediction": 0, "terrain_model_probability": 0.003, "terrain_model_disagreement": 0, "high_confidence_error": 0, "context_effect": "Both models correct", "longitude": -118.08304214290825, "latitude": 52.877936113314654 }, "geometry": { "type": "Polygon", "coordinates": [ [ [ -118.082578, 52.877937 ], [ -118.082504, 52.877929 ], [ -118.082533, 52.877826 ], [ -118.08259, 52.877832 ], [ -118.082597, 52.877807 ], [ -118.082723, 52.87782 ], [ -118.082746, 52.877739 ], [ -118.082852, 52.87775 ], [ -118.082828, 52.877838 ], [ -118.082929, 52.877848 ], [ -118.082953, 52.877763 ], [ -118.08349, 52.877819 ], [ -118.083465, 52.877907 ], [ -118.083548, 52.877916 ], [ -118.083511, 52.878046 ], [ -118.083441, 52.878039 ], [ -118.083416, 52.878123 ], [ -118.08255, 52.878033 ], [ -118.082578, 52.877937 ] ] ] } },
{ "type": "Feature", "properties": { "sequence_id": 206, "fold": 2, "actual_label": "Survived", "predicted_label": "Survived", "destroyed_probability": 0.0034, "destroyed_probability_pct": 0.3, "risk_class": "Very Low", "prediction_correct": 1, "classification": "TN", "error_label": "Correct survived", "decision_confidence": 0.3366, "hazard_only_probability": 0.0305, "context_improved_prediction": 0, "context_hurt_prediction": 0, "terrain_model_probability": 0.0028, "terrain_model_disagreement": 0, "high_confidence_error": 0, "context_effect": "Both models correct", "longitude": -118.0852307678732, "latitude": 52.878215277713259 }, "geometry": { "type": "Polygon", "coordinates": [ [ [ -118.084699, 52.877896 ], [ -118.084917, 52.877918 ], [ -118.084933, 52.877858 ], [ -118.085, 52.877865 ], [ -118.084987, 52.87791 ], [ -118.085054, 52.877917 ], [ -118.085061, 52.877891 ], [ -118.085689, 52.877955 ], [ -118.085628, 52.878172 ], [ -118.0861, 52.87822 ], [ -118.086046, 52.878414 ], [ -118.085513, 52.878359 ], [ -118.085457, 52.878559 ], [ -118.085163, 52.878529 ], [ -118.085157, 52.87855 ], [ -118.084816, 52.878515 ], [ -118.084851, 52.87839 ], [ -118.084568, 52.878361 ], [ -118.084699, 52.877896 ] ] ] } },
{ "type": "Feature", "properties": { "sequence_id": 207, "fold": 3, "actual_label": "Survived", "predicted_label": "Survived", "destroyed_probability": 0.0055, "destroyed_probability_pct": 0.5, "risk_class": "Very Low", "prediction_correct": 1, "classification": "TN", "error_label": "Correct survived", "decision_confidence": 0.1795, "hazard_only_probability": 0.0032, "context_improved_prediction": 0, "context_hurt_prediction": 0, "terrain_model_probability": 0.0068, "terrain_model_disagreement": 0, "high_confidence_error": 0, "context_effect": "Both models correct", "longitude": -118.08016830462407, "latitude": 52.883992790655789 }, "geometry": { "type": "Polygon", "coordinates": [ [ [ -118.080307, 52.883973 ], [ -118.080286, 52.884041 ], [ -118.080029, 52.884012 ], [ -118.08005, 52.883945 ], [ -118.080307, 52.883973 ] ] ] } },
{ "type": "Feature", "properties": { "sequence_id": 208, "fold": 3, "actual_label": "Survived", "predicted_label": "Survived", "destroyed_probability": 0.0013, "destroyed_probability_pct": 0.1, "risk_class": "Very Low", "prediction_correct": 1, "classification": "TN", "error_label": "Correct survived", "decision_confidence": 0.1837, "hazard_only_probability": 0.0032, "context_improved_prediction": 0, "context_hurt_prediction": 0, "terrain_model_probability": 0.0046, "terrain_model_disagreement": 0, "high_confidence_error": 0, "context_effect": "Both models correct", "longitude": -118.0808445, "latitude": 52.883929999994265 }, "geometry": { "type": "Polygon", "coordinates": [ [ [ -118.080795, 52.883884 ], [ -118.080894, 52.883884 ], [ -118.080894, 52.883976 ], [ -118.080795, 52.883976 ], [ -118.080795, 52.883884 ] ] ] } },
{ "type": "Feature", "properties": { "sequence_id": 209, "fold": 3, "actual_label": "Survived", "predicted_label": "Survived", "destroyed_probability": 0.0061, "destroyed_probability_pct": 0.6, "risk_class": "Very Low", "prediction_correct": 1, "classification": "TN", "error_label": "Correct survived", "decision_confidence": 0.1789, "hazard_only_probability": 0.0032, "context_improved_prediction": 0, "context_hurt_prediction": 0, "terrain_model_probability": 0.0078, "terrain_model_disagreement": 0, "high_confidence_error": 0, "context_effect": "Both models correct", "longitude": -118.08019299997709, "latitude": 52.883888500059101 }, "geometry": { "type": "Polygon", "coordinates": [ [ [ -118.080335, 52.883859 ], [ -118.080312, 52.883944 ], [ -118.080051, 52.883918 ], [ -118.080074, 52.883833 ], [ -118.080335, 52.883859 ] ] ] } },
{ "type": "Feature", "properties": { "sequence_id": 210, "fold": 3, "actual_label": "Survived", "predicted_label": "Survived", "destroyed_probability": 0.0043, "destroyed_probability_pct": 0.4, "risk_class": "Very Low", "prediction_correct": 1, "classification": "TN", "error_label": "Correct survived", "decision_confidence": 0.1807, "hazard_only_probability": 0.0032, "context_improved_prediction": 0, "context_hurt_prediction": 0, "terrain_model_probability": 0.0051, "terrain_model_disagreement": 0, "high_confidence_error": 0, "context_effect": "Both models correct", "longitude": -118.080297, "latitude": 52.883758499996297 }, "geometry": { "type": "Polygon", "coordinates": [ [ [ -118.080355, 52.88371 ], [ -118.080355, 52.883807 ], [ -118.080239, 52.883807 ], [ -118.080239, 52.88371 ], [ -118.080355, 52.88371 ] ] ] } },
{ "type": "Feature", "properties": { "sequence_id": 211, "fold": 3, "actual_label": "Survived", "predicted_label": "Survived", "destroyed_probability": 0.0022, "destroyed_probability_pct": 0.2, "risk_class": "Very Low", "prediction_correct": 1, "classification": "TN", "error_label": "Correct survived", "decision_confidence": 0.1828, "hazard_only_probability": 0.0032, "context_improved_prediction": 0, "context_hurt_prediction": 0, "terrain_model_probability": 0.0041, "terrain_model_disagreement": 0, "high_confidence_error": 0, "context_effect": "Both models correct", "longitude": -118.08096750000057, "latitude": 52.88365350002266 }, "geometry": { "type": "Polygon", "coordinates": [ [ [ -118.081055, 52.883689 ], [ -118.08088, 52.883689 ], [ -118.08088, 52.883618 ], [ -118.081055, 52.883618 ], [ -118.081055, 52.883689 ] ] ] } },
{ "type": "Feature", "properties": { "sequence_id": 212, "fold": 3, "actual_label": "Survived", "predicted_label": "Survived", "destroyed_probability": 0.0021, "destroyed_probability_pct": 0.2, "risk_class": "Very Low", "prediction_correct": 1, "classification": "TN", "error_label": "Correct survived", "decision_confidence": 0.1829, "hazard_only_probability": 0.0032, "context_improved_prediction": 0, "context_hurt_prediction": 0, "terrain_model_probability": 0.0041, "terrain_model_disagreement": 0, "high_confidence_error": 0, "context_effect": "Both models correct", "longitude": -118.08099050000025, "latitude": 52.883518500009984 }, "geometry": { "type": "Polygon", "coordinates": [ [ [ -118.081055, 52.88355 ], [ -118.080926, 52.88355 ], [ -118.080926, 52.883487 ], [ -118.081055, 52.883487 ], [ -118.081055, 52.88355 ] ] ] } },
{ "type": "Feature", "properties": { "sequence_id": 213, "fold": 3, "actual_label": "Survived", "predicted_label": "Survived", "destroyed_probability": 0.0026, "destroyed_probability_pct": 0.3, "risk_class": "Very Low", "prediction_correct": 1, "classification": "TN", "error_label": "Correct survived", "decision_confidence": 0.1824, "hazard_only_probability": 0.0032, "context_improved_prediction": 0, "context_hurt_prediction": 0, "terrain_model_probability": 0.0048, "terrain_model_disagreement": 0, "high_confidence_error": 0, "context_effect": "Both models correct", "longitude": -118.0811495000001, "latitude": 52.883044000001 }, "geometry": { "type": "Polygon", "coordinates": [ [ [ -118.081065, 52.882982 ], [ -118.081234, 52.882982 ], [ -118.081234, 52.883106 ], [ -118.081065, 52.883106 ], [ -118.081065, 52.882982 ] ] ] } },
{ "type": "Feature", "properties": { "sequence_id": 214, "fold": 3, "actual_label": "Survived", "predicted_label": "Survived", "destroyed_probability": 0.0056, "destroyed_probability_pct": 0.6, "risk_class": "Very Low", "prediction_correct": 1, "classification": "TN", "error_label": "Correct survived", "decision_confidence": 0.1794, "hazard_only_probability": 0.0032, "context_improved_prediction": 0, "context_hurt_prediction": 0, "terrain_model_probability": 0.0039, "terrain_model_disagreement": 0, "high_confidence_error": 0, "context_effect": "Both models correct", "longitude": -118.08046835214053, "latitude": 52.88307667508839 }, "geometry": { "type": "Polygon", "coordinates": [ [ [ -118.080544, 52.883111 ], [ -118.080414, 52.883123 ], [ -118.080392, 52.883043 ], [ -118.080523, 52.88303 ], [ -118.080544, 52.883111 ] ] ] } },
{ "type": "Feature", "properties": { "sequence_id": 215, "fold": 3, "actual_label": "Survived", "predicted_label": "Survived", "destroyed_probability": 0.0043, "destroyed_probability_pct": 0.4, "risk_class": "Very Low", "prediction_correct": 1, "classification": "TN", "error_label": "Correct survived", "decision_confidence": 0.1807, "hazard_only_probability": 0.0032, "context_improved_prediction": 0, "context_hurt_prediction": 0, "terrain_model_probability": 0.0048, "terrain_model_disagreement": 0, "high_confidence_error": 0, "context_effect": "Both models correct", "longitude": -118.08050265478869, "latitude": 52.882929764438565 }, "geometry": { "type": "Polygon", "coordinates": [ [ [ -118.080569, 52.882972 ], [ -118.080425, 52.882964 ], [ -118.080436, 52.882888 ], [ -118.08058, 52.882895 ], [ -118.080569, 52.882972 ] ] ] } },
{ "type": "Feature", "properties": { "sequence_id": 216, "fold": 3, "actual_label": "Survived", "predicted_label": "Survived", "destroyed_probability": 0.0024, "destroyed_probability_pct": 0.2, "risk_class": "Very Low", "prediction_correct": 1, "classification": "TN", "error_label": "Correct survived", "decision_confidence": 0.1826, "hazard_only_probability": 0.0032, "context_improved_prediction": 0, "context_hurt_prediction": 0, "terrain_model_probability": 0.0068, "terrain_model_disagreement": 0, "high_confidence_error": 0, "context_effect": "Both models correct", "longitude": -118.0812090000168, "latitude": 52.882729499949093 }, "geometry": { "type": "Polygon", "coordinates": [ [ [ -118.081289, 52.882633 ], [ -118.081275, 52.88283 ], [ -118.081129, 52.882826 ], [ -118.081143, 52.882629 ], [ -118.081289, 52.882633 ] ] ] } },
{ "type": "Feature", "properties": { "sequence_id": 217, "fold": 3, "actual_label": "Survived", "predicted_label": "Survived", "destroyed_probability": 0.0039, "destroyed_probability_pct": 0.4, "risk_class": "Very Low", "prediction_correct": 1, "classification": "TN", "error_label": "Correct survived", "decision_confidence": 0.1811, "hazard_only_probability": 0.0033, "context_improved_prediction": 0, "context_hurt_prediction": 0, "terrain_model_probability": 0.0023, "terrain_model_disagreement": 0, "high_confidence_error": 0, "context_effect": "Both models correct", "longitude": -118.08030510783436, "latitude": 52.882813832021256 }, "geometry": { "type": "Polygon", "coordinates": [ [ [ -118.08029, 52.882791 ], [ -118.080346, 52.882813 ], [ -118.08032, 52.882837 ], [ -118.080264, 52.882814 ], [ -118.08029, 52.882791 ] ] ] } },
{ "type": "Feature", "properties": { "sequence_id": 218, "fold": 3, "actual_label": "Survived", "predicted_label": "Survived", "destroyed_probability": 0.005, "destroyed_probability_pct": 0.5, "risk_class": "Very Low", "prediction_correct": 1, "classification": "TN", "error_label": "Correct survived", "decision_confidence": 0.18, "hazard_only_probability": 0.0032, "context_improved_prediction": 0, "context_hurt_prediction": 0, "terrain_model_probability": 0.0051, "terrain_model_disagreement": 0, "high_confidence_error": 0, "context_effect": "Both models correct", "longitude": -118.08058450001022, "latitude": 52.88266900000707 }, "geometry": { "type": "Polygon", "coordinates": [ [ [ -118.080516, 52.882605 ], [ -118.080683, 52.882621 ], [ -118.080653, 52.882733 ], [ -118.080486, 52.882717 ], [ -118.080516, 52.882605 ] ] ] } },
{ "type": "Feature", "properties": { "sequence_id": 219, "fold": 3, "actual_label": "Survived", "predicted_label": "Survived", "destroyed_probability": 0.0077, "destroyed_probability_pct": 0.8, "risk_class": "Very Low", "prediction_correct": 1, "classification": "TN", "error_label": "Correct survived", "decision_confidence": 0.1773, "hazard_only_probability": 0.0032, "context_improved_prediction": 0, "context_hurt_prediction": 0, "terrain_model_probability": 0.0026, "terrain_model_disagreement": 0, "high_confidence_error": 0, "context_effect": "Both models correct", "longitude": -118.08057805214059, "latitude": 52.882541690062418 }, "geometry": { "type": "Polygon", "coordinates": [ [ [ -118.080681, 52.882594 ], [ -118.080451, 52.882568 ], [ -118.080475, 52.882489 ], [ -118.080706, 52.882516 ], [ -118.080681, 52.882594 ] ] ] } },
{ "type": "Feature", "properties": { "sequence_id": 220, "fold": 1, "actual_label": "Survived", "predicted_label": "Survived", "destroyed_probability": 0.0206, "destroyed_probability_pct": 2.1, "risk_class": "Very Low", "prediction_correct": 1, "classification": "TN", "error_label": "Correct survived", "decision_confidence": 0.4894, "hazard_only_probability": 0.0014, "context_improved_prediction": 0, "context_hurt_prediction": 0, "terrain_model_probability": 0.01, "terrain_model_disagreement": 0, "high_confidence_error": 0, "context_effect": "Both models correct", "longitude": -118.08069995368581, "latitude": 52.882078241633934 }, "geometry": { "type": "Polygon", "coordinates": [ [ [ -118.080814, 52.882056 ], [ -118.080798, 52.88212 ], [ -118.080586, 52.882101 ], [ -118.080603, 52.882036 ], [ -118.080814, 52.882056 ] ] ] } },
{ "type": "Feature", "properties": { "sequence_id": 221, "fold": 1, "actual_label": "Survived", "predicted_label": "Survived", "destroyed_probability": 0.0113, "destroyed_probability_pct": 1.1, "risk_class": "Very Low", "prediction_correct": 1, "classification": "TN", "error_label": "Correct survived", "decision_confidence": 0.4987, "hazard_only_probability": 0.0014, "context_improved_prediction": 0, "context_hurt_prediction": 0, "terrain_model_probability": 0.0066, "terrain_model_disagreement": 0, "high_confidence_error": 0, "context_effect": "Both models correct", "longitude": -118.08073722904217, "latitude": 52.881782925502733 }, "geometry": { "type": "Polygon", "coordinates": [ [ [ -118.080602, 52.881721 ], [ -118.080878, 52.881761 ], [ -118.080839, 52.881859 ], [ -118.080741, 52.881844 ], [ -118.080754, 52.881812 ], [ -118.080576, 52.881787 ], [ -118.080602, 52.881721 ] ] ] } },
{ "type": "Feature", "properties": { "sequence_id": 222, "fold": 1, "actual_label": "Survived", "predicted_label": "Survived", "destroyed_probability": 0.0191, "destroyed_probability_pct": 1.9, "risk_class": "Very Low", "prediction_correct": 1, "classification": "TN", "error_label": "Correct survived", "decision_confidence": 0.4909, "hazard_only_probability": 0.0027, "context_improved_prediction": 0, "context_hurt_prediction": 0, "terrain_model_probability": 0.0131, "terrain_model_disagreement": 0, "high_confidence_error": 0, "context_effect": "Both models correct", "longitude": -118.08150665955836, "latitude": 52.881716754838877 }, "geometry": { "type": "Polygon", "coordinates": [ [ [ -118.081597, 52.881767 ], [ -118.081412, 52.881763 ], [ -118.081416, 52.881667 ], [ -118.081601, 52.88167 ], [ -118.081597, 52.881767 ] ] ] } },
{ "type": "Feature", "properties": { "sequence_id": 223, "fold": 1, "actual_label": "Survived", "predicted_label": "Survived", "destroyed_probability": 0.0051, "destroyed_probability_pct": 0.5, "risk_class": "Very Low", "prediction_correct": 1, "classification": "TN", "error_label": "Correct survived", "decision_confidence": 0.5049, "hazard_only_probability": 0.0025, "context_improved_prediction": 0, "context_hurt_prediction": 0, "terrain_model_probability": 0.0036, "terrain_model_disagreement": 0, "high_confidence_error": 0, "context_effect": "Both models correct", "longitude": -118.0817545000252, "latitude": 52.880663499978809 }, "geometry": { "type": "Polygon", "coordinates": [ [ [ -118.081697, 52.880582 ], [ -118.081841, 52.880592 ], [ -118.081812, 52.880745 ], [ -118.081668, 52.880735 ], [ -118.081697, 52.880582 ] ] ] } },
{ "type": "Feature", "properties": { "sequence_id": 224, "fold": 1, "actual_label": "Survived", "predicted_label": "Survived", "destroyed_probability": 0.0022, "destroyed_probability_pct": 0.2, "risk_class": "Very Low", "prediction_correct": 1, "classification": "TN", "error_label": "Correct survived", "decision_confidence": 0.5078, "hazard_only_probability": 0.0012, "context_improved_prediction": 0, "context_hurt_prediction": 0, "terrain_model_probability": 0.0018, "terrain_model_disagreement": 0, "high_confidence_error": 0, "context_effect": "Both models correct", "longitude": -118.08112703806093, "latitude": 52.880652344668817 }, "geometry": { "type": "Polygon", "coordinates": [ [ [ -118.081193, 52.880703 ], [ -118.081026, 52.880698 ], [ -118.081033, 52.880606 ], [ -118.081243, 52.880612 ], [ -118.081239, 52.880666 ], [ -118.081196, 52.880665 ], [ -118.081193, 52.880703 ] ] ] } },
{ "type": "Feature", "properties": { "sequence_id": 225, "fold": 1, "actual_label": "Survived", "predicted_label": "Survived", "destroyed_probability": 0.003, "destroyed_probability_pct": 0.3, "risk_class": "Very Low", "prediction_correct": 1, "classification": "TN", "error_label": "Correct survived", "decision_confidence": 0.507, "hazard_only_probability": 0.0012, "context_improved_prediction": 0, "context_hurt_prediction": 0, "terrain_model_probability": 0.002, "terrain_model_disagreement": 0, "high_confidence_error": 0, "context_effect": "Both models correct", "longitude": -118.08115250000064, "latitude": 52.880538500025331 }, "geometry": { "type": "Polygon", "coordinates": [ [ [ -118.081248, 52.880497 ], [ -118.081248, 52.88058 ], [ -118.081057, 52.88058 ], [ -118.081057, 52.880497 ], [ -118.081248, 52.880497 ] ] ] } },
{ "type": "Feature", "properties": { "sequence_id": 226, "fold": 2, "actual_label": "Survived", "predicted_label": "Survived", "destroyed_probability": 0.0028, "destroyed_probability_pct": 0.3, "risk_class": "Very Low", "prediction_correct": 1, "classification": "TN", "error_label": "Correct survived", "decision_confidence": 0.3372, "hazard_only_probability": 0.0017, "context_improved_prediction": 0, "context_hurt_prediction": 0, "terrain_model_probability": 0.0017, "terrain_model_disagreement": 0, "high_confidence_error": 0, "context_effect": "Both models correct", "longitude": -118.08193589251466, "latitude": 52.880208233408013 }, "geometry": { "type": "Polygon", "coordinates": [ [ [ -118.081865, 52.880142 ], [ -118.082027, 52.880152 ], [ -118.082007, 52.880274 ], [ -118.081845, 52.880265 ], [ -118.081865, 52.880142 ] ] ] } },
{ "type": "Feature", "properties": { "sequence_id": 227, "fold": 2, "actual_label": "Survived", "predicted_label": "Survived", "destroyed_probability": 0.0037, "destroyed_probability_pct": 0.4, "risk_class": "Very Low", "prediction_correct": 1, "classification": "TN", "error_label": "Correct survived", "decision_confidence": 0.3363, "hazard_only_probability": 0.0008, "context_improved_prediction": 0, "context_hurt_prediction": 0, "terrain_model_probability": 0.0033, "terrain_model_disagreement": 0, "high_confidence_error": 0, "context_effect": "Both models correct", "longitude": -118.08132141179995, "latitude": 52.880113220041693 }, "geometry": { "type": "Polygon", "coordinates": [ [ [ -118.0814, 52.880066 ], [ -118.081369, 52.880174 ], [ -118.081243, 52.880161 ], [ -118.081274, 52.880052 ], [ -118.0814, 52.880066 ] ] ] } },
{ "type": "Feature", "properties": { "sequence_id": 228, "fold": 2, "actual_label": "Survived", "predicted_label": "Survived", "destroyed_probability": 0.001, "destroyed_probability_pct": 0.1, "risk_class": "Very Low", "prediction_correct": 1, "classification": "TN", "error_label": "Correct survived", "decision_confidence": 0.339, "hazard_only_probability": 0.0008, "context_improved_prediction": 0, "context_hurt_prediction": 0, "terrain_model_probability": 0.0008, "terrain_model_disagreement": 0, "high_confidence_error": 0, "context_effect": "Both models correct", "longitude": -118.08126949999654, "latitude": 52.879962500041806 }, "geometry": { "type": "Polygon", "coordinates": [ [ [ -118.081138, 52.880012 ], [ -118.081153, 52.879901 ], [ -118.081401, 52.879913 ], [ -118.081386, 52.880024 ], [ -118.081138, 52.880012 ] ] ] } },
{ "type": "Feature", "properties": { "sequence_id": 229, "fold": 2, "actual_label": "Survived", "predicted_label": "Survived", "destroyed_probability": 0.0023, "destroyed_probability_pct": 0.2, "risk_class": "Very Low", "prediction_correct": 1, "classification": "TN", "error_label": "Correct survived", "decision_confidence": 0.3377, "hazard_only_probability": 0.0012, "context_improved_prediction": 0, "context_hurt_prediction": 0, "terrain_model_probability": 0.0026, "terrain_model_disagreement": 0, "high_confidence_error": 0, "context_effect": "Both models correct", "longitude": -118.081378000001, "latitude": 52.879844000023155 }, "geometry": { "type": "Polygon", "coordinates": [ [ [ -118.081288, 52.879882 ], [ -118.081288, 52.879806 ], [ -118.081468, 52.879806 ], [ -118.081468, 52.879882 ], [ -118.081288, 52.879882 ] ] ] } },
{ "type": "Feature", "properties": { "sequence_id": 230, "fold": 2, "actual_label": "Survived", "predicted_label": "Survived", "destroyed_probability": 0.0023, "destroyed_probability_pct": 0.2, "risk_class": "Very Low", "prediction_correct": 1, "classification": "TN", "error_label": "Correct survived", "decision_confidence": 0.3377, "hazard_only_probability": 0.0012, "context_improved_prediction": 0, "context_hurt_prediction": 0, "terrain_model_probability": 0.002, "terrain_model_disagreement": 0, "high_confidence_error": 0, "context_effect": "Both models correct", "longitude": -118.081353, "latitude": 52.879696000032943 }, "geometry": { "type": "Polygon", "coordinates": [ [ [ -118.08124, 52.879633 ], [ -118.081477, 52.879641 ], [ -118.081466, 52.879759 ], [ -118.081229, 52.879751 ], [ -118.08124, 52.879633 ] ] ] } },
{ "type": "Feature", "properties": { "sequence_id": 231, "fold": 2, "actual_label": "Survived", "predicted_label": "Survived", "destroyed_probability": 0.0055, "destroyed_probability_pct": 0.6, "risk_class": "Very Low", "prediction_correct": 1, "classification": "TN", "error_label": "Correct survived", "decision_confidence": 0.3345, "hazard_only_probability": 0.0012, "context_improved_prediction": 0, "context_hurt_prediction": 0, "terrain_model_probability": 0.0026, "terrain_model_disagreement": 0, "high_confidence_error": 0, "context_effect": "Both models correct", "longitude": -118.0814252205964, "latitude": 52.879580024589586 }, "geometry": { "type": "Polygon", "coordinates": [ [ [ -118.081549, 52.879553 ], [ -118.081531, 52.879628 ], [ -118.081301, 52.879607 ], [ -118.08132, 52.879532 ], [ -118.081549, 52.879553 ] ] ] } },
{ "type": "Feature", "properties": { "sequence_id": 232, "fold": 2, "actual_label": "Survived", "predicted_label": "Survived", "destroyed_probability": 0.0016, "destroyed_probability_pct": 0.2, "risk_class": "Very Low", "prediction_correct": 1, "classification": "TN", "error_label": "Correct survived", "decision_confidence": 0.3384, "hazard_only_probability": 0.0028, "context_improved_prediction": 0, "context_hurt_prediction": 0, "terrain_model_probability": 0.0028, "terrain_model_disagreement": 0, "high_confidence_error": 0, "context_effect": "Both models correct", "longitude": -118.08158417893586, "latitude": 52.87904966020114 }, "geometry": { "type": "Polygon", "coordinates": [ [ [ -118.081814, 52.878928 ], [ -118.081729, 52.879212 ], [ -118.081355, 52.879172 ], [ -118.081439, 52.878887 ], [ -118.081814, 52.878928 ] ] ] } },
{ "type": "Feature", "properties": { "sequence_id": 233, "fold": 2, "actual_label": "Survived", "predicted_label": "Survived", "destroyed_probability": 0.0028, "destroyed_probability_pct": 0.3, "risk_class": "Very Low", "prediction_correct": 1, "classification": "TN", "error_label": "Correct survived", "decision_confidence": 0.3372, "hazard_only_probability": 0.0033, "context_improved_prediction": 0, "context_hurt_prediction": 0, "terrain_model_probability": 0.0066, "terrain_model_disagreement": 0, "high_confidence_error": 0, "context_effect": "Both models correct", "longitude": -118.08168896512238, "latitude": 52.878669208586956 }, "geometry": { "type": "Polygon", "coordinates": [ [ [ -118.08163, 52.87846 ], [ -118.081847, 52.87848 ], [ -118.081748, 52.878878 ], [ -118.081531, 52.878859 ], [ -118.08163, 52.87846 ] ] ] } },
{ "type": "Feature", "properties": { "sequence_id": 234, "fold": 2, "actual_label": "Survived", "predicted_label": "Survived", "destroyed_probability": 0.0082, "destroyed_probability_pct": 0.8, "risk_class": "Very Low", "prediction_correct": 1, "classification": "TN", "error_label": "Correct survived", "decision_confidence": 0.3318, "hazard_only_probability": 0.0044, "context_improved_prediction": 0, "context_hurt_prediction": 0, "terrain_model_probability": 0.0091, "terrain_model_disagreement": 0, "high_confidence_error": 0, "context_effect": "Both models correct", "longitude": -118.08178150000215, "latitude": 52.878236000049121 }, "geometry": { "type": "Polygon", "coordinates": [ [ [ -118.081664, 52.878203 ], [ -118.081898, 52.878202 ], [ -118.081899, 52.878269 ], [ -118.081665, 52.87827 ], [ -118.081664, 52.878203 ] ] ] } },
{ "type": "Feature", "properties": { "sequence_id": 235, "fold": 2, "actual_label": "Survived", "predicted_label": "Survived", "destroyed_probability": 0.0052, "destroyed_probability_pct": 0.5, "risk_class": "Very Low", "prediction_correct": 1, "classification": "TN", "error_label": "Correct survived", "decision_confidence": 0.3348, "hazard_only_probability": 0.0035, "context_improved_prediction": 0, "context_hurt_prediction": 0, "terrain_model_probability": 0.0054, "terrain_model_disagreement": 0, "high_confidence_error": 0, "context_effect": "Both models correct", "longitude": -118.08180705037849, "latitude": 52.878139769618905 }, "geometry": { "type": "Polygon", "coordinates": [ [ [ -118.081682, 52.878167 ], [ -118.081717, 52.878049 ], [ -118.081751, 52.878053 ], [ -118.081736, 52.878103 ], [ -118.081949, 52.878126 ], [ -118.081929, 52.878193 ], [ -118.081682, 52.878167 ] ] ] } },
{ "type": "Feature", "properties": { "sequence_id": 236, "fold": 2, "actual_label": "Survived", "predicted_label": "Survived", "destroyed_probability": 0.0056, "destroyed_probability_pct": 0.6, "risk_class": "Very Low", "prediction_correct": 1, "classification": "TN", "error_label": "Correct survived", "decision_confidence": 0.3344, "hazard_only_probability": 0.0054, "context_improved_prediction": 0, "context_hurt_prediction": 0, "terrain_model_probability": 0.0067, "terrain_model_disagreement": 0, "high_confidence_error": 0, "context_effect": "Both models correct", "longitude": -118.08189178564233, "latitude": 52.878003462677285 }, "geometry": { "type": "Polygon", "coordinates": [ [ [ -118.081827, 52.877953 ], [ -118.081986, 52.877974 ], [ -118.081956, 52.878054 ], [ -118.081798, 52.878033 ], [ -118.081827, 52.877953 ] ] ] } },
{ "type": "Feature", "properties": { "sequence_id": 237, "fold": 2, "actual_label": "Survived", "predicted_label": "Survived", "destroyed_probability": 0.0075, "destroyed_probability_pct": 0.7, "risk_class": "Very Low", "prediction_correct": 1, "classification": "TN", "error_label": "Correct survived", "decision_confidence": 0.3325, "hazard_only_probability": 0.0142, "context_improved_prediction": 0, "context_hurt_prediction": 0, "terrain_model_probability": 0.0055, "terrain_model_disagreement": 0, "high_confidence_error": 0, "context_effect": "Both models correct", "longitude": -118.08191316705761, "latitude": 52.877850265234635 }, "geometry": { "type": "Polygon", "coordinates": [ [ [ -118.08181, 52.877892 ], [ -118.081824, 52.877798 ], [ -118.082016, 52.877808 ], [ -118.082002, 52.877903 ], [ -118.08181, 52.877892 ] ] ] } },
{ "type": "Feature", "properties": { "sequence_id": 238, "fold": 2, "actual_label": "Survived", "predicted_label": "Survived", "destroyed_probability": 0.0102, "destroyed_probability_pct": 1.0, "risk_class": "Very Low", "prediction_correct": 1, "classification": "TN", "error_label": "Correct survived", "decision_confidence": 0.3298, "hazard_only_probability": 0.0155, "context_improved_prediction": 0, "context_hurt_prediction": 0, "terrain_model_probability": 0.0076, "terrain_model_disagreement": 0, "high_confidence_error": 0, "context_effect": "Both models correct", "longitude": -118.08196150000742, "latitude": 52.877705000018132 }, "geometry": { "type": "Polygon", "coordinates": [ [ [ -118.081843, 52.877752 ], [ -118.081881, 52.877635 ], [ -118.08208, 52.877658 ], [ -118.082042, 52.877775 ], [ -118.081843, 52.877752 ] ] ] } },
{ "type": "Feature", "properties": { "sequence_id": 239, "fold": 2, "actual_label": "Survived", "predicted_label": "Survived", "destroyed_probability": 0.0074, "destroyed_probability_pct": 0.7, "risk_class": "Very Low", "prediction_correct": 1, "classification": "TN", "error_label": "Correct survived", "decision_confidence": 0.3326, "hazard_only_probability": 0.0137, "context_improved_prediction": 0, "context_hurt_prediction": 0, "terrain_model_probability": 0.0051, "terrain_model_disagreement": 0, "high_confidence_error": 0, "context_effect": "Both models correct", "longitude": -118.08196405736707, "latitude": 52.877571744624731 }, "geometry": { "type": "Polygon", "coordinates": [ [ [ -118.082129, 52.877534 ], [ -118.082116, 52.877625 ], [ -118.081799, 52.877609 ], [ -118.081811, 52.877519 ], [ -118.082129, 52.877534 ] ] ] } },
{ "type": "Feature", "properties": { "sequence_id": 240, "fold": 2, "actual_label": "Survived", "predicted_label": "Survived", "destroyed_probability": 0.0082, "destroyed_probability_pct": 0.8, "risk_class": "Very Low", "prediction_correct": 1, "classification": "TN", "error_label": "Correct survived", "decision_confidence": 0.3318, "hazard_only_probability": 0.0339, "context_improved_prediction": 0, "context_hurt_prediction": 0, "terrain_model_probability": 0.0089, "terrain_model_disagreement": 0, "high_confidence_error": 0, "context_effect": "Both models correct", "longitude": -118.08220450000395, "latitude": 52.876868500017515 }, "geometry": { "type": "Polygon", "coordinates": [ [ [ -118.082294, 52.876935 ], [ -118.082092, 52.87692 ], [ -118.082115, 52.876802 ], [ -118.082317, 52.876817 ], [ -118.082294, 52.876935 ] ] ] } },
{ "type": "Feature", "properties": { "sequence_id": 241, "fold": 2, "actual_label": "Survived", "predicted_label": "Survived", "destroyed_probability": 0.0099, "destroyed_probability_pct": 1.0, "risk_class": "Very Low", "prediction_correct": 1, "classification": "TN", "error_label": "Correct survived", "decision_confidence": 0.3301, "hazard_only_probability": 0.0479, "context_improved_prediction": 0, "context_hurt_prediction": 0, "terrain_model_probability": 0.0091, "terrain_model_disagreement": 0, "high_confidence_error": 0, "context_effect": "Both models correct", "longitude": -118.08229508205174, "latitude": 52.876457194278544 }, "geometry": { "type": "Polygon", "coordinates": [ [ [ -118.082429, 52.876414 ], [ -118.082407, 52.876519 ], [ -118.082162, 52.876501 ], [ -118.082183, 52.876395 ], [ -118.082429, 52.876414 ] ] ] } },
{ "type": "Feature", "properties": { "sequence_id": 242, "fold": 2, "actual_label": "Survived", "predicted_label": "Survived", "destroyed_probability": 0.0119, "destroyed_probability_pct": 1.2, "risk_class": "Very Low", "prediction_correct": 1, "classification": "TN", "error_label": "Correct survived", "decision_confidence": 0.3281, "hazard_only_probability": 0.0447, "context_improved_prediction": 0, "context_hurt_prediction": 0, "terrain_model_probability": 0.0284, "terrain_model_disagreement": 0, "high_confidence_error": 0, "context_effect": "Both models correct", "longitude": -118.08316724375622, "latitude": 52.876140676365431 }, "geometry": { "type": "Polygon", "coordinates": [ [ [ -118.082962, 52.876042 ], [ -118.083244, 52.875965 ], [ -118.083261, 52.875964 ], [ -118.083326, 52.876051 ], [ -118.083373, 52.876232 ], [ -118.083073, 52.876322 ], [ -118.083048, 52.876324 ], [ -118.083045, 52.87632 ], [ -118.083006, 52.87617 ], [ -118.08299, 52.876148 ], [ -118.082962, 52.876042 ] ] ] } },
{ "type": "Feature", "properties": { "sequence_id": 243, "fold": 3, "actual_label": "Survived", "predicted_label": "Survived", "destroyed_probability": 0.0417, "destroyed_probability_pct": 4.2, "risk_class": "Very Low", "prediction_correct": 1, "classification": "TN", "error_label": "Correct survived", "decision_confidence": 0.1433, "hazard_only_probability": 0.0327, "context_improved_prediction": 0, "context_hurt_prediction": 0, "terrain_model_probability": 0.0145, "terrain_model_disagreement": 0, "high_confidence_error": 0, "context_effect": "Both models correct", "longitude": -118.08272866801947, "latitude": 52.875421331825009 }, "geometry": { "type": "Polygon", "coordinates": [ [ [ -118.082838, 52.87542 ], [ -118.082786, 52.875478 ], [ -118.082619, 52.875422 ], [ -118.082671, 52.875365 ], [ -118.082838, 52.87542 ] ] ] } },
{ "type": "Feature", "properties": { "sequence_id": 244, "fold": 3, "actual_label": "Survived", "predicted_label": "Survived", "destroyed_probability": 0.0588, "destroyed_probability_pct": 5.9, "risk_class": "Very Low", "prediction_correct": 1, "classification": "TN", "error_label": "Correct survived", "decision_confidence": 0.1262, "hazard_only_probability": 0.0327, "context_improved_prediction": 0, "context_hurt_prediction": 0, "terrain_model_probability": 0.019, "terrain_model_disagreement": 0, "high_confidence_error": 0, "context_effect": "Both models correct", "longitude": -118.08279857009293, "latitude": 52.875294332034819 }, "geometry": { "type": "Polygon", "coordinates": [ [ [ -118.082905, 52.875292 ], [ -118.082825, 52.875357 ], [ -118.082692, 52.875296 ], [ -118.082772, 52.875232 ], [ -118.082905, 52.875292 ] ] ] } },
{ "type": "Feature", "properties": { "sequence_id": 245, "fold": 3, "actual_label": "Survived", "predicted_label": "Destroyed", "destroyed_probability": 0.2709, "destroyed_probability_pct": 27.1, "risk_class": "Low", "prediction_correct": 0, "classification": "FP", "error_label": "False alarm", "decision_confidence": 0.0859, "hazard_only_probability": 0.3756, "context_improved_prediction": 0, "context_hurt_prediction": 0, "terrain_model_probability": 0.05, "terrain_model_disagreement": 1, "high_confidence_error": 0, "context_effect": "Both models wrong", "longitude": -118.08291617715423, "latitude": 52.875184538169329 }, "geometry": { "type": "Polygon", "coordinates": [ [ [ -118.082901, 52.875128 ], [ -118.083004, 52.875163 ], [ -118.082932, 52.875241 ], [ -118.082828, 52.875206 ], [ -118.082901, 52.875128 ] ] ] } },
{ "type": "Feature", "properties": { "sequence_id": 246, "fold": 3, "actual_label": "Survived", "predicted_label": "Survived", "destroyed_probability": 0.1353, "destroyed_probability_pct": 13.5, "risk_class": "Very Low", "prediction_correct": 1, "classification": "TN", "error_label": "Correct survived", "decision_confidence": 0.0497, "hazard_only_probability": 0.3776, "context_improved_prediction": 1, "context_hurt_prediction": 0, "terrain_model_probability": 0.0762, "terrain_model_disagreement": 1, "high_confidence_error": 0, "context_effect": "Context fixed hazard-only error", "longitude": -118.0831403486316, "latitude": 52.874839944462458 }, "geometry": { "type": "Polygon", "coordinates": [ [ [ -118.082981, 52.874879 ], [ -118.083064, 52.87479 ], [ -118.083079, 52.874746 ], [ -118.083015, 52.874724 ], [ -118.083026, 52.874687 ], [ -118.083076, 52.874693 ], [ -118.08325, 52.874754 ], [ -118.083297, 52.87476 ], [ -118.083344, 52.874776 ], [ -118.083335, 52.874805 ], [ -118.083315, 52.874827 ], [ -118.083314, 52.874829 ], [ -118.083272, 52.874874 ], [ -118.083239, 52.874871 ], [ -118.083227, 52.874908 ], [ -118.083162, 52.874978 ], [ -118.083052, 52.874965 ], [ -118.082964, 52.874936 ], [ -118.082981, 52.874879 ] ] ] } },
{ "type": "Feature", "properties": { "sequence_id": 247, "fold": 3, "actual_label": "Survived", "predicted_label": "Destroyed", "destroyed_probability": 0.2902, "destroyed_probability_pct": 29.0, "risk_class": "Low", "prediction_correct": 0, "classification": "FP", "error_label": "False alarm", "decision_confidence": 0.1052, "hazard_only_probability": 0.4659, "context_improved_prediction": 0, "context_hurt_prediction": 0, "terrain_model_probability": 0.1217, "terrain_model_disagreement": 0, "high_confidence_error": 0, "context_effect": "Both models wrong", "longitude": -118.08327465953438, "latitude": 52.874680992569793 }, "geometry": { "type": "Polygon", "coordinates": [ [ [ -118.083414, 52.874687 ], [ -118.083344, 52.874754 ], [ -118.083135, 52.874675 ], [ -118.083206, 52.874608 ], [ -118.083414, 52.874687 ] ] ] } },
{ "type": "Feature", "properties": { "sequence_id": 248, "fold": 3, "actual_label": "Survived", "predicted_label": "Destroyed", "destroyed_probability": 0.2301, "destroyed_probability_pct": 23.0, "risk_class": "Low", "prediction_correct": 0, "classification": "FP", "error_label": "False alarm", "decision_confidence": 0.0451, "hazard_only_probability": 0.4659, "context_improved_prediction": 0, "context_hurt_prediction": 0, "terrain_model_probability": 0.211, "terrain_model_disagreement": 0, "high_confidence_error": 0, "context_effect": "Both models wrong", "longitude": -118.08340049987602, "latitude": 52.874568500075718 }, "geometry": { "type": "Polygon", "coordinates": [ [ [ -118.08329, 52.874493 ], [ -118.083567, 52.874581 ], [ -118.083511, 52.874644 ], [ -118.083234, 52.874556 ], [ -118.08329, 52.874493 ] ] ] } },
{ "type": "Feature", "properties": { "sequence_id": 249, "fold": 3, "actual_label": "Destroyed", "predicted_label": "Destroyed", "destroyed_probability": 0.888, "destroyed_probability_pct": 88.8, "risk_class": "Very High", "prediction_correct": 1, "classification": "TP", "error_label": "Correct destroyed", "decision_confidence": 0.703, "hazard_only_probability": 0.7911, "context_improved_prediction": 0, "context_hurt_prediction": 0, "terrain_model_probability": 0.8622, "terrain_model_disagreement": 0, "high_confidence_error": 0, "context_effect": "Both models correct", "longitude": -118.08411582644611, "latitude": 52.874109029537074 }, "geometry": { "type": "Polygon", "coordinates": [ [ [ -118.084208, 52.874126 ], [ -118.084102, 52.874167 ], [ -118.084024, 52.874092 ], [ -118.084129, 52.874051 ], [ -118.084208, 52.874126 ] ] ] } },
{ "type": "Feature", "properties": { "sequence_id": 250, "fold": 3, "actual_label": "Destroyed", "predicted_label": "Destroyed", "destroyed_probability": 0.8155, "destroyed_probability_pct": 81.5, "risk_class": "Very High", "prediction_correct": 1, "classification": "TP", "error_label": "Correct destroyed", "decision_confidence": 0.6305, "hazard_only_probability": 0.8015, "context_improved_prediction": 0, "context_hurt_prediction": 0, "terrain_model_probability": 0.8605, "terrain_model_disagreement": 0, "high_confidence_error": 0, "context_effect": "Both models correct", "longitude": -118.08423499994973, "latitude": 52.873991500027735 }, "geometry": { "type": "Polygon", "coordinates": [ [ [ -118.084376, 52.874008 ], [ -118.08425, 52.874078 ], [ -118.084094, 52.873975 ], [ -118.08422, 52.873905 ], [ -118.084376, 52.874008 ] ] ] } },
{ "type": "Feature", "properties": { "sequence_id": 251, "fold": 3, "actual_label": "Destroyed", "predicted_label": "Destroyed", "destroyed_probability": 0.8516, "destroyed_probability_pct": 85.2, "risk_class": "Very High", "prediction_correct": 1, "classification": "TP", "error_label": "Correct destroyed", "decision_confidence": 0.6666, "hazard_only_probability": 0.8188, "context_improved_prediction": 0, "context_hurt_prediction": 0, "terrain_model_probability": 0.8624, "terrain_model_disagreement": 0, "high_confidence_error": 0, "context_effect": "Both models correct", "longitude": -118.08439549995816, "latitude": 52.873898000020539 }, "geometry": { "type": "Polygon", "coordinates": [ [ [ -118.084512, 52.873911 ], [ -118.084419, 52.873968 ], [ -118.084279, 52.873885 ], [ -118.084372, 52.873828 ], [ -118.084512, 52.873911 ] ] ] } },
{ "type": "Feature", "properties": { "sequence_id": 252, "fold": 3, "actual_label": "Destroyed", "predicted_label": "Destroyed", "destroyed_probability": 0.7837, "destroyed_probability_pct": 78.4, "risk_class": "High", "prediction_correct": 1, "classification": "TP", "error_label": "Correct destroyed", "decision_confidence": 0.5987, "hazard_only_probability": 0.8205, "context_improved_prediction": 0, "context_hurt_prediction": 0, "terrain_model_probability": 0.8131, "terrain_model_disagreement": 0, "high_confidence_error": 0, "context_effect": "Both models correct", "longitude": -118.08456654327912, "latitude": 52.873803337421919 }, "geometry": { "type": "Polygon", "coordinates": [ [ [ -118.084542, 52.873707 ], [ -118.084727, 52.873818 ], [ -118.084591, 52.8739 ], [ -118.084406, 52.873788 ], [ -118.084542, 52.873707 ] ] ] } },
{ "type": "Feature", "properties": { "sequence_id": 253, "fold": 3, "actual_label": "Destroyed", "predicted_label": "Destroyed", "destroyed_probability": 0.8079, "destroyed_probability_pct": 80.8, "risk_class": "Very High", "prediction_correct": 1, "classification": "TP", "error_label": "Correct destroyed", "decision_confidence": 0.6229, "hazard_only_probability": 0.6978, "context_improved_prediction": 0, "context_hurt_prediction": 0, "terrain_model_probability": 0.7548, "terrain_model_disagreement": 0, "high_confidence_error": 0, "context_effect": "Both models correct", "longitude": -118.08477349999126, "latitude": 52.873729500027572 }, "geometry": { "type": "Polygon", "coordinates": [ [ [ -118.084633, 52.87372 ], [ -118.084785, 52.873644 ], [ -118.084914, 52.873739 ], [ -118.084762, 52.873815 ], [ -118.084633, 52.87372 ] ] ] } },
{ "type": "Feature", "properties": { "sequence_id": 254, "fold": 3, "actual_label": "Destroyed", "predicted_label": "Destroyed", "destroyed_probability": 0.7771, "destroyed_probability_pct": 77.7, "risk_class": "High", "prediction_correct": 1, "classification": "TP", "error_label": "Correct destroyed", "decision_confidence": 0.5921, "hazard_only_probability": 0.7168, "context_improved_prediction": 0, "context_hurt_prediction": 0, "terrain_model_probability": 0.7258, "terrain_model_disagreement": 0, "high_confidence_error": 0, "context_effect": "Both models correct", "longitude": -118.08495049999048, "latitude": 52.873646500025131 }, "geometry": { "type": "Polygon", "coordinates": [ [ [ -118.084982, 52.873564 ], [ -118.085087, 52.873666 ], [ -118.084919, 52.873729 ], [ -118.084814, 52.873627 ], [ -118.084982, 52.873564 ] ] ] } },
{ "type": "Feature", "properties": { "sequence_id": 255, "fold": 3, "actual_label": "Destroyed", "predicted_label": "Destroyed", "destroyed_probability": 0.4825, "destroyed_probability_pct": 48.2, "risk_class": "Moderate", "prediction_correct": 1, "classification": "TP", "error_label": "Correct destroyed", "decision_confidence": 0.2975, "hazard_only_probability": 0.7476, "context_improved_prediction": 0, "context_hurt_prediction": 0, "terrain_model_probability": 0.7032, "terrain_model_disagreement": 0, "high_confidence_error": 0, "context_effect": "Both models correct", "longitude": -118.0851555, "latitude": 52.873553999994577 }, "geometry": { "type": "Polygon", "coordinates": [ [ [ -118.085091, 52.873499 ], [ -118.08522, 52.873499 ], [ -118.08522, 52.873609 ], [ -118.085091, 52.873609 ], [ -118.085091, 52.873499 ] ] ] } },
{ "type": "Feature", "properties": { "sequence_id": 256, "fold": 3, "actual_label": "Destroyed", "predicted_label": "Destroyed", "destroyed_probability": 0.6389, "destroyed_probability_pct": 63.9, "risk_class": "High", "prediction_correct": 1, "classification": "TP", "error_label": "Correct destroyed", "decision_confidence": 0.4539, "hazard_only_probability": 0.8157, "context_improved_prediction": 0, "context_hurt_prediction": 0, "terrain_model_probability": 0.8924, "terrain_model_disagreement": 0, "high_confidence_error": 0, "context_effect": "Both models correct", "longitude": -118.08538082137072, "latitude": 52.873427068602489 }, "geometry": { "type": "Polygon", "coordinates": [ [ [ -118.085368, 52.873499 ], [ -118.085284, 52.873384 ], [ -118.085393, 52.873355 ], [ -118.085478, 52.87347 ], [ -118.085368, 52.873499 ] ] ] } },
{ "type": "Feature", "properties": { "sequence_id": 257, "fold": 3, "actual_label": "Destroyed", "predicted_label": "Destroyed", "destroyed_probability": 0.3488, "destroyed_probability_pct": 34.9, "risk_class": "Low", "prediction_correct": 1, "classification": "TP", "error_label": "Correct destroyed", "decision_confidence": 0.1638, "hazard_only_probability": 0.5328, "context_improved_prediction": 0, "context_hurt_prediction": 0, "terrain_model_probability": 0.2577, "terrain_model_disagreement": 0, "high_confidence_error": 0, "context_effect": "Both models correct", "longitude": -118.08580819147463, "latitude": 52.873987242779947 }, "geometry": { "type": "Polygon", "coordinates": [ [ [ -118.086004, 52.874002 ], [ -118.085695, 52.874277 ], [ -118.085677, 52.874275 ], [ -118.085463, 52.874188 ], [ -118.085692, 52.873983 ], [ -118.085702, 52.873943 ], [ -118.085764, 52.873888 ], [ -118.085812, 52.8737 ], [ -118.086034, 52.87372 ], [ -118.086071, 52.873735 ], [ -118.086004, 52.874002 ] ] ] } },
{ "type": "Feature", "properties": { "sequence_id": 258, "fold": 3, "actual_label": "Destroyed", "predicted_label": "Destroyed", "destroyed_probability": 0.5448, "destroyed_probability_pct": 54.5, "risk_class": "Moderate", "prediction_correct": 1, "classification": "TP", "error_label": "Correct destroyed", "decision_confidence": 0.3598, "hazard_only_probability": 0.7543, "context_improved_prediction": 0, "context_hurt_prediction": 0, "terrain_model_probability": 0.8915, "terrain_model_disagreement": 0, "high_confidence_error": 0, "context_effect": "Both models correct", "longitude": -118.08557541480926, "latitude": 52.873383312306125 }, "geometry": { "type": "Polygon", "coordinates": [ [ [ -118.085446, 52.873351 ], [ -118.085622, 52.873304 ], [ -118.085705, 52.873415 ], [ -118.085529, 52.873463 ], [ -118.085446, 52.873351 ] ] ] } },
{ "type": "Feature", "properties": { "sequence_id": 259, "fold": 3, "actual_label": "Destroyed", "predicted_label": "Destroyed", "destroyed_probability": 0.3396, "destroyed_probability_pct": 34.0, "risk_class": "Low", "prediction_correct": 1, "classification": "TP", "error_label": "Correct destroyed", "decision_confidence": 0.1546, "hazard_only_probability": 0.7452, "context_improved_prediction": 0, "context_hurt_prediction": 0, "terrain_model_probability": 0.8139, "terrain_model_disagreement": 0, "high_confidence_error": 0, "context_effect": "Both models correct", "longitude": -118.08586442547679, "latitude": 52.873277814001533 }, "geometry": { "type": "Polygon", "coordinates": [ [ [ -118.085724, 52.873241 ], [ -118.085909, 52.87319 ], [ -118.086005, 52.873314 ], [ -118.08582, 52.873366 ], [ -118.085724, 52.873241 ] ] ] } },
{ "type": "Feature", "properties": { "sequence_id": 260, "fold": 3, "actual_label": "Destroyed", "predicted_label": "Destroyed", "destroyed_probability": 0.6232, "destroyed_probability_pct": 62.3, "risk_class": "High", "prediction_correct": 1, "classification": "TP", "error_label": "Correct destroyed", "decision_confidence": 0.4382, "hazard_only_probability": 0.6456, "context_improved_prediction": 0, "context_hurt_prediction": 0, "terrain_model_probability": 0.9289, "terrain_model_disagreement": 0, "high_confidence_error": 0, "context_effect": "Both models correct", "longitude": -118.08652278946838, "latitude": 52.873140645084518 }, "geometry": { "type": "Polygon", "coordinates": [ [ [ -118.086477, 52.873211 ], [ -118.086425, 52.873093 ], [ -118.086569, 52.87307 ], [ -118.08662, 52.873189 ], [ -118.086477, 52.873211 ] ] ] } },
{ "type": "Feature", "properties": { "sequence_id": 261, "fold": 3, "actual_label": "Destroyed", "predicted_label": "Destroyed", "destroyed_probability": 0.6769, "destroyed_probability_pct": 67.7, "risk_class": "High", "prediction_correct": 1, "classification": "TP", "error_label": "Correct destroyed", "decision_confidence": 0.4919, "hazard_only_probability": 0.6999, "context_improved_prediction": 0, "context_hurt_prediction": 0, "terrain_model_probability": 0.7864, "terrain_model_disagreement": 0, "high_confidence_error": 0, "context_effect": "Both models correct", "longitude": -118.08670484031052, "latitude": 52.87307503539585 }, "geometry": { "type": "Polygon", "coordinates": [ [ [ -118.086691, 52.873007 ], [ -118.086813, 52.873097 ], [ -118.086718, 52.873143 ], [ -118.086597, 52.873053 ], [ -118.086691, 52.873007 ] ] ] } },
{ "type": "Feature", "properties": { "sequence_id": 262, "fold": 3, "actual_label": "Destroyed", "predicted_label": "Destroyed", "destroyed_probability": 0.3344, "destroyed_probability_pct": 33.4, "risk_class": "Low", "prediction_correct": 1, "classification": "TP", "error_label": "Correct destroyed", "decision_confidence": 0.1494, "hazard_only_probability": 0.4091, "context_improved_prediction": 0, "context_hurt_prediction": 0, "terrain_model_probability": 0.3421, "terrain_model_disagreement": 0, "high_confidence_error": 0, "context_effect": "Both models correct", "longitude": -118.08690250369861, "latitude": 52.872955166403038 }, "geometry": { "type": "Polygon", "coordinates": [ [ [ -118.087014, 52.872947 ], [ -118.086901, 52.873023 ], [ -118.086791, 52.872964 ], [ -118.086904, 52.872887 ], [ -118.087014, 52.872947 ] ] ] } },
{ "type": "Feature", "properties": { "sequence_id": 263, "fold": 3, "actual_label": "Destroyed", "predicted_label": "Survived", "destroyed_probability": 0.0497, "destroyed_probability_pct": 5.0, "risk_class": "Very Low", "prediction_correct": 0, "classification": "FN", "error_label": "Missed destroyed", "decision_confidence": 0.1353, "hazard_only_probability": 0.1164, "context_improved_prediction": 0, "context_hurt_prediction": 0, "terrain_model_probability": 0.5354, "terrain_model_disagreement": 1, "high_confidence_error": 0, "context_effect": "Both models wrong", "longitude": -118.08663931238665, "latitude": 52.873569039087215 }, "geometry": { "type": "Polygon", "coordinates": [ [ [ -118.086609, 52.873625 ], [ -118.08655, 52.873545 ], [ -118.086669, 52.873513 ], [ -118.086729, 52.873593 ], [ -118.086609, 52.873625 ] ] ] } },
{ "type": "Feature", "properties": { "sequence_id": 264, "fold": 3, "actual_label": "Destroyed", "predicted_label": "Destroyed", "destroyed_probability": 0.1958, "destroyed_probability_pct": 19.6, "risk_class": "Very Low", "prediction_correct": 1, "classification": "TP", "error_label": "Correct destroyed", "decision_confidence": 0.0108, "hazard_only_probability": 0.2803, "context_improved_prediction": 1, "context_hurt_prediction": 0, "terrain_model_probability": 0.9052, "terrain_model_disagreement": 0, "high_confidence_error": 0, "context_effect": "Context fixed hazard-only error", "longitude": -118.08772900003996, "latitude": 52.872833500020825 }, "geometry": { "type": "Polygon", "coordinates": [ [ [ -118.087621, 52.872841 ], [ -118.087768, 52.872772 ], [ -118.087837, 52.872826 ], [ -118.08769, 52.872895 ], [ -118.087621, 52.872841 ] ] ] } },
{ "type": "Feature", "properties": { "sequence_id": 265, "fold": 3, "actual_label": "Destroyed", "predicted_label": "Destroyed", "destroyed_probability": 0.1921, "destroyed_probability_pct": 19.2, "risk_class": "Very Low", "prediction_correct": 1, "classification": "TP", "error_label": "Correct destroyed", "decision_confidence": 0.0071, "hazard_only_probability": 0.1061, "context_improved_prediction": 1, "context_hurt_prediction": 0, "terrain_model_probability": 0.7377, "terrain_model_disagreement": 0, "high_confidence_error": 0, "context_effect": "Context fixed hazard-only error", "longitude": -118.08698104031069, "latitude": 52.873484022028755 }, "geometry": { "type": "Polygon", "coordinates": [ [ [ -118.086839, 52.873433 ], [ -118.087025, 52.873404 ], [ -118.087069, 52.873506 ], [ -118.087108, 52.8735 ], [ -118.087135, 52.873564 ], [ -118.087056, 52.873577 ], [ -118.087029, 52.873512 ], [ -118.086883, 52.873535 ], [ -118.086839, 52.873433 ] ] ] } },
{ "type": "Feature", "properties": { "sequence_id": 266, "fold": 3, "actual_label": "Destroyed", "predicted_label": "Destroyed", "destroyed_probability": 0.3954, "destroyed_probability_pct": 39.5, "risk_class": "Low", "prediction_correct": 1, "classification": "TP", "error_label": "Correct destroyed", "decision_confidence": 0.2104, "hazard_only_probability": 0.4222, "context_improved_prediction": 0, "context_hurt_prediction": 0, "terrain_model_probability": 0.943, "terrain_model_disagreement": 0, "high_confidence_error": 0, "context_effect": "Both models correct", "longitude": -118.0879534999842, "latitude": 52.872791500005022 }, "geometry": { "type": "Polygon", "coordinates": [ [ [ -118.087899, 52.872857 ], [ -118.087856, 52.872748 ], [ -118.088008, 52.872726 ], [ -118.088051, 52.872835 ], [ -118.087899, 52.872857 ] ] ] } },
{ "type": "Feature", "properties": { "sequence_id": 267, "fold": 3, "actual_label": "Destroyed", "predicted_label": "Survived", "destroyed_probability": 0.1834, "destroyed_probability_pct": 18.3, "risk_class": "Very Low", "prediction_correct": 0, "classification": "FN", "error_label": "Missed destroyed", "decision_confidence": 0.0016, "hazard_only_probability": 0.1173, "context_improved_prediction": 0, "context_hurt_prediction": 0, "terrain_model_probability": 0.7715, "terrain_model_disagreement": 1, "high_confidence_error": 0, "context_effect": "Both models wrong", "longitude": -118.08714868977661, "latitude": 52.873403279151461 }, "geometry": { "type": "Polygon", "coordinates": [ [ [ -118.08707, 52.873359 ], [ -118.087185, 52.873328 ], [ -118.08726, 52.873429 ], [ -118.087091, 52.873474 ], [ -118.087043, 52.87341 ], [ -118.087097, 52.873396 ], [ -118.08707, 52.873359 ] ] ] } },
{ "type": "Feature", "properties": { "sequence_id": 268, "fold": 3, "actual_label": "Destroyed", "predicted_label": "Destroyed", "destroyed_probability": 0.5605, "destroyed_probability_pct": 56.0, "risk_class": "Moderate", "prediction_correct": 1, "classification": "TP", "error_label": "Correct destroyed", "decision_confidence": 0.3755, "hazard_only_probability": 0.4175, "context_improved_prediction": 0, "context_hurt_prediction": 0, "terrain_model_probability": 0.9393, "terrain_model_disagreement": 0, "high_confidence_error": 0, "context_effect": "Both models correct", "longitude": -118.08816761861047, "latitude": 52.872750198862832 }, "geometry": { "type": "Polygon", "coordinates": [ [ [ -118.088291, 52.872784 ], [ -118.088104, 52.872822 ], [ -118.088044, 52.872717 ], [ -118.088231, 52.872678 ], [ -118.088291, 52.872784 ] ] ] } },
{ "type": "Feature", "properties": { "sequence_id": 269, "fold": 3, "actual_label": "Destroyed", "predicted_label": "Survived", "destroyed_probability": 0.0326, "destroyed_probability_pct": 3.3, "risk_class": "Very Low", "prediction_correct": 0, "classification": "FN", "error_label": "Missed destroyed", "decision_confidence": 0.1524, "hazard_only_probability": 0.0665, "context_improved_prediction": 0, "context_hurt_prediction": 0, "terrain_model_probability": 0.5599, "terrain_model_disagreement": 1, "high_confidence_error": 0, "context_effect": "Both models wrong", "longitude": -118.08736899996852, "latitude": 52.873348000006906 }, "geometry": { "type": "Polygon", "coordinates": [ [ [ -118.087242, 52.873291 ], [ -118.087436, 52.873262 ], [ -118.087496, 52.873405 ], [ -118.087302, 52.873434 ], [ -118.087242, 52.873291 ] ] ] } },
{ "type": "Feature", "properties": { "sequence_id": 270, "fold": 3, "actual_label": "Destroyed", "predicted_label": "Survived", "destroyed_probability": 0.0364, "destroyed_probability_pct": 3.6, "risk_class": "Very Low", "prediction_correct": 0, "classification": "FN", "error_label": "Missed destroyed", "decision_confidence": 0.1486, "hazard_only_probability": 0.0574, "context_improved_prediction": 0, "context_hurt_prediction": 0, "terrain_model_probability": 0.5362, "terrain_model_disagreement": 1, "high_confidence_error": 0, "context_effect": "Both models wrong", "longitude": -118.08761286518174, "latitude": 52.873327171077008 }, "geometry": { "type": "Polygon", "coordinates": [ [ [ -118.087757, 52.873422 ], [ -118.087667, 52.873439 ], [ -118.087641, 52.873389 ], [ -118.087546, 52.873407 ], [ -118.087467, 52.873257 ], [ -118.087652, 52.873222 ], [ -118.087757, 52.873422 ] ] ] } },
{ "type": "Feature", "properties": { "sequence_id": 271, "fold": 3, "actual_label": "Destroyed", "predicted_label": "Survived", "destroyed_probability": 0.1371, "destroyed_probability_pct": 13.7, "risk_class": "Very Low", "prediction_correct": 0, "classification": "FN", "error_label": "Missed destroyed", "decision_confidence": 0.0479, "hazard_only_probability": 0.1139, "context_improved_prediction": 0, "context_hurt_prediction": 0, "terrain_model_probability": 0.6697, "terrain_model_disagreement": 1, "high_confidence_error": 0, "context_effect": "Both models wrong", "longitude": -118.08779859977361, "latitude": 52.873242191193462 }, "geometry": { "type": "Polygon", "coordinates": [ [ [ -118.087762, 52.873294 ], [ -118.087711, 52.873221 ], [ -118.087835, 52.87319 ], [ -118.087886, 52.873264 ], [ -118.087762, 52.873294 ] ] ] } },
{ "type": "Feature", "properties": { "sequence_id": 272, "fold": 3, "actual_label": "Destroyed", "predicted_label": "Destroyed", "destroyed_probability": 0.1966, "destroyed_probability_pct": 19.7, "risk_class": "Very Low", "prediction_correct": 1, "classification": "TP", "error_label": "Correct destroyed", "decision_confidence": 0.0116, "hazard_only_probability": 0.1044, "context_improved_prediction": 1, "context_hurt_prediction": 0, "terrain_model_probability": 0.6085, "terrain_model_disagreement": 0, "high_confidence_error": 0, "context_effect": "Context fixed hazard-only error", "longitude": -118.08800983332858, "latitude": 52.873191166669223 }, "geometry": { "type": "Polygon", "coordinates": [ [ [ -118.088073, 52.873222 ], [ -118.087968, 52.873233 ], [ -118.087946, 52.873161 ], [ -118.088052, 52.873149 ], [ -118.088073, 52.873222 ] ] ] } },
{ "type": "Feature", "properties": { "sequence_id": 273, "fold": 3, "actual_label": "Destroyed", "predicted_label": "Destroyed", "destroyed_probability": 0.2316, "destroyed_probability_pct": 23.2, "risk_class": "Low", "prediction_correct": 1, "classification": "TP", "error_label": "Correct destroyed", "decision_confidence": 0.0466, "hazard_only_probability": 0.1292, "context_improved_prediction": 1, "context_hurt_prediction": 0, "terrain_model_probability": 0.5782, "terrain_model_disagreement": 0, "high_confidence_error": 0, "context_effect": "Context fixed hazard-only error", "longitude": -118.08823279608076, "latitude": 52.873172554113516 }, "geometry": { "type": "Polygon", "coordinates": [ [ [ -118.088105, 52.873119 ], [ -118.088292, 52.873086 ], [ -118.088361, 52.873226 ], [ -118.088173, 52.873259 ], [ -118.088105, 52.873119 ] ] ] } },
{ "type": "Feature", "properties": { "sequence_id": 274, "fold": 1, "actual_label": "Destroyed", "predicted_label": "Destroyed", "destroyed_probability": 0.9955, "destroyed_probability_pct": 99.5, "risk_class": "Very High", "prediction_correct": 1, "classification": "TP", "error_label": "Correct destroyed", "decision_confidence": 0.4855, "hazard_only_probability": 0.9883, "context_improved_prediction": 0, "context_hurt_prediction": 0, "terrain_model_probability": 0.9864, "terrain_model_disagreement": 0, "high_confidence_error": 0, "context_effect": "Both models correct", "longitude": -118.08921849999443, "latitude": 52.872502500015358 }, "geometry": { "type": "Polygon", "coordinates": [ [ [ -118.089163, 52.872567 ], [ -118.08911, 52.872471 ], [ -118.089274, 52.872438 ], [ -118.089327, 52.872534 ], [ -118.089163, 52.872567 ] ] ] } },
{ "type": "Feature", "properties": { "sequence_id": 275, "fold": 1, "actual_label": "Destroyed", "predicted_label": "Destroyed", "destroyed_probability": 0.9949, "destroyed_probability_pct": 99.5, "risk_class": "Very High", "prediction_correct": 1, "classification": "TP", "error_label": "Correct destroyed", "decision_confidence": 0.4849, "hazard_only_probability": 0.9729, "context_improved_prediction": 0, "context_hurt_prediction": 0, "terrain_model_probability": 0.9925, "terrain_model_disagreement": 0, "high_confidence_error": 0, "context_effect": "Both models correct", "longitude": -118.08847783664233, "latitude": 52.873134403553721 }, "geometry": { "type": "Polygon", "coordinates": [ [ [ -118.088446, 52.873104 ], [ -118.088413, 52.873072 ], [ -118.088467, 52.873051 ], [ -118.088581, 52.873162 ], [ -118.088463, 52.873207 ], [ -118.088383, 52.873128 ], [ -118.088446, 52.873104 ] ] ] } },
{ "type": "Feature", "properties": { "sequence_id": 276, "fold": 1, "actual_label": "Destroyed", "predicted_label": "Destroyed", "destroyed_probability": 0.9926, "destroyed_probability_pct": 99.3, "risk_class": "Very High", "prediction_correct": 1, "classification": "TP", "error_label": "Correct destroyed", "decision_confidence": 0.4826, "hazard_only_probability": 0.9318, "context_improved_prediction": 1, "context_hurt_prediction": 0, "terrain_model_probability": 0.9886, "terrain_model_disagreement": 0, "high_confidence_error": 0, "context_effect": "Context fixed hazard-only error", "longitude": -118.088641, "latitude": 52.873050000015795 }, "geometry": { "type": "Polygon", "coordinates": [ [ [ -118.088602, 52.873112 ], [ -118.088536, 52.873031 ], [ -118.08868, 52.872988 ], [ -118.088746, 52.873069 ], [ -118.088602, 52.873112 ] ] ] } },
{ "type": "Feature", "properties": { "sequence_id": 277, "fold": 1, "actual_label": "Survived", "predicted_label": "Destroyed", "destroyed_probability": 0.9711, "destroyed_probability_pct": 97.1, "risk_class": "Very High", "prediction_correct": 0, "classification": "FP", "error_label": "False alarm", "decision_confidence": 0.4611, "hazard_only_probability": 0.9869, "context_improved_prediction": 0, "context_hurt_prediction": 0, "terrain_model_probability": 0.9629, "terrain_model_disagreement": 0, "high_confidence_error": 1, "context_effect": "Both models wrong", "longitude": -118.09007307755385, "latitude": 52.872306689135087 }, "geometry": { "type": "Polygon", "coordinates": [ [ [ -118.090034, 52.872379 ], [ -118.089959, 52.872274 ], [ -118.090112, 52.872234 ], [ -118.090187, 52.87234 ], [ -118.090034, 52.872379 ] ] ] } },
{ "type": "Feature", "properties": { "sequence_id": 278, "fold": 1, "actual_label": "Destroyed", "predicted_label": "Destroyed", "destroyed_probability": 0.9864, "destroyed_probability_pct": 98.6, "risk_class": "Very High", "prediction_correct": 1, "classification": "TP", "error_label": "Correct destroyed", "decision_confidence": 0.4764, "hazard_only_probability": 0.9362, "context_improved_prediction": 1, "context_hurt_prediction": 0, "terrain_model_probability": 0.9524, "terrain_model_disagreement": 0, "high_confidence_error": 0, "context_effect": "Context fixed hazard-only error", "longitude": -118.08948049999542, "latitude": 52.872850500011936 }, "geometry": { "type": "Polygon", "coordinates": [ [ [ -118.089576, 52.872877 ], [ -118.089434, 52.872907 ], [ -118.089385, 52.872824 ], [ -118.089527, 52.872794 ], [ -118.089576, 52.872877 ] ] ] } },
{ "type": "Feature", "properties": { "sequence_id": 279, "fold": 1, "actual_label": "Destroyed", "predicted_label": "Destroyed", "destroyed_probability": 0.9864, "destroyed_probability_pct": 98.6, "risk_class": "Very High", "prediction_correct": 1, "classification": "TP", "error_label": "Correct destroyed", "decision_confidence": 0.4764, "hazard_only_probability": 0.9507, "context_improved_prediction": 0, "context_hurt_prediction": 0, "terrain_model_probability": 0.948, "terrain_model_disagreement": 0, "high_confidence_error": 0, "context_effect": "Both models correct", "longitude": -118.0896975000032, "latitude": 52.872809000016034 }, "geometry": { "type": "Polygon", "coordinates": [ [ [ -118.089798, 52.872829 ], [ -118.08965, 52.872866 ], [ -118.089597, 52.872789 ], [ -118.089745, 52.872752 ], [ -118.089798, 52.872829 ] ] ] } },
{ "type": "Feature", "properties": { "sequence_id": 280, "fold": 1, "actual_label": "Destroyed", "predicted_label": "Destroyed", "destroyed_probability": 0.9957, "destroyed_probability_pct": 99.6, "risk_class": "Very High", "prediction_correct": 1, "classification": "TP", "error_label": "Correct destroyed", "decision_confidence": 0.4857, "hazard_only_probability": 0.9892, "context_improved_prediction": 0, "context_hurt_prediction": 0, "terrain_model_probability": 0.9769, "terrain_model_disagreement": 0, "high_confidence_error": 0, "context_effect": "Both models correct", "longitude": -118.08989799999897, "latitude": 52.872754000013089 }, "geometry": { "type": "Polygon", "coordinates": [ [ [ -118.089852, 52.872809 ], [ -118.089803, 52.872731 ], [ -118.089944, 52.872699 ], [ -118.089993, 52.872777 ], [ -118.089852, 52.872809 ] ] ] } },
{ "type": "Feature", "properties": { "sequence_id": 281, "fold": 1, "actual_label": "Destroyed", "predicted_label": "Destroyed", "destroyed_probability": 0.9842, "destroyed_probability_pct": 98.4, "risk_class": "Very High", "prediction_correct": 1, "classification": "TP", "error_label": "Correct destroyed", "decision_confidence": 0.4742, "hazard_only_probability": 0.9947, "context_improved_prediction": 0, "context_hurt_prediction": 0, "terrain_model_probability": 0.9639, "terrain_model_disagreement": 0, "high_confidence_error": 0, "context_effect": "Both models correct", "longitude": -118.09012230561451, "latitude": 52.872717040417086 }, "geometry": { "type": "Polygon", "coordinates": [ [ [ -118.09017, 52.872647 ], [ -118.090236, 52.87275 ], [ -118.090074, 52.872787 ], [ -118.090009, 52.872684 ], [ -118.09017, 52.872647 ] ] ] } },
{ "type": "Feature", "properties": { "sequence_id": 282, "fold": 1, "actual_label": "Destroyed", "predicted_label": "Destroyed", "destroyed_probability": 0.9732, "destroyed_probability_pct": 97.3, "risk_class": "Very High", "prediction_correct": 1, "classification": "TP", "error_label": "Correct destroyed", "decision_confidence": 0.4632, "hazard_only_probability": 0.9965, "context_improved_prediction": 0, "context_hurt_prediction": 0, "terrain_model_probability": 0.9264, "terrain_model_disagreement": 0, "high_confidence_error": 0, "context_effect": "Both models correct", "longitude": -118.09035749929036, "latitude": 52.872688021669255 }, "geometry": { "type": "Polygon", "coordinates": [ [ [ -118.090397, 52.872606 ], [ -118.090486, 52.872772 ], [ -118.090422, 52.872784 ], [ -118.09039, 52.872724 ], [ -118.090283, 52.872744 ], [ -118.090227, 52.872639 ], [ -118.090397, 52.872606 ] ] ] } },
{ "type": "Feature", "properties": { "sequence_id": 283, "fold": 1, "actual_label": "Destroyed", "predicted_label": "Destroyed", "destroyed_probability": 0.9679, "destroyed_probability_pct": 96.8, "risk_class": "Very High", "prediction_correct": 1, "classification": "TP", "error_label": "Correct destroyed", "decision_confidence": 0.4579, "hazard_only_probability": 0.9949, "context_improved_prediction": 0, "context_hurt_prediction": 0, "terrain_model_probability": 0.9296, "terrain_model_disagreement": 0, "high_confidence_error": 0, "context_effect": "Both models correct", "longitude": -118.09056019967113, "latitude": 52.872666381460199 }, "geometry": { "type": "Polygon", "coordinates": [ [ [ -118.090653, 52.872749 ], [ -118.090533, 52.872765 ], [ -118.090467, 52.872584 ], [ -118.090588, 52.872568 ], [ -118.090653, 52.872749 ] ] ] } },
{ "type": "Feature", "properties": { "sequence_id": 284, "fold": 2, "actual_label": "Survived", "predicted_label": "Survived", "destroyed_probability": 0.0013, "destroyed_probability_pct": 0.1, "risk_class": "Very Low", "prediction_correct": 1, "classification": "TN", "error_label": "Correct survived", "decision_confidence": 0.3387, "hazard_only_probability": 0.003, "context_improved_prediction": 0, "context_hurt_prediction": 0, "terrain_model_probability": 0.0023, "terrain_model_disagreement": 0, "high_confidence_error": 0, "context_effect": "Both models correct", "longitude": -118.07899371014959, "latitude": 52.887290302224301 }, "geometry": { "type": "Polygon", "coordinates": [ [ [ -118.078807, 52.8875 ], [ -118.078815, 52.887455 ], [ -118.07877, 52.887452 ], [ -118.078822, 52.887141 ], [ -118.07935, 52.887174 ], [ -118.079339, 52.887239 ], [ -118.07926, 52.887235 ], [ -118.079245, 52.887319 ], [ -118.079012, 52.887304 ], [ -118.078977, 52.88751 ], [ -118.078807, 52.8875 ] ] ] } },
{ "type": "Feature", "properties": { "sequence_id": 285, "fold": 1, "actual_label": "Destroyed", "predicted_label": "Destroyed", "destroyed_probability": 0.9608, "destroyed_probability_pct": 96.1, "risk_class": "Very High", "prediction_correct": 1, "classification": "TP", "error_label": "Correct destroyed", "decision_confidence": 0.4508, "hazard_only_probability": 0.9883, "context_improved_prediction": 0, "context_hurt_prediction": 0, "terrain_model_probability": 0.8135, "terrain_model_disagreement": 1, "high_confidence_error": 0, "context_effect": "Both models correct", "longitude": -118.09113519071539, "latitude": 52.872471205701643 }, "geometry": { "type": "Polygon", "coordinates": [ [ [ -118.091247, 52.872396 ], [ -118.091294, 52.872504 ], [ -118.091023, 52.872546 ], [ -118.090976, 52.872439 ], [ -118.091247, 52.872396 ] ] ] } },
{ "type": "Feature", "properties": { "sequence_id": 286, "fold": 1, "actual_label": "Destroyed", "predicted_label": "Destroyed", "destroyed_probability": 0.9621, "destroyed_probability_pct": 96.2, "risk_class": "Very High", "prediction_correct": 1, "classification": "TP", "error_label": "Correct destroyed", "decision_confidence": 0.4521, "hazard_only_probability": 0.9963, "context_improved_prediction": 0, "context_hurt_prediction": 0, "terrain_model_probability": 0.9876, "terrain_model_disagreement": 0, "high_confidence_error": 0, "context_effect": "Both models correct", "longitude": -118.09113000053871, "latitude": 52.8720620005505 }, "geometry": { "type": "Polygon", "coordinates": [ [ [ -118.090789, 52.872189 ], [ -118.09073, 52.872068 ], [ -118.091471, 52.871935 ], [ -118.09153, 52.872056 ], [ -118.090789, 52.872189 ] ] ] } },
{ "type": "Feature", "properties": { "sequence_id": 287, "fold": 1, "actual_label": "Destroyed", "predicted_label": "Destroyed", "destroyed_probability": 0.7755, "destroyed_probability_pct": 77.6, "risk_class": "High", "prediction_correct": 1, "classification": "TP", "error_label": "Correct destroyed", "decision_confidence": 0.2655, "hazard_only_probability": 0.9869, "context_improved_prediction": 0, "context_hurt_prediction": 0, "terrain_model_probability": 0.5229, "terrain_model_disagreement": 1, "high_confidence_error": 0, "context_effect": "Both models correct", "longitude": -118.09202371183011, "latitude": 52.872319332490129 }, "geometry": { "type": "Polygon", "coordinates": [ [ [ -118.092041, 52.87226 ], [ -118.092044, 52.872197 ], [ -118.092474, 52.872114 ], [ -118.092541, 52.872243 ], [ -118.09254, 52.872275 ], [ -118.092091, 52.872359 ], [ -118.092073, 52.872359 ], [ -118.092039, 52.872424 ], [ -118.091581, 52.872529 ], [ -118.091511, 52.872392 ], [ -118.091512, 52.87236 ], [ -118.092041, 52.87226 ] ] ] } },
{ "type": "Feature", "properties": { "sequence_id": 288, "fold": 1, "actual_label": "Destroyed", "predicted_label": "Destroyed", "destroyed_probability": 0.8357, "destroyed_probability_pct": 83.6, "risk_class": "Very High", "prediction_correct": 1, "classification": "TP", "error_label": "Correct destroyed", "decision_confidence": 0.3257, "hazard_only_probability": 0.9922, "context_improved_prediction": 0, "context_hurt_prediction": 0, "terrain_model_probability": 0.6818, "terrain_model_disagreement": 1, "high_confidence_error": 0, "context_effect": "Both models correct", "longitude": -118.09229969928414, "latitude": 52.871797649746696 }, "geometry": { "type": "Polygon", "coordinates": [ [ [ -118.092935, 52.871612 ], [ -118.092953, 52.871647 ], [ -118.093003, 52.871638 ], [ -118.093044, 52.871718 ], [ -118.092292, 52.871857 ], [ -118.092304, 52.87188 ], [ -118.092046, 52.871927 ], [ -118.092041, 52.871917 ], [ -118.091671, 52.871986 ], [ -118.091606, 52.871858 ], [ -118.092935, 52.871612 ] ] ] } },
{ "type": "Feature", "properties": { "sequence_id": 289, "fold": 1, "actual_label": "Survived", "predicted_label": "Survived", "destroyed_probability": 0.0064, "destroyed_probability_pct": 0.6, "risk_class": "Very Low", "prediction_correct": 1, "classification": "TN", "error_label": "Correct survived", "decision_confidence": 0.5036, "hazard_only_probability": 0.0028, "context_improved_prediction": 0, "context_hurt_prediction": 0, "terrain_model_probability": 0.0128, "terrain_model_disagreement": 0, "high_confidence_error": 0, "context_effect": "Both models correct", "longitude": -118.08046225919475, "latitude": 52.886612338018878 }, "geometry": { "type": "Polygon", "coordinates": [ [ [ -118.080425, 52.886591 ], [ -118.080395, 52.886717 ], [ -118.080907, 52.886761 ], [ -118.080911, 52.886783 ], [ -118.080881, 52.886911 ], [ -118.080401, 52.886869 ], [ -118.080375, 52.886871 ], [ -118.080367, 52.886907 ], [ -118.080229, 52.886895 ], [ -118.080189, 52.886898 ], [ -118.080079, 52.886888 ], [ -118.080047, 52.886728 ], [ -118.08016, 52.886258 ], [ -118.080323, 52.886272 ], [ -118.080326, 52.886256 ], [ -118.080489, 52.88627 ], [ -118.080498, 52.886313 ], [ -118.080479, 52.886393 ], [ -118.080486, 52.88643 ], [ -118.081039, 52.886478 ], [ -118.08106, 52.886585 ], [ -118.081046, 52.886645 ], [ -118.080425, 52.886591 ] ] ] } },
{ "type": "Feature", "properties": { "sequence_id": 290, "fold": 3, "actual_label": "Survived", "predicted_label": "Destroyed", "destroyed_probability": 0.7631, "destroyed_probability_pct": 76.3, "risk_class": "High", "prediction_correct": 0, "classification": "FP", "error_label": "False alarm", "decision_confidence": 0.5781, "hazard_only_probability": 0.9232, "context_improved_prediction": 0, "context_hurt_prediction": 0, "terrain_model_probability": 0.817, "terrain_model_disagreement": 0, "high_confidence_error": 1, "context_effect": "Both models wrong", "longitude": -118.08225124666251, "latitude": 52.873626006563256 }, "geometry": { "type": "Polygon", "coordinates": [ [ [ -118.082059, 52.873628 ], [ -118.082246, 52.873492 ], [ -118.08238, 52.873559 ], [ -118.082324, 52.8736 ], [ -118.082379, 52.873628 ], [ -118.082341, 52.873656 ], [ -118.082414, 52.873692 ], [ -118.082322, 52.87376 ], [ -118.082059, 52.873628 ] ] ] } },
{ "type": "Feature", "properties": { "sequence_id": 291, "fold": 3, "actual_label": "Destroyed", "predicted_label": "Destroyed", "destroyed_probability": 0.7935, "destroyed_probability_pct": 79.3, "risk_class": "High", "prediction_correct": 1, "classification": "TP", "error_label": "Correct destroyed", "decision_confidence": 0.6085, "hazard_only_probability": 0.8705, "context_improved_prediction": 0, "context_hurt_prediction": 0, "terrain_model_probability": 0.6901, "terrain_model_disagreement": 0, "high_confidence_error": 0, "context_effect": "Both models correct", "longitude": -118.08298712321648, "latitude": 52.873702728708729 }, "geometry": { "type": "Polygon", "coordinates": [ [ [ -118.083187, 52.873691 ], [ -118.083101, 52.873759 ], [ -118.083045, 52.873734 ], [ -118.082938, 52.87382 ], [ -118.082845, 52.873778 ], [ -118.08289, 52.873741 ], [ -118.082818, 52.873709 ], [ -118.082966, 52.873591 ], [ -118.083187, 52.873691 ] ] ] } },
{ "type": "Feature", "properties": { "sequence_id": 292, "fold": 1, "actual_label": "Survived", "predicted_label": "Destroyed", "destroyed_probability": 0.7328, "destroyed_probability_pct": 73.3, "risk_class": "High", "prediction_correct": 0, "classification": "FP", "error_label": "False alarm", "decision_confidence": 0.2228, "hazard_only_probability": 0.964, "context_improved_prediction": 0, "context_hurt_prediction": 0, "terrain_model_probability": 0.7626, "terrain_model_disagreement": 1, "high_confidence_error": 0, "context_effect": "Both models wrong", "longitude": -118.09464300013157, "latitude": 52.872792500094349 }, "geometry": { "type": "Polygon", "coordinates": [ [ [ -118.094779, 52.872728 ], [ -118.094815, 52.87278 ], [ -118.094507, 52.872857 ], [ -118.094471, 52.872805 ], [ -118.094779, 52.872728 ] ] ] } },
{ "type": "Feature", "properties": { "sequence_id": 293, "fold": 1, "actual_label": "Destroyed", "predicted_label": "Destroyed", "destroyed_probability": 0.7496, "destroyed_probability_pct": 75.0, "risk_class": "High", "prediction_correct": 1, "classification": "TP", "error_label": "Correct destroyed", "decision_confidence": 0.2396, "hazard_only_probability": 0.9448, "context_improved_prediction": 1, "context_hurt_prediction": 0, "terrain_model_probability": 0.8137, "terrain_model_disagreement": 1, "high_confidence_error": 0, "context_effect": "Context fixed hazard-only error", "longitude": -118.09527997289049, "latitude": 52.872643361622714 }, "geometry": { "type": "Polygon", "coordinates": [ [ [ -118.095409, 52.872596 ], [ -118.09543, 52.872635 ], [ -118.095152, 52.872691 ], [ -118.095131, 52.872651 ], [ -118.095409, 52.872596 ] ] ] } },
{ "type": "Feature", "properties": { "sequence_id": 294, "fold": 1, "actual_label": "Survived", "predicted_label": "Destroyed", "destroyed_probability": 0.8884, "destroyed_probability_pct": 88.8, "risk_class": "Very High", "prediction_correct": 0, "classification": "FP", "error_label": "False alarm", "decision_confidence": 0.3784, "hazard_only_probability": 0.9856, "context_improved_prediction": 0, "context_hurt_prediction": 0, "terrain_model_probability": 0.9323, "terrain_model_disagreement": 0, "high_confidence_error": 0, "context_effect": "Both models wrong", "longitude": -118.09459214307132, "latitude": 52.87268316135215 }, "geometry": { "type": "Polygon", "coordinates": [ [ [ -118.094713, 52.872679 ], [ -118.094662, 52.872681 ], [ -118.094666, 52.872717 ], [ -118.094499, 52.872724 ], [ -118.094491, 52.872655 ], [ -118.094709, 52.872646 ], [ -118.094713, 52.872679 ] ] ] } },
{ "type": "Feature", "properties": { "sequence_id": 295, "fold": 1, "actual_label": "Destroyed", "predicted_label": "Destroyed", "destroyed_probability": 0.9431, "destroyed_probability_pct": 94.3, "risk_class": "Very High", "prediction_correct": 1, "classification": "TP", "error_label": "Correct destroyed", "decision_confidence": 0.4331, "hazard_only_probability": 0.9639, "context_improved_prediction": 0, "context_hurt_prediction": 0, "terrain_model_probability": 0.9512, "terrain_model_disagreement": 0, "high_confidence_error": 0, "context_effect": "Both models correct", "longitude": -118.0951995650757, "latitude": 52.872556636947003 }, "geometry": { "type": "Polygon", "coordinates": [ [ [ -118.09531, 52.872502 ], [ -118.095339, 52.872539 ], [ -118.095089, 52.872611 ], [ -118.095059, 52.872575 ], [ -118.09531, 52.872502 ] ] ] } },
{ "type": "Feature", "properties": { "sequence_id": 296, "fold": 1, "actual_label": "Survived", "predicted_label": "Destroyed", "destroyed_probability": 0.9461, "destroyed_probability_pct": 94.6, "risk_class": "Very High", "prediction_correct": 0, "classification": "FP", "error_label": "False alarm", "decision_confidence": 0.4361, "hazard_only_probability": 0.9902, "context_improved_prediction": 0, "context_hurt_prediction": 0, "terrain_model_probability": 0.9554, "terrain_model_disagreement": 0, "high_confidence_error": 0, "context_effect": "Both models wrong", "longitude": -118.09450291975766, "latitude": 52.872592259668217 }, "geometry": { "type": "Polygon", "coordinates": [ [ [ -118.094357, 52.872652 ], [ -118.094322, 52.872597 ], [ -118.094619, 52.872529 ], [ -118.09467, 52.872609 ], [ -118.094589, 52.872628 ], [ -118.094572, 52.872603 ], [ -118.094357, 52.872652 ] ] ] } },
{ "type": "Feature", "properties": { "sequence_id": 297, "fold": 1, "actual_label": "Destroyed", "predicted_label": "Destroyed", "destroyed_probability": 0.9863, "destroyed_probability_pct": 98.6, "risk_class": "Very High", "prediction_correct": 1, "classification": "TP", "error_label": "Correct destroyed", "decision_confidence": 0.4763, "hazard_only_probability": 0.9889, "context_improved_prediction": 0, "context_hurt_prediction": 0, "terrain_model_probability": 0.9873, "terrain_model_disagreement": 0, "high_confidence_error": 0, "context_effect": "Both models correct", "longitude": -118.09511757861833, "latitude": 52.87245438865326 }, "geometry": { "type": "Polygon", "coordinates": [ [ [ -118.095212, 52.872405 ], [ -118.09524, 52.872438 ], [ -118.095024, 52.872504 ], [ -118.094996, 52.87247 ], [ -118.095212, 52.872405 ] ] ] } },
{ "type": "Feature", "properties": { "sequence_id": 298, "fold": 1, "actual_label": "Survived", "predicted_label": "Destroyed", "destroyed_probability": 0.9596, "destroyed_probability_pct": 96.0, "risk_class": "Very High", "prediction_correct": 0, "classification": "FP", "error_label": "False alarm", "decision_confidence": 0.4496, "hazard_only_probability": 0.9797, "context_improved_prediction": 0, "context_hurt_prediction": 0, "terrain_model_probability": 0.9661, "terrain_model_disagreement": 0, "high_confidence_error": 1, "context_effect": "Both models wrong", "longitude": -118.09455900000417, "latitude": 52.872452500006091 }, "geometry": { "type": "Polygon", "coordinates": [ [ [ -118.094593, 52.872427 ], [ -118.094611, 52.872461 ], [ -118.094525, 52.872478 ], [ -118.094507, 52.872444 ], [ -118.094593, 52.872427 ] ] ] } },
{ "type": "Feature", "properties": { "sequence_id": 299, "fold": 1, "actual_label": "Destroyed", "predicted_label": "Destroyed", "destroyed_probability": 0.985, "destroyed_probability_pct": 98.5, "risk_class": "Very High", "prediction_correct": 1, "classification": "TP", "error_label": "Correct destroyed", "decision_confidence": 0.475, "hazard_only_probability": 0.9892, "context_improved_prediction": 0, "context_hurt_prediction": 0, "terrain_model_probability": 0.9763, "terrain_model_disagreement": 0, "high_confidence_error": 0, "context_effect": "Both models correct", "longitude": -118.09508700011123, "latitude": 52.872330000075301 }, "geometry": { "type": "Polygon", "coordinates": [ [ [ -118.094969, 52.872395 ], [ -118.094928, 52.87234 ], [ -118.095205, 52.872265 ], [ -118.095246, 52.87232 ], [ -118.094969, 52.872395 ] ] ] } },
{ "type": "Feature", "properties": { "sequence_id": 300, "fold": 1, "actual_label": "Survived", "predicted_label": "Destroyed", "destroyed_probability": 0.9786, "destroyed_probability_pct": 97.9, "risk_class": "Very High", "prediction_correct": 0, "classification": "FP", "error_label": "False alarm", "decision_confidence": 0.4686, "hazard_only_probability": 0.9901, "context_improved_prediction": 0, "context_hurt_prediction": 0, "terrain_model_probability": 0.9849, "terrain_model_disagreement": 0, "high_confidence_error": 1, "context_effect": "Both models wrong", "longitude": -118.09447412245747, "latitude": 52.872347024695763 }, "geometry": { "type": "Polygon", "coordinates": [ [ [ -118.094372, 52.872404 ], [ -118.094337, 52.872363 ], [ -118.094577, 52.87229 ], [ -118.094611, 52.872331 ], [ -118.094372, 52.872404 ] ] ] } },
{ "type": "Feature", "properties": { "sequence_id": 301, "fold": 1, "actual_label": "Destroyed", "predicted_label": "Destroyed", "destroyed_probability": 0.967, "destroyed_probability_pct": 96.7, "risk_class": "Very High", "prediction_correct": 1, "classification": "TP", "error_label": "Correct destroyed", "decision_confidence": 0.457, "hazard_only_probability": 0.9324, "context_improved_prediction": 1, "context_hurt_prediction": 0, "terrain_model_probability": 0.9647, "terrain_model_disagreement": 0, "high_confidence_error": 0, "context_effect": "Context fixed hazard-only error", "longitude": -118.095196, "latitude": 52.872156500017766 }, "geometry": { "type": "Polygon", "coordinates": [ [ [ -118.095289, 52.872201 ], [ -118.095109, 52.872205 ], [ -118.095103, 52.872112 ], [ -118.095283, 52.872108 ], [ -118.095289, 52.872201 ] ] ] } },
{ "type": "Feature", "properties": { "sequence_id": 302, "fold": 1, "actual_label": "Destroyed", "predicted_label": "Destroyed", "destroyed_probability": 0.9747, "destroyed_probability_pct": 97.5, "risk_class": "Very High", "prediction_correct": 1, "classification": "TP", "error_label": "Correct destroyed", "decision_confidence": 0.4647, "hazard_only_probability": 0.94, "context_improved_prediction": 1, "context_hurt_prediction": 0, "terrain_model_probability": 0.9702, "terrain_model_disagreement": 0, "high_confidence_error": 0, "context_effect": "Context fixed hazard-only error", "longitude": -118.09530098152342, "latitude": 52.872075696219248 }, "geometry": { "type": "Polygon", "coordinates": [ [ [ -118.095192, 52.872033 ], [ -118.095427, 52.872056 ], [ -118.09541, 52.872118 ], [ -118.095176, 52.872096 ], [ -118.095192, 52.872033 ] ] ] } },
{ "type": "Feature", "properties": { "sequence_id": 303, "fold": 1, "actual_label": "Destroyed", "predicted_label": "Destroyed", "destroyed_probability": 0.9747, "destroyed_probability_pct": 97.5, "risk_class": "Very High", "prediction_correct": 1, "classification": "TP", "error_label": "Correct destroyed", "decision_confidence": 0.4647, "hazard_only_probability": 0.9409, "context_improved_prediction": 1, "context_hurt_prediction": 0, "terrain_model_probability": 0.9696, "terrain_model_disagreement": 0, "high_confidence_error": 0, "context_effect": "Context fixed hazard-only error", "longitude": -118.09547099993819, "latitude": 52.872002000069877 }, "geometry": { "type": "Polygon", "coordinates": [ [ [ -118.095349, 52.871962 ], [ -118.09561, 52.872006 ], [ -118.095593, 52.872042 ], [ -118.095332, 52.871998 ], [ -118.095349, 52.871962 ] ] ] } },
{ "type": "Feature", "properties": { "sequence_id": 304, "fold": 1, "actual_label": "Destroyed", "predicted_label": "Destroyed", "destroyed_probability": 0.9844, "destroyed_probability_pct": 98.4, "risk_class": "Very High", "prediction_correct": 1, "classification": "TP", "error_label": "Correct destroyed", "decision_confidence": 0.4744, "hazard_only_probability": 0.9857, "context_improved_prediction": 0, "context_hurt_prediction": 0, "terrain_model_probability": 0.9695, "terrain_model_disagreement": 0, "high_confidence_error": 0, "context_effect": "Both models correct", "longitude": -118.09563585158067, "latitude": 52.871913006745693 }, "geometry": { "type": "Polygon", "coordinates": [ [ [ -118.095469, 52.871907 ], [ -118.095492, 52.871861 ], [ -118.095803, 52.871919 ], [ -118.095779, 52.871965 ], [ -118.095469, 52.871907 ] ] ] } },
{ "type": "Feature", "properties": { "sequence_id": 305, "fold": 2, "actual_label": "Destroyed", "predicted_label": "Destroyed", "destroyed_probability": 0.9702, "destroyed_probability_pct": 97.0, "risk_class": "Very High", "prediction_correct": 1, "classification": "TP", "error_label": "Correct destroyed", "decision_confidence": 0.6302, "hazard_only_probability": 0.8996, "context_improved_prediction": 0, "context_hurt_prediction": 0, "terrain_model_probability": 0.9385, "terrain_model_disagreement": 0, "high_confidence_error": 0, "context_effect": "Both models correct", "longitude": -118.09575632196024, "latitude": 52.871815496493618 }, "geometry": { "type": "Polygon", "coordinates": [ [ [ -118.095622, 52.871773 ], [ -118.095908, 52.871812 ], [ -118.09589, 52.871858 ], [ -118.095605, 52.871819 ], [ -118.095622, 52.871773 ] ] ] } },
{ "type": "Feature", "properties": { "sequence_id": 306, "fold": 2, "actual_label": "Destroyed", "predicted_label": "Destroyed", "destroyed_probability": 0.9305, "destroyed_probability_pct": 93.0, "risk_class": "Very High", "prediction_correct": 1, "classification": "TP", "error_label": "Correct destroyed", "decision_confidence": 0.5905, "hazard_only_probability": 0.8963, "context_improved_prediction": 0, "context_hurt_prediction": 0, "terrain_model_probability": 0.9062, "terrain_model_disagreement": 0, "high_confidence_error": 0, "context_effect": "Both models correct", "longitude": -118.09593949999012, "latitude": 52.871719000023695 }, "geometry": { "type": "Polygon", "coordinates": [ [ [ -118.096001, 52.87178 ], [ -118.095826, 52.87174 ], [ -118.095878, 52.871658 ], [ -118.096053, 52.871698 ], [ -118.096001, 52.87178 ] ] ] } },
{ "type": "Feature", "properties": { "sequence_id": 307, "fold": 2, "actual_label": "Destroyed", "predicted_label": "Destroyed", "destroyed_probability": 0.8465, "destroyed_probability_pct": 84.7, "risk_class": "Very High", "prediction_correct": 1, "classification": "TP", "error_label": "Correct destroyed", "decision_confidence": 0.5065, "hazard_only_probability": 0.6847, "context_improved_prediction": 0, "context_hurt_prediction": 0, "terrain_model_probability": 0.8646, "terrain_model_disagreement": 0, "high_confidence_error": 0, "context_effect": "Both models correct", "longitude": -118.09616849062404, "latitude": 52.87154205082102 }, "geometry": { "type": "Polygon", "coordinates": [ [ [ -118.096294, 52.871582 ], [ -118.096079, 52.871558 ], [ -118.096102, 52.871484 ], [ -118.096159, 52.871491 ], [ -118.096144, 52.871538 ], [ -118.096302, 52.871556 ], [ -118.096294, 52.871582 ] ] ] } },
{ "type": "Feature", "properties": { "sequence_id": 308, "fold": 2, "actual_label": "Destroyed", "predicted_label": "Destroyed", "destroyed_probability": 0.9524, "destroyed_probability_pct": 95.2, "risk_class": "Very High", "prediction_correct": 1, "classification": "TP", "error_label": "Correct destroyed", "decision_confidence": 0.6124, "hazard_only_probability": 0.7983, "context_improved_prediction": 0, "context_hurt_prediction": 0, "terrain_model_probability": 0.9782, "terrain_model_disagreement": 0, "high_confidence_error": 0, "context_effect": "Both models correct", "longitude": -118.0964803848385, "latitude": 52.871322819962984 }, "geometry": { "type": "Polygon", "coordinates": [ [ [ -118.096372, 52.87128 ], [ -118.096609, 52.871318 ], [ -118.096588, 52.871366 ], [ -118.096351, 52.871327 ], [ -118.096372, 52.87128 ] ] ] } },
{ "type": "Feature", "properties": { "sequence_id": 309, "fold": 2, "actual_label": "Destroyed", "predicted_label": "Destroyed", "destroyed_probability": 0.9376, "destroyed_probability_pct": 93.8, "risk_class": "Very High", "prediction_correct": 1, "classification": "TP", "error_label": "Correct destroyed", "decision_confidence": 0.5976, "hazard_only_probability": 0.8142, "context_improved_prediction": 0, "context_hurt_prediction": 0, "terrain_model_probability": 0.9793, "terrain_model_disagreement": 0, "high_confidence_error": 0, "context_effect": "Both models correct", "longitude": -118.09657252626589, "latitude": 52.871207330510174 }, "geometry": { "type": "Polygon", "coordinates": [ [ [ -118.096706, 52.871205 ], [ -118.096679, 52.871256 ], [ -118.096438, 52.871209 ], [ -118.096466, 52.871159 ], [ -118.096706, 52.871205 ] ] ] } },
{ "type": "Feature", "properties": { "sequence_id": 310, "fold": 1, "actual_label": "Destroyed", "predicted_label": "Destroyed", "destroyed_probability": 0.9907, "destroyed_probability_pct": 99.1, "risk_class": "Very High", "prediction_correct": 1, "classification": "TP", "error_label": "Correct destroyed", "decision_confidence": 0.4807, "hazard_only_probability": 0.9747, "context_improved_prediction": 0, "context_hurt_prediction": 0, "terrain_model_probability": 0.9931, "terrain_model_disagreement": 0, "high_confidence_error": 0, "context_effect": "Both models correct", "longitude": -118.09670331261403, "latitude": 52.871112991567308 }, "geometry": { "type": "Polygon", "coordinates": [ [ [ -118.096803, 52.871154 ], [ -118.096583, 52.87112 ], [ -118.096603, 52.871072 ], [ -118.096824, 52.871106 ], [ -118.096803, 52.871154 ] ] ] } },
{ "type": "Feature", "properties": { "sequence_id": 311, "fold": 1, "actual_label": "Destroyed", "predicted_label": "Destroyed", "destroyed_probability": 0.9882, "destroyed_probability_pct": 98.8, "risk_class": "Very High", "prediction_correct": 1, "classification": "TP", "error_label": "Correct destroyed", "decision_confidence": 0.4782, "hazard_only_probability": 0.9966, "context_improved_prediction": 0, "context_hurt_prediction": 0, "terrain_model_probability": 0.9875, "terrain_model_disagreement": 0, "high_confidence_error": 0, "context_effect": "Both models correct", "longitude": -118.09637799998875, "latitude": 52.870888500014637 }, "geometry": { "type": "Polygon", "coordinates": [ [ [ -118.096429, 52.870925 ], [ -118.0963, 52.870898 ], [ -118.096327, 52.870852 ], [ -118.096456, 52.870879 ], [ -118.096429, 52.870925 ] ] ] } },
{ "type": "Feature", "properties": { "sequence_id": 312, "fold": 1, "actual_label": "Destroyed", "predicted_label": "Destroyed", "destroyed_probability": 0.992, "destroyed_probability_pct": 99.2, "risk_class": "Very High", "prediction_correct": 1, "classification": "TP", "error_label": "Correct destroyed", "decision_confidence": 0.482, "hazard_only_probability": 0.9782, "context_improved_prediction": 0, "context_hurt_prediction": 0, "terrain_model_probability": 0.9785, "terrain_model_disagreement": 0, "high_confidence_error": 0, "context_effect": "Both models correct", "longitude": -118.09696249997153, "latitude": 52.871063500018849 }, "geometry": { "type": "Polygon", "coordinates": [ [ [ -118.097076, 52.871073 ], [ -118.096978, 52.871132 ], [ -118.096849, 52.871054 ], [ -118.096947, 52.870995 ], [ -118.097076, 52.871073 ] ] ] } },
{ "type": "Feature", "properties": { "sequence_id": 313, "fold": 1, "actual_label": "Destroyed", "predicted_label": "Destroyed", "destroyed_probability": 0.9501, "destroyed_probability_pct": 95.0, "risk_class": "Very High", "prediction_correct": 1, "classification": "TP", "error_label": "Correct destroyed", "decision_confidence": 0.4401, "hazard_only_probability": 0.9924, "context_improved_prediction": 0, "context_hurt_prediction": 0, "terrain_model_probability": 0.9487, "terrain_model_disagreement": 0, "high_confidence_error": 0, "context_effect": "Both models correct", "longitude": -118.0966942587807, "latitude": 52.870757007201171 }, "geometry": { "type": "Polygon", "coordinates": [ [ [ -118.096832, 52.870797 ], [ -118.096786, 52.870831 ], [ -118.096556, 52.870716 ], [ -118.096601, 52.870683 ], [ -118.096832, 52.870797 ] ] ] } },
{ "type": "Feature", "properties": { "sequence_id": 314, "fold": 3, "actual_label": "Destroyed", "predicted_label": "Survived", "destroyed_probability": 0.0311, "destroyed_probability_pct": 3.1, "risk_class": "Very Low", "prediction_correct": 0, "classification": "FN", "error_label": "Missed destroyed", "decision_confidence": 0.1539, "hazard_only_probability": 0.0148, "context_improved_prediction": 0, "context_hurt_prediction": 0, "terrain_model_probability": 0.005, "terrain_model_disagreement": 0, "high_confidence_error": 0, "context_effect": "Both models wrong", "longitude": -118.08591788501694, "latitude": 52.875784594598784 }, "geometry": { "type": "Polygon", "coordinates": [ [ [ -118.085903, 52.875762 ], [ -118.085997, 52.875749 ], [ -118.086024, 52.875818 ], [ -118.085866, 52.87584 ], [ -118.085823, 52.875728 ], [ -118.085886, 52.875719 ], [ -118.085903, 52.875762 ] ] ] } },
{ "type": "Feature", "properties": { "sequence_id": 315, "fold": 3, "actual_label": "Destroyed", "predicted_label": "Survived", "destroyed_probability": 0.1077, "destroyed_probability_pct": 10.8, "risk_class": "Very Low", "prediction_correct": 0, "classification": "FN", "error_label": "Missed destroyed", "decision_confidence": 0.0773, "hazard_only_probability": 0.0204, "context_improved_prediction": 0, "context_hurt_prediction": 0, "terrain_model_probability": 0.0058, "terrain_model_disagreement": 0, "high_confidence_error": 0, "context_effect": "Both models wrong", "longitude": -118.08613514200286, "latitude": 52.875770591306811 }, "geometry": { "type": "Polygon", "coordinates": [ [ [ -118.086205, 52.875762 ], [ -118.086211, 52.875813 ], [ -118.086057, 52.875819 ], [ -118.086048, 52.875732 ], [ -118.086228, 52.875725 ], [ -118.086232, 52.875761 ], [ -118.086205, 52.875762 ] ] ] } },
{ "type": "Feature", "properties": { "sequence_id": 316, "fold": 3, "actual_label": "Destroyed", "predicted_label": "Destroyed", "destroyed_probability": 0.4298, "destroyed_probability_pct": 43.0, "risk_class": "Moderate", "prediction_correct": 1, "classification": "TP", "error_label": "Correct destroyed", "decision_confidence": 0.2448, "hazard_only_probability": 0.4527, "context_improved_prediction": 0, "context_hurt_prediction": 0, "terrain_model_probability": 0.0097, "terrain_model_disagreement": 1, "high_confidence_error": 0, "context_effect": "Both models correct", "longitude": -118.0870215, "latitude": 52.875687499999572 }, "geometry": { "type": "Polygon", "coordinates": [ [ [ -118.087098, 52.87563 ], [ -118.087098, 52.875745 ], [ -118.086945, 52.875745 ], [ -118.086945, 52.87563 ], [ -118.087098, 52.87563 ] ] ] } },
{ "type": "Feature", "properties": { "sequence_id": 317, "fold": 3, "actual_label": "Destroyed", "predicted_label": "Destroyed", "destroyed_probability": 0.4216, "destroyed_probability_pct": 42.2, "risk_class": "Moderate", "prediction_correct": 1, "classification": "TP", "error_label": "Correct destroyed", "decision_confidence": 0.2366, "hazard_only_probability": 0.3792, "context_improved_prediction": 0, "context_hurt_prediction": 0, "terrain_model_probability": 0.0459, "terrain_model_disagreement": 1, "high_confidence_error": 0, "context_effect": "Both models correct", "longitude": -118.0874755, "latitude": 52.875682499994369 }, "geometry": { "type": "Polygon", "coordinates": [ [ [ -118.087403, 52.875743 ], [ -118.087403, 52.875622 ], [ -118.087548, 52.875622 ], [ -118.087548, 52.875743 ], [ -118.087403, 52.875743 ] ] ] } },
{ "type": "Feature", "properties": { "sequence_id": 318, "fold": 3, "actual_label": "Survived", "predicted_label": "Survived", "destroyed_probability": 0.0358, "destroyed_probability_pct": 3.6, "risk_class": "Very Low", "prediction_correct": 1, "classification": "TN", "error_label": "Correct survived", "decision_confidence": 0.1492, "hazard_only_probability": 0.0319, "context_improved_prediction": 0, "context_hurt_prediction": 0, "terrain_model_probability": 0.1588, "terrain_model_disagreement": 1, "high_confidence_error": 0, "context_effect": "Both models correct", "longitude": -118.08816, "latitude": 52.875699500003876 }, "geometry": { "type": "Polygon", "coordinates": [ [ [ -118.088226, 52.875664 ], [ -118.088214, 52.875742 ], [ -118.088094, 52.875735 ], [ -118.088106, 52.875657 ], [ -118.088226, 52.875664 ] ] ] } },
{ "type": "Feature", "properties": { "sequence_id": 319, "fold": 1, "actual_label": "Survived", "predicted_label": "Survived", "destroyed_probability": 0.103, "destroyed_probability_pct": 10.3, "risk_class": "Very Low", "prediction_correct": 1, "classification": "TN", "error_label": "Correct survived", "decision_confidence": 0.407, "hazard_only_probability": 0.0604, "context_improved_prediction": 0, "context_hurt_prediction": 0, "terrain_model_probability": 0.0696, "terrain_model_disagreement": 0, "high_confidence_error": 0, "context_effect": "Both models correct", "longitude": -118.08853850000226, "latitude": 52.875742000006397 }, "geometry": { "type": "Polygon", "coordinates": [ [ [ -118.088608, 52.875714 ], [ -118.088587, 52.875783 ], [ -118.088469, 52.87577 ], [ -118.08849, 52.875701 ], [ -118.088608, 52.875714 ] ] ] } },
{ "type": "Feature", "properties": { "sequence_id": 320, "fold": 2, "actual_label": "Survived", "predicted_label": "Survived", "destroyed_probability": 0.0653, "destroyed_probability_pct": 6.5, "risk_class": "Very Low", "prediction_correct": 1, "classification": "TN", "error_label": "Correct survived", "decision_confidence": 0.2747, "hazard_only_probability": 0.0286, "context_improved_prediction": 0, "context_hurt_prediction": 0, "terrain_model_probability": 0.0437, "terrain_model_disagreement": 0, "high_confidence_error": 0, "context_effect": "Both models correct", "longitude": -118.08892425954947, "latitude": 52.875632054109573 }, "geometry": { "type": "Polygon", "coordinates": [ [ [ -118.088873, 52.875602 ], [ -118.088969, 52.875599 ], [ -118.088976, 52.875662 ], [ -118.088879, 52.875665 ], [ -118.088873, 52.875602 ] ] ] } },
{ "type": "Feature", "properties": { "sequence_id": 321, "fold": 1, "actual_label": "Survived", "predicted_label": "Survived", "destroyed_probability": 0.0227, "destroyed_probability_pct": 2.3, "risk_class": "Very Low", "prediction_correct": 1, "classification": "TN", "error_label": "Correct survived", "decision_confidence": 0.4873, "hazard_only_probability": 0.0174, "context_improved_prediction": 0, "context_hurt_prediction": 0, "terrain_model_probability": 0.0225, "terrain_model_disagreement": 0, "high_confidence_error": 0, "context_effect": "Both models correct", "longitude": -118.088978, "latitude": 52.875800500003102 }, "geometry": { "type": "Polygon", "coordinates": [ [ [ -118.089034, 52.875764 ], [ -118.089034, 52.875837 ], [ -118.088922, 52.875837 ], [ -118.088922, 52.875764 ], [ -118.089034, 52.875764 ] ] ] } },
{ "type": "Feature", "properties": { "sequence_id": 322, "fold": 1, "actual_label": "Survived", "predicted_label": "Survived", "destroyed_probability": 0.0078, "destroyed_probability_pct": 0.8, "risk_class": "Very Low", "prediction_correct": 1, "classification": "TN", "error_label": "Correct survived", "decision_confidence": 0.5022, "hazard_only_probability": 0.0122, "context_improved_prediction": 0, "context_hurt_prediction": 0, "terrain_model_probability": 0.0086, "terrain_model_disagreement": 0, "high_confidence_error": 0, "context_effect": "Both models correct", "longitude": -118.08918678364851, "latitude": 52.875849437382151 }, "geometry": { "type": "Polygon", "coordinates": [ [ [ -118.089074, 52.87591 ], [ -118.089121, 52.875767 ], [ -118.0893, 52.875789 ], [ -118.089252, 52.875932 ], [ -118.089074, 52.87591 ] ] ] } },
{ "type": "Feature", "properties": { "sequence_id": 323, "fold": 1, "actual_label": "Survived", "predicted_label": "Survived", "destroyed_probability": 0.0053, "destroyed_probability_pct": 0.5, "risk_class": "Very Low", "prediction_correct": 1, "classification": "TN", "error_label": "Correct survived", "decision_confidence": 0.5047, "hazard_only_probability": 0.0093, "context_improved_prediction": 0, "context_hurt_prediction": 0, "terrain_model_probability": 0.0063, "terrain_model_disagreement": 0, "high_confidence_error": 0, "context_effect": "Both models correct", "longitude": -118.08942452761217, "latitude": 52.875855242721968 }, "geometry": { "type": "Polygon", "coordinates": [ [ [ -118.089344, 52.875771 ], [ -118.089451, 52.875773 ], [ -118.089449, 52.875806 ], [ -118.089522, 52.875807 ], [ -118.089516, 52.875928 ], [ -118.089336, 52.875925 ], [ -118.089344, 52.875771 ] ] ] } },
{ "type": "Feature", "properties": { "sequence_id": 324, "fold": 3, "actual_label": "Survived", "predicted_label": "Survived", "destroyed_probability": 0.0253, "destroyed_probability_pct": 2.5, "risk_class": "Very Low", "prediction_correct": 1, "classification": "TN", "error_label": "Correct survived", "decision_confidence": 0.1597, "hazard_only_probability": 0.0311, "context_improved_prediction": 0, "context_hurt_prediction": 0, "terrain_model_probability": 0.0148, "terrain_model_disagreement": 0, "high_confidence_error": 0, "context_effect": "Both models correct", "longitude": -118.08252308633932, "latitude": 52.875673312039304 }, "geometry": { "type": "Polygon", "coordinates": [ [ [ -118.082568, 52.875593 ], [ -118.082662, 52.875685 ], [ -118.082479, 52.875754 ], [ -118.082384, 52.875661 ], [ -118.082568, 52.875593 ] ] ] } },
{ "type": "Feature", "properties": { "sequence_id": 325, "fold": 3, "actual_label": "Destroyed", "predicted_label": "Destroyed", "destroyed_probability": 0.3133, "destroyed_probability_pct": 31.3, "risk_class": "Low", "prediction_correct": 1, "classification": "TP", "error_label": "Correct destroyed", "decision_confidence": 0.1283, "hazard_only_probability": 0.3643, "context_improved_prediction": 0, "context_hurt_prediction": 0, "terrain_model_probability": 0.0224, "terrain_model_disagreement": 1, "high_confidence_error": 0, "context_effect": "Both models correct", "longitude": -118.08562331220027, "latitude": 52.87528632639895 }, "geometry": { "type": "Polygon", "coordinates": [ [ [ -118.085633, 52.875211 ], [ -118.085749, 52.87528 ], [ -118.085613, 52.875362 ], [ -118.085498, 52.875292 ], [ -118.085633, 52.875211 ] ] ] } },
{ "type": "Feature", "properties": { "sequence_id": 326, "fold": 3, "actual_label": "Destroyed", "predicted_label": "Destroyed", "destroyed_probability": 0.4914, "destroyed_probability_pct": 49.1, "risk_class": "Moderate", "prediction_correct": 1, "classification": "TP", "error_label": "Correct destroyed", "decision_confidence": 0.3064, "hazard_only_probability": 0.4705, "context_improved_prediction": 0, "context_hurt_prediction": 0, "terrain_model_probability": 0.0163, "terrain_model_disagreement": 1, "high_confidence_error": 0, "context_effect": "Both models correct", "longitude": -118.08588549999513, "latitude": 52.875429500003804 }, "geometry": { "type": "Polygon", "coordinates": [ [ [ -118.085852, 52.875469 ], [ -118.085822, 52.875406 ], [ -118.085919, 52.87539 ], [ -118.085949, 52.875453 ], [ -118.085852, 52.875469 ] ] ] } },
{ "type": "Feature", "properties": { "sequence_id": 327, "fold": 3, "actual_label": "Destroyed", "predicted_label": "Destroyed", "destroyed_probability": 0.3838, "destroyed_probability_pct": 38.4, "risk_class": "Low", "prediction_correct": 1, "classification": "TP", "error_label": "Correct destroyed", "decision_confidence": 0.1988, "hazard_only_probability": 0.3643, "context_improved_prediction": 0, "context_hurt_prediction": 0, "terrain_model_probability": 0.0145, "terrain_model_disagreement": 1, "high_confidence_error": 0, "context_effect": "Both models correct", "longitude": -118.08600190798032, "latitude": 52.875234527283482 }, "geometry": { "type": "Polygon", "coordinates": [ [ [ -118.086003, 52.875295 ], [ -118.086015, 52.875336 ], [ -118.085954, 52.875342 ], [ -118.085903, 52.875166 ], [ -118.086067, 52.875149 ], [ -118.086106, 52.875284 ], [ -118.086003, 52.875295 ] ] ] } },
{ "type": "Feature", "properties": { "sequence_id": 328, "fold": 3, "actual_label": "Destroyed", "predicted_label": "Destroyed", "destroyed_probability": 0.4563, "destroyed_probability_pct": 45.6, "risk_class": "Moderate", "prediction_correct": 1, "classification": "TP", "error_label": "Correct destroyed", "decision_confidence": 0.2713, "hazard_only_probability": 0.4403, "context_improved_prediction": 0, "context_hurt_prediction": 0, "terrain_model_probability": 0.0065, "terrain_model_disagreement": 1, "high_confidence_error": 0, "context_effect": "Both models correct", "longitude": -118.08622450000067, "latitude": 52.875181500027168 }, "geometry": { "type": "Polygon", "coordinates": [ [ [ -118.086129, 52.87522 ], [ -118.086129, 52.875143 ], [ -118.08632, 52.875143 ], [ -118.08632, 52.87522 ], [ -118.086129, 52.87522 ] ] ] } },
{ "type": "Feature", "properties": { "sequence_id": 329, "fold": 3, "actual_label": "Destroyed", "predicted_label": "Destroyed", "destroyed_probability": 0.2423, "destroyed_probability_pct": 24.2, "risk_class": "Low", "prediction_correct": 1, "classification": "TP", "error_label": "Correct destroyed", "decision_confidence": 0.0573, "hazard_only_probability": 0.5005, "context_improved_prediction": 0, "context_hurt_prediction": 0, "terrain_model_probability": 0.0046, "terrain_model_disagreement": 1, "high_confidence_error": 0, "context_effect": "Both models correct", "longitude": -118.0866655, "latitude": 52.874658499995803 }, "geometry": { "type": "Polygon", "coordinates": [ [ [ -118.086601, 52.874712 ], [ -118.086601, 52.874605 ], [ -118.08673, 52.874605 ], [ -118.08673, 52.874712 ], [ -118.086601, 52.874712 ] ] ] } },
{ "type": "Feature", "properties": { "sequence_id": 330, "fold": 3, "actual_label": "Destroyed", "predicted_label": "Destroyed", "destroyed_probability": 0.513, "destroyed_probability_pct": 51.3, "risk_class": "Moderate", "prediction_correct": 1, "classification": "TP", "error_label": "Correct destroyed", "decision_confidence": 0.328, "hazard_only_probability": 0.4832, "context_improved_prediction": 0, "context_hurt_prediction": 0, "terrain_model_probability": 0.0103, "terrain_model_disagreement": 1, "high_confidence_error": 0, "context_effect": "Both models correct", "longitude": -118.08690238029703, "latitude": 52.874646252591397 }, "geometry": { "type": "Polygon", "coordinates": [ [ [ -118.086984, 52.874588 ], [ -118.086987, 52.874703 ], [ -118.086821, 52.874705 ], [ -118.086818, 52.874589 ], [ -118.086984, 52.874588 ] ] ] } },
{ "type": "Feature", "properties": { "sequence_id": 331, "fold": 3, "actual_label": "Destroyed", "predicted_label": "Destroyed", "destroyed_probability": 0.4995, "destroyed_probability_pct": 49.9, "risk_class": "Moderate", "prediction_correct": 1, "classification": "TP", "error_label": "Correct destroyed", "decision_confidence": 0.3145, "hazard_only_probability": 0.4832, "context_improved_prediction": 0, "context_hurt_prediction": 0, "terrain_model_probability": 0.0149, "terrain_model_disagreement": 1, "high_confidence_error": 0, "context_effect": "Both models correct", "longitude": -118.087134, "latitude": 52.874655500000479 }, "geometry": { "type": "Polygon", "coordinates": [ [ [ -118.0872, 52.874607 ], [ -118.0872, 52.874704 ], [ -118.087068, 52.874704 ], [ -118.087068, 52.874607 ], [ -118.0872, 52.874607 ] ] ] } },
{ "type": "Feature", "properties": { "sequence_id": 332, "fold": 3, "actual_label": "Destroyed", "predicted_label": "Destroyed", "destroyed_probability": 0.5421, "destroyed_probability_pct": 54.2, "risk_class": "Moderate", "prediction_correct": 1, "classification": "TP", "error_label": "Correct destroyed", "decision_confidence": 0.3571, "hazard_only_probability": 0.4925, "context_improved_prediction": 0, "context_hurt_prediction": 0, "terrain_model_probability": 0.1015, "terrain_model_disagreement": 0, "high_confidence_error": 0, "context_effect": "Both models correct", "longitude": -118.08781962275532, "latitude": 52.87461229894096 }, "geometry": { "type": "Polygon", "coordinates": [ [ [ -118.0879, 52.874697 ], [ -118.08775, 52.874693 ], [ -118.087759, 52.874569 ], [ -118.087753, 52.874569 ], [ -118.087758, 52.874501 ], [ -118.087839, 52.874503 ], [ -118.087833, 52.874585 ], [ -118.087908, 52.874587 ], [ -118.0879, 52.874697 ] ] ] } },
{ "type": "Feature", "properties": { "sequence_id": 333, "fold": 3, "actual_label": "Destroyed", "predicted_label": "Destroyed", "destroyed_probability": 0.4521, "destroyed_probability_pct": 45.2, "risk_class": "Moderate", "prediction_correct": 1, "classification": "TP", "error_label": "Correct destroyed", "decision_confidence": 0.2671, "hazard_only_probability": 0.2994, "context_improved_prediction": 1, "context_hurt_prediction": 0, "terrain_model_probability": 0.0421, "terrain_model_disagreement": 1, "high_confidence_error": 0, "context_effect": "Context fixed hazard-only error", "longitude": -118.08804050000033, "latitude": 52.874659000011917 }, "geometry": { "type": "Polygon", "coordinates": [ [ [ -118.087959, 52.874613 ], [ -118.088122, 52.874613 ], [ -118.088122, 52.874705 ], [ -118.087959, 52.874705 ], [ -118.087959, 52.874613 ] ] ] } },
{ "type": "Feature", "properties": { "sequence_id": 334, "fold": 2, "actual_label": "Destroyed", "predicted_label": "Destroyed", "destroyed_probability": 0.8185, "destroyed_probability_pct": 81.9, "risk_class": "Very High", "prediction_correct": 1, "classification": "TP", "error_label": "Correct destroyed", "decision_confidence": 0.4785, "hazard_only_probability": 0.4779, "context_improved_prediction": 0, "context_hurt_prediction": 0, "terrain_model_probability": 0.9295, "terrain_model_disagreement": 0, "high_confidence_error": 0, "context_effect": "Both models correct", "longitude": -118.08891427510832, "latitude": 52.874764732337226 }, "geometry": { "type": "Polygon", "coordinates": [ [ [ -118.088811, 52.874718 ], [ -118.089031, 52.874731 ], [ -118.089018, 52.874811 ], [ -118.088798, 52.874799 ], [ -118.088811, 52.874718 ] ] ] } },
{ "type": "Feature", "properties": { "sequence_id": 335, "fold": 2, "actual_label": "Destroyed", "predicted_label": "Destroyed", "destroyed_probability": 0.7125, "destroyed_probability_pct": 71.2, "risk_class": "High", "prediction_correct": 1, "classification": "TP", "error_label": "Correct destroyed", "decision_confidence": 0.3725, "hazard_only_probability": 0.6602, "context_improved_prediction": 0, "context_hurt_prediction": 0, "terrain_model_probability": 0.8727, "terrain_model_disagreement": 0, "high_confidence_error": 0, "context_effect": "Both models correct", "longitude": -118.08908218918859, "latitude": 52.874780024853919 }, "geometry": { "type": "Polygon", "coordinates": [ [ [ -118.089111, 52.874775 ], [ -118.089097, 52.874796 ], [ -118.089053, 52.874785 ], [ -118.089068, 52.874764 ], [ -118.089111, 52.874775 ] ] ] } },
{ "type": "Feature", "properties": { "sequence_id": 336, "fold": 2, "actual_label": "Destroyed", "predicted_label": "Survived", "destroyed_probability": 0.1639, "destroyed_probability_pct": 16.4, "risk_class": "Very Low", "prediction_correct": 0, "classification": "FN", "error_label": "Missed destroyed", "decision_confidence": 0.1761, "hazard_only_probability": 0.2207, "context_improved_prediction": 0, "context_hurt_prediction": 0, "terrain_model_probability": 0.4698, "terrain_model_disagreement": 0, "high_confidence_error": 0, "context_effect": "Both models wrong", "longitude": -118.08885097055484, "latitude": 52.875332930798443 }, "geometry": { "type": "Polygon", "coordinates": [ [ [ -118.088787, 52.875217 ], [ -118.088958, 52.875235 ], [ -118.088891, 52.875471 ], [ -118.088784, 52.875459 ], [ -118.088808, 52.875373 ], [ -118.088745, 52.875366 ], [ -118.088787, 52.875217 ] ] ] } },
{ "type": "Feature", "properties": { "sequence_id": 337, "fold": 2, "actual_label": "Destroyed", "predicted_label": "Survived", "destroyed_probability": 0.3225, "destroyed_probability_pct": 32.2, "risk_class": "Low", "prediction_correct": 0, "classification": "FN", "error_label": "Missed destroyed", "decision_confidence": 0.0175, "hazard_only_probability": 0.122, "context_improved_prediction": 0, "context_hurt_prediction": 0, "terrain_model_probability": 0.6332, "terrain_model_disagreement": 0, "high_confidence_error": 0, "context_effect": "Both models wrong", "longitude": -118.0890792924779, "latitude": 52.875289876834849 }, "geometry": { "type": "Polygon", "coordinates": [ [ [ -118.089023, 52.875229 ], [ -118.089188, 52.875256 ], [ -118.089149, 52.875343 ], [ -118.089035, 52.875324 ], [ -118.089024, 52.87535 ], [ -118.088973, 52.875342 ], [ -118.089023, 52.875229 ] ] ] } },
{ "type": "Feature", "properties": { "sequence_id": 338, "fold": 2, "actual_label": "Destroyed", "predicted_label": "Survived", "destroyed_probability": 0.1975, "destroyed_probability_pct": 19.7, "risk_class": "Very Low", "prediction_correct": 0, "classification": "FN", "error_label": "Missed destroyed", "decision_confidence": 0.1425, "hazard_only_probability": 0.0763, "context_improved_prediction": 0, "context_hurt_prediction": 0, "terrain_model_probability": 0.371, "terrain_model_disagreement": 0, "high_confidence_error": 0, "context_effect": "Both models wrong", "longitude": -118.08928806868774, "latitude": 52.875324794147382 }, "geometry": { "type": "Polygon", "coordinates": [ [ [ -118.08933, 52.875403 ], [ -118.089189, 52.875381 ], [ -118.089246, 52.875247 ], [ -118.089387, 52.875268 ], [ -118.08933, 52.875403 ] ] ] } },
{ "type": "Feature", "properties": { "sequence_id": 339, "fold": 2, "actual_label": "Destroyed", "predicted_label": "Survived", "destroyed_probability": 0.2335, "destroyed_probability_pct": 23.4, "risk_class": "Low", "prediction_correct": 0, "classification": "FN", "error_label": "Missed destroyed", "decision_confidence": 0.1065, "hazard_only_probability": 0.0472, "context_improved_prediction": 0, "context_hurt_prediction": 0, "terrain_model_probability": 0.4183, "terrain_model_disagreement": 0, "high_confidence_error": 0, "context_effect": "Both models wrong", "longitude": -118.08952300001323, "latitude": 52.875316500007848 }, "geometry": { "type": "Polygon", "coordinates": [ [ [ -118.089615, 52.875288 ], [ -118.089559, 52.875375 ], [ -118.089431, 52.875345 ], [ -118.089487, 52.875258 ], [ -118.089615, 52.875288 ] ] ] } },
{ "type": "Feature", "properties": { "sequence_id": 340, "fold": 2, "actual_label": "Destroyed", "predicted_label": "Survived", "destroyed_probability": 0.3018, "destroyed_probability_pct": 30.2, "risk_class": "Low", "prediction_correct": 0, "classification": "FN", "error_label": "Missed destroyed", "decision_confidence": 0.0382, "hazard_only_probability": 0.0557, "context_improved_prediction": 0, "context_hurt_prediction": 0, "terrain_model_probability": 0.3912, "terrain_model_disagreement": 0, "high_confidence_error": 0, "context_effect": "Both models wrong", "longitude": -118.08974750000327, "latitude": 52.875326000012883 }, "geometry": { "type": "Polygon", "coordinates": [ [ [ -118.089724, 52.875268 ], [ -118.089844, 52.875313 ], [ -118.089771, 52.875384 ], [ -118.089651, 52.875339 ], [ -118.089724, 52.875268 ] ] ] } },
{ "type": "Feature", "properties": { "sequence_id": 341, "fold": 2, "actual_label": "Survived", "predicted_label": "Survived", "destroyed_probability": 0.2019, "destroyed_probability_pct": 20.2, "risk_class": "Low", "prediction_correct": 1, "classification": "TN", "error_label": "Correct survived", "decision_confidence": 0.1381, "hazard_only_probability": 0.0587, "context_improved_prediction": 0, "context_hurt_prediction": 0, "terrain_model_probability": 0.1738, "terrain_model_disagreement": 0, "high_confidence_error": 0, "context_effect": "Both models correct", "longitude": -118.09035650000054, "latitude": 52.875291500021206 }, "geometry": { "type": "Polygon", "coordinates": [ [ [ -118.090442, 52.875256 ], [ -118.090442, 52.875327 ], [ -118.090271, 52.875327 ], [ -118.090271, 52.875256 ], [ -118.090442, 52.875256 ] ] ] } },
{ "type": "Feature", "properties": { "sequence_id": 342, "fold": 2, "actual_label": "Survived", "predicted_label": "Destroyed", "destroyed_probability": 0.5601, "destroyed_probability_pct": 56.0, "risk_class": "Moderate", "prediction_correct": 0, "classification": "FP", "error_label": "False alarm", "decision_confidence": 0.2201, "hazard_only_probability": 0.2904, "context_improved_prediction": 0, "context_hurt_prediction": 1, "terrain_model_probability": 0.3074, "terrain_model_disagreement": 1, "high_confidence_error": 0, "context_effect": "Context introduced error", "longitude": -118.09081082588027, "latitude": 52.874766162313136 }, "geometry": { "type": "Polygon", "coordinates": [ [ [ -118.090865, 52.874708 ], [ -118.09089, 52.874813 ], [ -118.090757, 52.874824 ], [ -118.090731, 52.87472 ], [ -118.090865, 52.874708 ] ] ] } },
{ "type": "Feature", "properties": { "sequence_id": 343, "fold": 2, "actual_label": "Survived", "predicted_label": "Survived", "destroyed_probability": 0.2178, "destroyed_probability_pct": 21.8, "risk_class": "Low", "prediction_correct": 1, "classification": "TN", "error_label": "Correct survived", "decision_confidence": 0.1222, "hazard_only_probability": 0.2817, "context_improved_prediction": 0, "context_hurt_prediction": 0, "terrain_model_probability": 0.1492, "terrain_model_disagreement": 0, "high_confidence_error": 0, "context_effect": "Both models correct", "longitude": -118.09125889318521, "latitude": 52.874701782203203 }, "geometry": { "type": "Polygon", "coordinates": [ [ [ -118.091183, 52.874766 ], [ -118.091159, 52.874651 ], [ -118.091334, 52.874637 ], [ -118.091359, 52.874753 ], [ -118.091183, 52.874766 ] ] ] } },
{ "type": "Feature", "properties": { "sequence_id": 344, "fold": 3, "actual_label": "Survived", "predicted_label": "Survived", "destroyed_probability": 0.0018, "destroyed_probability_pct": 0.2, "risk_class": "Very Low", "prediction_correct": 1, "classification": "TN", "error_label": "Correct survived", "decision_confidence": 0.1832, "hazard_only_probability": 0.0033, "context_improved_prediction": 0, "context_hurt_prediction": 0, "terrain_model_probability": 0.0015, "terrain_model_disagreement": 0, "high_confidence_error": 0, "context_effect": "Both models correct", "longitude": -118.07960050003305, "latitude": 52.883911000016226 }, "geometry": { "type": "Polygon", "coordinates": [ [ [ -118.079703, 52.883901 ], [ -118.079576, 52.883972 ], [ -118.079498, 52.883921 ], [ -118.079625, 52.88385 ], [ -118.079703, 52.883901 ] ] ] } },
{ "type": "Feature", "properties": { "sequence_id": 345, "fold": 3, "actual_label": "Survived", "predicted_label": "Survived", "destroyed_probability": 0.0031, "destroyed_probability_pct": 0.3, "risk_class": "Very Low", "prediction_correct": 1, "classification": "TN", "error_label": "Correct survived", "decision_confidence": 0.1819, "hazard_only_probability": 0.003, "context_improved_prediction": 0, "context_hurt_prediction": 0, "terrain_model_probability": 0.0031, "terrain_model_disagreement": 0, "high_confidence_error": 0, "context_effect": "Both models correct", "longitude": -118.07888049998184, "latitude": 52.883872000048086 }, "geometry": { "type": "Polygon", "coordinates": [ [ [ -118.079012, 52.883842 ], [ -118.078989, 52.883927 ], [ -118.078749, 52.883902 ], [ -118.078772, 52.883817 ], [ -118.079012, 52.883842 ] ] ] } },
{ "type": "Feature", "properties": { "sequence_id": 346, "fold": 3, "actual_label": "Survived", "predicted_label": "Survived", "destroyed_probability": 0.0031, "destroyed_probability_pct": 0.3, "risk_class": "Very Low", "prediction_correct": 1, "classification": "TN", "error_label": "Correct survived", "decision_confidence": 0.1819, "hazard_only_probability": 0.003, "context_improved_prediction": 0, "context_hurt_prediction": 0, "terrain_model_probability": 0.0041, "terrain_model_disagreement": 0, "high_confidence_error": 0, "context_effect": "Both models correct", "longitude": -118.07891933949928, "latitude": 52.883748229819027 }, "geometry": { "type": "Polygon", "coordinates": [ [ [ -118.078811, 52.883678 ], [ -118.079053, 52.883696 ], [ -118.079028, 52.883818 ], [ -118.078786, 52.883801 ], [ -118.078811, 52.883678 ] ] ] } },
{ "type": "Feature", "properties": { "sequence_id": 347, "fold": 3, "actual_label": "Survived", "predicted_label": "Survived", "destroyed_probability": 0.0043, "destroyed_probability_pct": 0.4, "risk_class": "Very Low", "prediction_correct": 1, "classification": "TN", "error_label": "Correct survived", "decision_confidence": 0.1807, "hazard_only_probability": 0.0034, "context_improved_prediction": 0, "context_hurt_prediction": 0, "terrain_model_probability": 0.0031, "terrain_model_disagreement": 0, "high_confidence_error": 0, "context_effect": "Both models correct", "longitude": -118.07960350000161, "latitude": 52.883669500002064 }, "geometry": { "type": "Polygon", "coordinates": [ [ [ -118.079656, 52.883709 ], [ -118.079545, 52.883706 ], [ -118.079551, 52.88363 ], [ -118.079662, 52.883633 ], [ -118.079656, 52.883709 ] ] ] } },
{ "type": "Feature", "properties": { "sequence_id": 348, "fold": 3, "actual_label": "Survived", "predicted_label": "Survived", "destroyed_probability": 0.0046, "destroyed_probability_pct": 0.5, "risk_class": "Very Low", "prediction_correct": 1, "classification": "TN", "error_label": "Correct survived", "decision_confidence": 0.1804, "hazard_only_probability": 0.003, "context_improved_prediction": 0, "context_hurt_prediction": 0, "terrain_model_probability": 0.0046, "terrain_model_disagreement": 0, "high_confidence_error": 0, "context_effect": "Both models correct", "longitude": -118.0790020917445, "latitude": 52.883471683953701 }, "geometry": { "type": "Polygon", "coordinates": [ [ [ -118.078857, 52.883504 ], [ -118.078872, 52.88345 ], [ -118.078932, 52.883456 ], [ -118.078944, 52.883412 ], [ -118.079127, 52.883431 ], [ -118.079099, 52.883528 ], [ -118.078857, 52.883504 ] ] ] } },
{ "type": "Feature", "properties": { "sequence_id": 349, "fold": 1, "actual_label": "Destroyed", "predicted_label": "Destroyed", "destroyed_probability": 0.9969, "destroyed_probability_pct": 99.7, "risk_class": "Very High", "prediction_correct": 1, "classification": "TP", "error_label": "Correct destroyed", "decision_confidence": 0.4869, "hazard_only_probability": 0.9948, "context_improved_prediction": 0, "context_hurt_prediction": 0, "terrain_model_probability": 0.989, "terrain_model_disagreement": 0, "high_confidence_error": 0, "context_effect": "Both models correct", "longitude": -118.09907533261494, "latitude": 52.86920382272006 }, "geometry": { "type": "Polygon", "coordinates": [ [ [ -118.099078, 52.86913 ], [ -118.099054, 52.869133 ], [ -118.099093, 52.869266 ], [ -118.098979, 52.869278 ], [ -118.098987, 52.869305 ], [ -118.098909, 52.869314 ], [ -118.09889, 52.869251 ], [ -118.098951, 52.869244 ], [ -118.098919, 52.869137 ], [ -118.099209, 52.869105 ], [ -118.099256, 52.869263 ], [ -118.099122, 52.869278 ], [ -118.099078, 52.86913 ] ] ] } },
{ "type": "Feature", "properties": { "sequence_id": 350, "fold": 2, "actual_label": "Destroyed", "predicted_label": "Destroyed", "destroyed_probability": 0.9821, "destroyed_probability_pct": 98.2, "risk_class": "Very High", "prediction_correct": 1, "classification": "TP", "error_label": "Correct destroyed", "decision_confidence": 0.6421, "hazard_only_probability": 0.9829, "context_improved_prediction": 0, "context_hurt_prediction": 0, "terrain_model_probability": 0.9756, "terrain_model_disagreement": 0, "high_confidence_error": 0, "context_effect": "Both models correct", "longitude": -118.09937010109596, "latitude": 52.869146664349984 }, "geometry": { "type": "Polygon", "coordinates": [ [ [ -118.099457, 52.869169 ], [ -118.099423, 52.869176 ], [ -118.099447, 52.869218 ], [ -118.099356, 52.869237 ], [ -118.099272, 52.869089 ], [ -118.099397, 52.869064 ], [ -118.099457, 52.869169 ] ] ] } },
{ "type": "Feature", "properties": { "sequence_id": 351, "fold": 2, "actual_label": "Destroyed", "predicted_label": "Destroyed", "destroyed_probability": 0.9762, "destroyed_probability_pct": 97.6, "risk_class": "Very High", "prediction_correct": 1, "classification": "TP", "error_label": "Correct destroyed", "decision_confidence": 0.6362, "hazard_only_probability": 0.911, "context_improved_prediction": 0, "context_hurt_prediction": 0, "terrain_model_probability": 0.9821, "terrain_model_disagreement": 0, "high_confidence_error": 0, "context_effect": "Both models correct", "longitude": -118.09982800001708, "latitude": 52.869423500012175 }, "geometry": { "type": "Polygon", "coordinates": [ [ [ -118.099933, 52.8694 ], [ -118.099854, 52.869489 ], [ -118.099723, 52.869447 ], [ -118.099802, 52.869358 ], [ -118.099933, 52.8694 ] ] ] } },
{ "type": "Feature", "properties": { "sequence_id": 352, "fold": 2, "actual_label": "Destroyed", "predicted_label": "Destroyed", "destroyed_probability": 0.9925, "destroyed_probability_pct": 99.3, "risk_class": "Very High", "prediction_correct": 1, "classification": "TP", "error_label": "Correct destroyed", "decision_confidence": 0.6525, "hazard_only_probability": 0.9903, "context_improved_prediction": 0, "context_hurt_prediction": 0, "terrain_model_probability": 0.9854, "terrain_model_disagreement": 0, "high_confidence_error": 0, "context_effect": "Both models correct", "longitude": -118.09949730574543, "latitude": 52.869024077679079 }, "geometry": { "type": "Polygon", "coordinates": [ [ [ -118.099525, 52.868945 ], [ -118.099596, 52.869079 ], [ -118.099469, 52.869103 ], [ -118.099399, 52.868969 ], [ -118.099525, 52.868945 ] ] ] } },
{ "type": "Feature", "properties": { "sequence_id": 353, "fold": 2, "actual_label": "Destroyed", "predicted_label": "Destroyed", "destroyed_probability": 0.9736, "destroyed_probability_pct": 97.4, "risk_class": "Very High", "prediction_correct": 1, "classification": "TP", "error_label": "Correct destroyed", "decision_confidence": 0.6336, "hazard_only_probability": 0.9075, "context_improved_prediction": 0, "context_hurt_prediction": 0, "terrain_model_probability": 0.9798, "terrain_model_disagreement": 0, "high_confidence_error": 0, "context_effect": "Both models correct", "longitude": -118.1000089998974, "latitude": 52.869363000014125 }, "geometry": { "type": "Polygon", "coordinates": [ [ [ -118.099987, 52.869277 ], [ -118.100136, 52.869404 ], [ -118.100031, 52.869449 ], [ -118.099882, 52.869322 ], [ -118.099987, 52.869277 ] ] ] } },
{ "type": "Feature", "properties": { "sequence_id": 354, "fold": 2, "actual_label": "Destroyed", "predicted_label": "Destroyed", "destroyed_probability": 0.9954, "destroyed_probability_pct": 99.5, "risk_class": "Very High", "prediction_correct": 1, "classification": "TP", "error_label": "Correct destroyed", "decision_confidence": 0.6554, "hazard_only_probability": 0.9895, "context_improved_prediction": 0, "context_hurt_prediction": 0, "terrain_model_probability": 0.992, "terrain_model_disagreement": 0, "high_confidence_error": 0, "context_effect": "Both models correct", "longitude": -118.09967038625628, "latitude": 52.868918275699585 }, "geometry": { "type": "Polygon", "coordinates": [ [ [ -118.099715, 52.868869 ], [ -118.099742, 52.868954 ], [ -118.099625, 52.868967 ], [ -118.099599, 52.868883 ], [ -118.099715, 52.868869 ] ] ] } },
{ "type": "Feature", "properties": { "sequence_id": 355, "fold": 2, "actual_label": "Destroyed", "predicted_label": "Destroyed", "destroyed_probability": 0.9077, "destroyed_probability_pct": 90.8, "risk_class": "Very High", "prediction_correct": 1, "classification": "TP", "error_label": "Correct destroyed", "decision_confidence": 0.5677, "hazard_only_probability": 0.9124, "context_improved_prediction": 0, "context_hurt_prediction": 0, "terrain_model_probability": 0.9682, "terrain_model_disagreement": 0, "high_confidence_error": 0, "context_effect": "Both models correct", "longitude": -118.10017067630044, "latitude": 52.869270171193477 }, "geometry": { "type": "Polygon", "coordinates": [ [ [ -118.100305, 52.869285 ], [ -118.100158, 52.869348 ], [ -118.100036, 52.869244 ], [ -118.100125, 52.869206 ], [ -118.100152, 52.869228 ], [ -118.100209, 52.869204 ], [ -118.100305, 52.869285 ] ] ] } },
{ "type": "Feature", "properties": { "sequence_id": 356, "fold": 1, "actual_label": "Destroyed", "predicted_label": "Destroyed", "destroyed_probability": 0.9964, "destroyed_probability_pct": 99.6, "risk_class": "Very High", "prediction_correct": 1, "classification": "TP", "error_label": "Correct destroyed", "decision_confidence": 0.4864, "hazard_only_probability": 0.9945, "context_improved_prediction": 0, "context_hurt_prediction": 0, "terrain_model_probability": 0.9956, "terrain_model_disagreement": 0, "high_confidence_error": 0, "context_effect": "Both models correct", "longitude": -118.09985590233221, "latitude": 52.868865433671942 }, "geometry": { "type": "Polygon", "coordinates": [ [ [ -118.099895, 52.868779 ], [ -118.09995, 52.868862 ], [ -118.0999, 52.868874 ], [ -118.099942, 52.868938 ], [ -118.099843, 52.868962 ], [ -118.099746, 52.868815 ], [ -118.099895, 52.868779 ] ] ] } },
{ "type": "Feature", "properties": { "sequence_id": 357, "fold": 2, "actual_label": "Destroyed", "predicted_label": "Destroyed", "destroyed_probability": 0.9511, "destroyed_probability_pct": 95.1, "risk_class": "Very High", "prediction_correct": 1, "classification": "TP", "error_label": "Correct destroyed", "decision_confidence": 0.6111, "hazard_only_probability": 0.8872, "context_improved_prediction": 0, "context_hurt_prediction": 0, "terrain_model_probability": 0.9817, "terrain_model_disagreement": 0, "high_confidence_error": 0, "context_effect": "Both models correct", "longitude": -118.10044109086549, "latitude": 52.869158872127585 }, "geometry": { "type": "Polygon", "coordinates": [ [ [ -118.100373, 52.869105 ], [ -118.100474, 52.869092 ], [ -118.100487, 52.869131 ], [ -118.100523, 52.869127 ], [ -118.100546, 52.869198 ], [ -118.100373, 52.869219 ], [ -118.100345, 52.869132 ], [ -118.100381, 52.869128 ], [ -118.100373, 52.869105 ] ] ] } },
{ "type": "Feature", "properties": { "sequence_id": 358, "fold": 1, "actual_label": "Destroyed", "predicted_label": "Destroyed", "destroyed_probability": 0.9927, "destroyed_probability_pct": 99.3, "risk_class": "Very High", "prediction_correct": 1, "classification": "TP", "error_label": "Correct destroyed", "decision_confidence": 0.4827, "hazard_only_probability": 0.9876, "context_improved_prediction": 0, "context_hurt_prediction": 0, "terrain_model_probability": 0.984, "terrain_model_disagreement": 0, "high_confidence_error": 0, "context_effect": "Both models correct", "longitude": -118.10034104022105, "latitude": 52.868761576572609 }, "geometry": { "type": "Polygon", "coordinates": [ [ [ -118.100297, 52.8687 ], [ -118.100303, 52.868744 ], [ -118.100335, 52.868747 ], [ -118.10035, 52.868699 ], [ -118.100453, 52.868693 ], [ -118.100538, 52.868702 ], [ -118.100555, 52.868808 ], [ -118.100478, 52.868813 ], [ -118.100331, 52.868796 ], [ -118.100317, 52.868838 ], [ -118.100282, 52.86884 ], [ -118.100155, 52.868825 ], [ -118.100137, 52.868709 ], [ -118.100297, 52.8687 ] ] ] } },
{ "type": "Feature", "properties": { "sequence_id": 359, "fold": 2, "actual_label": "Destroyed", "predicted_label": "Destroyed", "destroyed_probability": 0.9519, "destroyed_probability_pct": 95.2, "risk_class": "Very High", "prediction_correct": 1, "classification": "TP", "error_label": "Correct destroyed", "decision_confidence": 0.6119, "hazard_only_probability": 0.8713, "context_improved_prediction": 0, "context_hurt_prediction": 0, "terrain_model_probability": 0.9766, "terrain_model_disagreement": 0, "high_confidence_error": 0, "context_effect": "Both models correct", "longitude": -118.10065105105191, "latitude": 52.869164185215368 }, "geometry": { "type": "Polygon", "coordinates": [ [ [ -118.100671, 52.869106 ], [ -118.100735, 52.869195 ], [ -118.100631, 52.869222 ], [ -118.100567, 52.869134 ], [ -118.100671, 52.869106 ] ] ] } },
{ "type": "Feature", "properties": { "sequence_id": 360, "fold": 2, "actual_label": "Destroyed", "predicted_label": "Destroyed", "destroyed_probability": 0.7715, "destroyed_probability_pct": 77.1, "risk_class": "High", "prediction_correct": 1, "classification": "TP", "error_label": "Correct destroyed", "decision_confidence": 0.4315, "hazard_only_probability": 0.8899, "context_improved_prediction": 0, "context_hurt_prediction": 0, "terrain_model_probability": 0.8644, "terrain_model_disagreement": 0, "high_confidence_error": 0, "context_effect": "Both models correct", "longitude": -118.10098535475547, "latitude": 52.86915955767531 }, "geometry": { "type": "Polygon", "coordinates": [ [ [ -118.100837, 52.869135 ], [ -118.100775, 52.869124 ], [ -118.10078, 52.869115 ], [ -118.100885, 52.869134 ], [ -118.10091, 52.869083 ], [ -118.10097, 52.869094 ], [ -118.100962, 52.86911 ], [ -118.101151, 52.869144 ], [ -118.101109, 52.869229 ], [ -118.100817, 52.869175 ], [ -118.100837, 52.869135 ] ] ] } },
{ "type": "Feature", "properties": { "sequence_id": 361, "fold": 1, "actual_label": "Destroyed", "predicted_label": "Destroyed", "destroyed_probability": 0.9919, "destroyed_probability_pct": 99.2, "risk_class": "Very High", "prediction_correct": 1, "classification": "TP", "error_label": "Correct destroyed", "decision_confidence": 0.4819, "hazard_only_probability": 0.9852, "context_improved_prediction": 0, "context_hurt_prediction": 0, "terrain_model_probability": 0.9813, "terrain_model_disagreement": 0, "high_confidence_error": 0, "context_effect": "Both models correct", "longitude": -118.10071976260038, "latitude": 52.868697127692656 }, "geometry": { "type": "Polygon", "coordinates": [ [ [ -118.100792, 52.86879 ], [ -118.100682, 52.86878 ], [ -118.100692, 52.868735 ], [ -118.1006, 52.868727 ], [ -118.100626, 52.86862 ], [ -118.100829, 52.868637 ], [ -118.100792, 52.86879 ] ] ] } },
{ "type": "Feature", "properties": { "sequence_id": 362, "fold": 1, "actual_label": "Destroyed", "predicted_label": "Destroyed", "destroyed_probability": 0.9708, "destroyed_probability_pct": 97.1, "risk_class": "Very High", "prediction_correct": 1, "classification": "TP", "error_label": "Correct destroyed", "decision_confidence": 0.4608, "hazard_only_probability": 0.9844, "context_improved_prediction": 0, "context_hurt_prediction": 0, "terrain_model_probability": 0.9557, "terrain_model_disagreement": 0, "high_confidence_error": 0, "context_effect": "Both models correct", "longitude": -118.10099739930206, "latitude": 52.868706372534191 }, "geometry": { "type": "Polygon", "coordinates": [ [ [ -118.100865, 52.868679 ], [ -118.100913, 52.868609 ], [ -118.101127, 52.868662 ], [ -118.101016, 52.868825 ], [ -118.10092, 52.868801 ], [ -118.100983, 52.868708 ], [ -118.100865, 52.868679 ] ] ] } },
{ "type": "Feature", "properties": { "sequence_id": 363, "fold": 1, "actual_label": "Destroyed", "predicted_label": "Destroyed", "destroyed_probability": 0.9719, "destroyed_probability_pct": 97.2, "risk_class": "Very High", "prediction_correct": 1, "classification": "TP", "error_label": "Correct destroyed", "decision_confidence": 0.4619, "hazard_only_probability": 0.9844, "context_improved_prediction": 0, "context_hurt_prediction": 0, "terrain_model_probability": 0.9553, "terrain_model_disagreement": 0, "high_confidence_error": 0, "context_effect": "Both models correct", "longitude": -118.10118948949348, "latitude": 52.868781763851509 }, "geometry": { "type": "Polygon", "coordinates": [ [ [ -118.101168, 52.868701 ], [ -118.101274, 52.86873 ], [ -118.101245, 52.868768 ], [ -118.101298, 52.868783 ], [ -118.10126, 52.868833 ], [ -118.101227, 52.868823 ], [ -118.101203, 52.868855 ], [ -118.101077, 52.86882 ], [ -118.101168, 52.868701 ] ] ] } },
{ "type": "Feature", "properties": { "sequence_id": 364, "fold": 1, "actual_label": "Destroyed", "predicted_label": "Destroyed", "destroyed_probability": 0.9865, "destroyed_probability_pct": 98.6, "risk_class": "Very High", "prediction_correct": 1, "classification": "TP", "error_label": "Correct destroyed", "decision_confidence": 0.4765, "hazard_only_probability": 0.9878, "context_improved_prediction": 0, "context_hurt_prediction": 0, "terrain_model_probability": 0.9889, "terrain_model_disagreement": 0, "high_confidence_error": 0, "context_effect": "Both models correct", "longitude": -118.10140815644765, "latitude": 52.868814077603766 }, "geometry": { "type": "Polygon", "coordinates": [ [ [ -118.10139, 52.868727 ], [ -118.101547, 52.868774 ], [ -118.101464, 52.868876 ], [ -118.101397, 52.868856 ], [ -118.101361, 52.8689 ], [ -118.10127, 52.868873 ], [ -118.10139, 52.868727 ] ] ] } },
{ "type": "Feature", "properties": { "sequence_id": 365, "fold": 2, "actual_label": "Destroyed", "predicted_label": "Destroyed", "destroyed_probability": 0.9344, "destroyed_probability_pct": 93.4, "risk_class": "Very High", "prediction_correct": 1, "classification": "TP", "error_label": "Correct destroyed", "decision_confidence": 0.5944, "hazard_only_probability": 0.9195, "context_improved_prediction": 0, "context_hurt_prediction": 0, "terrain_model_probability": 0.9654, "terrain_model_disagreement": 0, "high_confidence_error": 0, "context_effect": "Both models correct", "longitude": -118.1016152444879, "latitude": 52.868854848683284 }, "geometry": { "type": "Polygon", "coordinates": [ [ [ -118.101645, 52.868924 ], [ -118.101502, 52.868874 ], [ -118.101586, 52.868786 ], [ -118.101728, 52.868835 ], [ -118.101645, 52.868924 ] ] ] } },
{ "type": "Feature", "properties": { "sequence_id": 366, "fold": 3, "actual_label": "Survived", "predicted_label": "Survived", "destroyed_probability": 0.0041, "destroyed_probability_pct": 0.4, "risk_class": "Very Low", "prediction_correct": 1, "classification": "TN", "error_label": "Correct survived", "decision_confidence": 0.1809, "hazard_only_probability": 0.003, "context_improved_prediction": 0, "context_hurt_prediction": 0, "terrain_model_probability": 0.003, "terrain_model_disagreement": 0, "high_confidence_error": 0, "context_effect": "Both models correct", "longitude": -118.07910549998667, "latitude": 52.883072000047981 }, "geometry": { "type": "Polygon", "coordinates": [ [ [ -118.079217, 52.883139 ], [ -118.078963, 52.883112 ], [ -118.078994, 52.883005 ], [ -118.079248, 52.883032 ], [ -118.079217, 52.883139 ] ] ] } },
{ "type": "Feature", "properties": { "sequence_id": 367, "fold": 3, "actual_label": "Survived", "predicted_label": "Survived", "destroyed_probability": 0.0061, "destroyed_probability_pct": 0.6, "risk_class": "Very Low", "prediction_correct": 1, "classification": "TN", "error_label": "Correct survived", "decision_confidence": 0.1789, "hazard_only_probability": 0.003, "context_improved_prediction": 0, "context_hurt_prediction": 0, "terrain_model_probability": 0.005, "terrain_model_disagreement": 0, "high_confidence_error": 0, "context_effect": "Both models correct", "longitude": -118.07916200000101, "latitude": 52.882933500035513 }, "geometry": { "type": "Polygon", "coordinates": [ [ [ -118.07926, 52.882959 ], [ -118.079064, 52.882959 ], [ -118.079064, 52.882908 ], [ -118.07926, 52.882908 ], [ -118.07926, 52.882959 ] ] ] } },
{ "type": "Feature", "properties": { "sequence_id": 368, "fold": 3, "actual_label": "Survived", "predicted_label": "Survived", "destroyed_probability": 0.006, "destroyed_probability_pct": 0.6, "risk_class": "Very Low", "prediction_correct": 1, "classification": "TN", "error_label": "Correct survived", "decision_confidence": 0.179, "hazard_only_probability": 0.0033, "context_improved_prediction": 0, "context_hurt_prediction": 0, "terrain_model_probability": 0.0036, "terrain_model_disagreement": 0, "high_confidence_error": 0, "context_effect": "Both models correct", "longitude": -118.07986650000046, "latitude": 52.882876000017987 }, "geometry": { "type": "Polygon", "coordinates": [ [ [ -118.079947, 52.882841 ], [ -118.079947, 52.882911 ], [ -118.079786, 52.882911 ], [ -118.079786, 52.882841 ], [ -118.079947, 52.882841 ] ] ] } },
{ "type": "Feature", "properties": { "sequence_id": 369, "fold": 3, "actual_label": "Survived", "predicted_label": "Survived", "destroyed_probability": 0.0046, "destroyed_probability_pct": 0.5, "risk_class": "Very Low", "prediction_correct": 1, "classification": "TN", "error_label": "Correct survived", "decision_confidence": 0.1804, "hazard_only_probability": 0.003, "context_improved_prediction": 0, "context_hurt_prediction": 0, "terrain_model_probability": 0.0049, "terrain_model_disagreement": 0, "high_confidence_error": 0, "context_effect": "Both models correct", "longitude": -118.07920849997301, "latitude": 52.882810500019687 }, "geometry": { "type": "Polygon", "coordinates": [ [ [ -118.07925, 52.882866 ], [ -118.079107, 52.88281 ], [ -118.079167, 52.882755 ], [ -118.07931, 52.882811 ], [ -118.07925, 52.882866 ] ] ] } },
{ "type": "Feature", "properties": { "sequence_id": 370, "fold": 3, "actual_label": "Survived", "predicted_label": "Survived", "destroyed_probability": 0.0065, "destroyed_probability_pct": 0.6, "risk_class": "Very Low", "prediction_correct": 1, "classification": "TN", "error_label": "Correct survived", "decision_confidence": 0.1785, "hazard_only_probability": 0.0018, "context_improved_prediction": 0, "context_hurt_prediction": 0, "terrain_model_probability": 0.0022, "terrain_model_disagreement": 0, "high_confidence_error": 0, "context_effect": "Both models correct", "longitude": -118.07996929656974, "latitude": 52.88260261504152 }, "geometry": { "type": "Polygon", "coordinates": [ [ [ -118.079855, 52.88258 ], [ -118.079927, 52.882579 ], [ -118.079926, 52.882547 ], [ -118.080065, 52.882545 ], [ -118.080068, 52.882649 ], [ -118.079857, 52.882652 ], [ -118.079855, 52.88258 ] ] ] } },
{ "type": "Feature", "properties": { "sequence_id": 371, "fold": 2, "actual_label": "Destroyed", "predicted_label": "Destroyed", "destroyed_probability": 0.8835, "destroyed_probability_pct": 88.4, "risk_class": "Very High", "prediction_correct": 1, "classification": "TP", "error_label": "Correct destroyed", "decision_confidence": 0.5435, "hazard_only_probability": 0.9089, "context_improved_prediction": 0, "context_hurt_prediction": 0, "terrain_model_probability": 0.9391, "terrain_model_disagreement": 0, "high_confidence_error": 0, "context_effect": "Both models correct", "longitude": -118.10193259411361, "latitude": 52.869064428404641 }, "geometry": { "type": "Polygon", "coordinates": [ [ [ -118.101776, 52.86912 ], [ -118.101774, 52.869046 ], [ -118.101886, 52.869045 ], [ -118.101885, 52.868997 ], [ -118.102057, 52.868995 ], [ -118.10206, 52.869118 ], [ -118.101776, 52.86912 ] ] ] } },
{ "type": "Feature", "properties": { "sequence_id": 372, "fold": 2, "actual_label": "Destroyed", "predicted_label": "Destroyed", "destroyed_probability": 0.8329, "destroyed_probability_pct": 83.3, "risk_class": "Very High", "prediction_correct": 1, "classification": "TP", "error_label": "Correct destroyed", "decision_confidence": 0.4929, "hazard_only_probability": 0.8849, "context_improved_prediction": 0, "context_hurt_prediction": 0, "terrain_model_probability": 0.9257, "terrain_model_disagreement": 0, "high_confidence_error": 0, "context_effect": "Both models correct", "longitude": -118.10188756463768, "latitude": 52.86923555370258 }, "geometry": { "type": "Polygon", "coordinates": [ [ [ -118.102042, 52.869185 ], [ -118.101956, 52.869321 ], [ -118.101711, 52.869264 ], [ -118.101758, 52.869191 ], [ -118.101846, 52.869211 ], [ -118.101885, 52.869149 ], [ -118.102042, 52.869185 ] ] ] } },
{ "type": "Feature", "properties": { "sequence_id": 373, "fold": 2, "actual_label": "Destroyed", "predicted_label": "Destroyed", "destroyed_probability": 0.7123, "destroyed_probability_pct": 71.2, "risk_class": "High", "prediction_correct": 1, "classification": "TP", "error_label": "Correct destroyed", "decision_confidence": 0.3723, "hazard_only_probability": 0.7078, "context_improved_prediction": 0, "context_hurt_prediction": 0, "terrain_model_probability": 0.869, "terrain_model_disagreement": 0, "high_confidence_error": 0, "context_effect": "Both models correct", "longitude": -118.10160890711265, "latitude": 52.869384768922892 }, "geometry": { "type": "Polygon", "coordinates": [ [ [ -118.101563, 52.869269 ], [ -118.101778, 52.869343 ], [ -118.101702, 52.869425 ], [ -118.10174, 52.869438 ], [ -118.10168, 52.869501 ], [ -118.101427, 52.869415 ], [ -118.101563, 52.869269 ] ] ] } },
{ "type": "Feature", "properties": { "sequence_id": 374, "fold": 2, "actual_label": "Destroyed", "predicted_label": "Destroyed", "destroyed_probability": 0.9363, "destroyed_probability_pct": 93.6, "risk_class": "Very High", "prediction_correct": 1, "classification": "TP", "error_label": "Correct destroyed", "decision_confidence": 0.5963, "hazard_only_probability": 0.842, "context_improved_prediction": 0, "context_hurt_prediction": 0, "terrain_model_probability": 0.9315, "terrain_model_disagreement": 0, "high_confidence_error": 0, "context_effect": "Both models correct", "longitude": -118.10072100000171, "latitude": 52.869418500069436 }, "geometry": { "type": "Polygon", "coordinates": [ [ [ -118.100855, 52.86939 ], [ -118.100855, 52.869447 ], [ -118.100587, 52.869447 ], [ -118.100587, 52.86939 ], [ -118.100855, 52.86939 ] ] ] } },
{ "type": "Feature", "properties": { "sequence_id": 375, "fold": 2, "actual_label": "Destroyed", "predicted_label": "Survived", "destroyed_probability": 0.2693, "destroyed_probability_pct": 26.9, "risk_class": "Low", "prediction_correct": 0, "classification": "FN", "error_label": "Missed destroyed", "decision_confidence": 0.0707, "hazard_only_probability": 0.1937, "context_improved_prediction": 0, "context_hurt_prediction": 0, "terrain_model_probability": 0.4978, "terrain_model_disagreement": 0, "high_confidence_error": 0, "context_effect": "Both models wrong", "longitude": -118.10147404793364, "latitude": 52.869533197485588 }, "geometry": { "type": "Polygon", "coordinates": [ [ [ -118.101321, 52.86955 ], [ -118.101402, 52.86945 ], [ -118.101627, 52.869517 ], [ -118.101547, 52.869616 ], [ -118.101321, 52.86955 ] ] ] } },
{ "type": "Feature", "properties": { "sequence_id": 376, "fold": 1, "actual_label": "Survived", "predicted_label": "Survived", "destroyed_probability": 0.0016, "destroyed_probability_pct": 0.2, "risk_class": "Very Low", "prediction_correct": 1, "classification": "TN", "error_label": "Correct survived", "decision_confidence": 0.5084, "hazard_only_probability": 0.001, "context_improved_prediction": 0, "context_hurt_prediction": 0, "terrain_model_probability": 0.0014, "terrain_model_disagreement": 0, "high_confidence_error": 0, "context_effect": "Both models correct", "longitude": -118.07927049999576, "latitude": 52.88252450004353 }, "geometry": { "type": "Polygon", "coordinates": [ [ [ -118.079141, 52.882571 ], [ -118.079154, 52.882467 ], [ -118.0794, 52.882478 ], [ -118.079387, 52.882582 ], [ -118.079141, 52.882571 ] ] ] } },
{ "type": "Feature", "properties": { "sequence_id": 377, "fold": 2, "actual_label": "Destroyed", "predicted_label": "Destroyed", "destroyed_probability": 0.9066, "destroyed_probability_pct": 90.7, "risk_class": "Very High", "prediction_correct": 1, "classification": "TP", "error_label": "Correct destroyed", "decision_confidence": 0.5666, "hazard_only_probability": 0.7672, "context_improved_prediction": 0, "context_hurt_prediction": 0, "terrain_model_probability": 0.925, "terrain_model_disagreement": 0, "high_confidence_error": 0, "context_effect": "Both models correct", "longitude": -118.10068916189752, "latitude": 52.869525183319432 }, "geometry": { "type": "Polygon", "coordinates": [ [ [ -118.100559, 52.869556 ], [ -118.100593, 52.86946 ], [ -118.100798, 52.869486 ], [ -118.100777, 52.869547 ], [ -118.100831, 52.869554 ], [ -118.100819, 52.869589 ], [ -118.100559, 52.869556 ] ] ] } },
{ "type": "Feature", "properties": { "sequence_id": 378, "fold": 2, "actual_label": "Destroyed", "predicted_label": "Destroyed", "destroyed_probability": 0.4627, "destroyed_probability_pct": 46.3, "risk_class": "Moderate", "prediction_correct": 1, "classification": "TP", "error_label": "Correct destroyed", "decision_confidence": 0.1227, "hazard_only_probability": 0.2661, "context_improved_prediction": 1, "context_hurt_prediction": 0, "terrain_model_probability": 0.552, "terrain_model_disagreement": 1, "high_confidence_error": 0, "context_effect": "Context fixed hazard-only error", "longitude": -118.10136166425113, "latitude": 52.869728400323105 }, "geometry": { "type": "Polygon", "coordinates": [ [ [ -118.101437, 52.869754 ], [ -118.101438, 52.869771 ], [ -118.101378, 52.869866 ], [ -118.101272, 52.869842 ], [ -118.10127, 52.869798 ], [ -118.101232, 52.86979 ], [ -118.10123, 52.869747 ], [ -118.101247, 52.869719 ], [ -118.101262, 52.869699 ], [ -118.101324, 52.869601 ], [ -118.10149, 52.869639 ], [ -118.101494, 52.869732 ], [ -118.101483, 52.869749 ], [ -118.101437, 52.869754 ] ] ] } },
{ "type": "Feature", "properties": { "sequence_id": 379, "fold": 2, "actual_label": "Destroyed", "predicted_label": "Destroyed", "destroyed_probability": 0.8577, "destroyed_probability_pct": 85.8, "risk_class": "Very High", "prediction_correct": 1, "classification": "TP", "error_label": "Correct destroyed", "decision_confidence": 0.5177, "hazard_only_probability": 0.8254, "context_improved_prediction": 0, "context_hurt_prediction": 0, "terrain_model_probability": 0.8737, "terrain_model_disagreement": 0, "high_confidence_error": 0, "context_effect": "Both models correct", "longitude": -118.10065299995792, "latitude": 52.869650500050398 }, "geometry": { "type": "Polygon", "coordinates": [ [ [ -118.100798, 52.869635 ], [ -118.100746, 52.869719 ], [ -118.100508, 52.869666 ], [ -118.10056, 52.869582 ], [ -118.100798, 52.869635 ] ] ] } },
{ "type": "Feature", "properties": { "sequence_id": 380, "fold": 2, "actual_label": "Destroyed", "predicted_label": "Destroyed", "destroyed_probability": 0.8364, "destroyed_probability_pct": 83.6, "risk_class": "Very High", "prediction_correct": 1, "classification": "TP", "error_label": "Correct destroyed", "decision_confidence": 0.4964, "hazard_only_probability": 0.8107, "context_improved_prediction": 0, "context_hurt_prediction": 0, "terrain_model_probability": 0.8763, "terrain_model_disagreement": 0, "high_confidence_error": 0, "context_effect": "Both models correct", "longitude": -118.10052766476097, "latitude": 52.869754421300016 }, "geometry": { "type": "Polygon", "coordinates": [ [ [ -118.10045, 52.869672 ], [ -118.100651, 52.869741 ], [ -118.100618, 52.869775 ], [ -118.100673, 52.869794 ], [ -118.10063, 52.869839 ], [ -118.100375, 52.869752 ], [ -118.10045, 52.869672 ] ] ] } },
{ "type": "Feature", "properties": { "sequence_id": 381, "fold": 2, "actual_label": "Destroyed", "predicted_label": "Destroyed", "destroyed_probability": 0.4393, "destroyed_probability_pct": 43.9, "risk_class": "Moderate", "prediction_correct": 1, "classification": "TP", "error_label": "Correct destroyed", "decision_confidence": 0.0993, "hazard_only_probability": 0.2599, "context_improved_prediction": 1, "context_hurt_prediction": 0, "terrain_model_probability": 0.5046, "terrain_model_disagreement": 1, "high_confidence_error": 0, "context_effect": "Context fixed hazard-only error", "longitude": -118.10125042717459, "latitude": 52.869933816962195 }, "geometry": { "type": "Polygon", "coordinates": [ [ [ -118.101082, 52.86992 ], [ -118.10112, 52.869882 ], [ -118.101177, 52.869902 ], [ -118.101213, 52.869867 ], [ -118.1014, 52.869934 ], [ -118.101326, 52.870008 ], [ -118.101082, 52.86992 ] ] ] } },
{ "type": "Feature", "properties": { "sequence_id": 382, "fold": 2, "actual_label": "Destroyed", "predicted_label": "Destroyed", "destroyed_probability": 0.8663, "destroyed_probability_pct": 86.6, "risk_class": "Very High", "prediction_correct": 1, "classification": "TP", "error_label": "Correct destroyed", "decision_confidence": 0.5263, "hazard_only_probability": 0.7847, "context_improved_prediction": 0, "context_hurt_prediction": 0, "terrain_model_probability": 0.8741, "terrain_model_disagreement": 0, "high_confidence_error": 0, "context_effect": "Both models correct", "longitude": -118.10034749994053, "latitude": 52.869824000032914 }, "geometry": { "type": "Polygon", "coordinates": [ [ [ -118.100475, 52.869832 ], [ -118.100404, 52.869893 ], [ -118.10022, 52.869816 ], [ -118.100291, 52.869755 ], [ -118.100475, 52.869832 ] ] ] } },
{ "type": "Feature", "properties": { "sequence_id": 383, "fold": 2, "actual_label": "Destroyed", "predicted_label": "Destroyed", "destroyed_probability": 0.4743, "destroyed_probability_pct": 47.4, "risk_class": "Moderate", "prediction_correct": 1, "classification": "TP", "error_label": "Correct destroyed", "decision_confidence": 0.1343, "hazard_only_probability": 0.2677, "context_improved_prediction": 1, "context_hurt_prediction": 0, "terrain_model_probability": 0.5181, "terrain_model_disagreement": 1, "high_confidence_error": 0, "context_effect": "Context fixed hazard-only error", "longitude": -118.10108450412055, "latitude": 52.870043379314325 }, "geometry": { "type": "Polygon", "coordinates": [ [ [ -118.101046, 52.869997 ], [ -118.101089, 52.869966 ], [ -118.101243, 52.870046 ], [ -118.10112, 52.870133 ], [ -118.100919, 52.870028 ], [ -118.101, 52.869972 ], [ -118.101046, 52.869997 ] ] ] } },
{ "type": "Feature", "properties": { "sequence_id": 384, "fold": 2, "actual_label": "Destroyed", "predicted_label": "Destroyed", "destroyed_probability": 0.8965, "destroyed_probability_pct": 89.6, "risk_class": "Very High", "prediction_correct": 1, "classification": "TP", "error_label": "Correct destroyed", "decision_confidence": 0.5565, "hazard_only_probability": 0.7945, "context_improved_prediction": 0, "context_hurt_prediction": 0, "terrain_model_probability": 0.9407, "terrain_model_disagreement": 0, "high_confidence_error": 0, "context_effect": "Both models correct", "longitude": -118.10015599997101, "latitude": 52.869869500044345 }, "geometry": { "type": "Polygon", "coordinates": [ [ [ -118.100064, 52.869804 ], [ -118.100293, 52.869848 ], [ -118.100248, 52.869935 ], [ -118.100019, 52.869891 ], [ -118.100064, 52.869804 ] ] ] } },
{ "type": "Feature", "properties": { "sequence_id": 385, "fold": 2, "actual_label": "Destroyed", "predicted_label": "Destroyed", "destroyed_probability": 0.5264, "destroyed_probability_pct": 52.6, "risk_class": "Moderate", "prediction_correct": 1, "classification": "TP", "error_label": "Correct destroyed", "decision_confidence": 0.1864, "hazard_only_probability": 0.2708, "context_improved_prediction": 1, "context_hurt_prediction": 0, "terrain_model_probability": 0.4976, "terrain_model_disagreement": 1, "high_confidence_error": 0, "context_effect": "Context fixed hazard-only error", "longitude": -118.10092613062386, "latitude": 52.870126838654571 }, "geometry": { "type": "Polygon", "coordinates": [ [ [ -118.101062, 52.870132 ], [ -118.100983, 52.870202 ], [ -118.10079, 52.870121 ], [ -118.100869, 52.870052 ], [ -118.101062, 52.870132 ] ] ] } },
{ "type": "Feature", "properties": { "sequence_id": 386, "fold": 1, "actual_label": "Survived", "predicted_label": "Survived", "destroyed_probability": 0.0028, "destroyed_probability_pct": 0.3, "risk_class": "Very Low", "prediction_correct": 1, "classification": "TN", "error_label": "Correct survived", "decision_confidence": 0.5072, "hazard_only_probability": 0.0009, "context_improved_prediction": 0, "context_hurt_prediction": 0, "terrain_model_probability": 0.002, "terrain_model_disagreement": 0, "high_confidence_error": 0, "context_effect": "Both models correct", "longitude": -118.08003084868488, "latitude": 52.882478901482287 }, "geometry": { "type": "Polygon", "coordinates": [ [ [ -118.080087, 52.882511 ], [ -118.080087, 52.882519 ], [ -118.079886, 52.882521 ], [ -118.079884, 52.882442 ], [ -118.080182, 52.882439 ], [ -118.080184, 52.882511 ], [ -118.080087, 52.882511 ] ] ] } },
{ "type": "Feature", "properties": { "sequence_id": 387, "fold": 2, "actual_label": "Destroyed", "predicted_label": "Destroyed", "destroyed_probability": 0.7514, "destroyed_probability_pct": 75.1, "risk_class": "High", "prediction_correct": 1, "classification": "TP", "error_label": "Correct destroyed", "decision_confidence": 0.4114, "hazard_only_probability": 0.7409, "context_improved_prediction": 0, "context_hurt_prediction": 0, "terrain_model_probability": 0.8238, "terrain_model_disagreement": 0, "high_confidence_error": 0, "context_effect": "Both models correct", "longitude": -118.10000113186841, "latitude": 52.869989812362284 }, "geometry": { "type": "Polygon", "coordinates": [ [ [ -118.100136, 52.869968 ], [ -118.100068, 52.870064 ], [ -118.099866, 52.870011 ], [ -118.099934, 52.869916 ], [ -118.100136, 52.869968 ] ] ] } },
{ "type": "Feature", "properties": { "sequence_id": 388, "fold": 2, "actual_label": "Destroyed", "predicted_label": "Destroyed", "destroyed_probability": 0.4343, "destroyed_probability_pct": 43.4, "risk_class": "Moderate", "prediction_correct": 1, "classification": "TP", "error_label": "Correct destroyed", "decision_confidence": 0.0943, "hazard_only_probability": 0.2498, "context_improved_prediction": 1, "context_hurt_prediction": 0, "terrain_model_probability": 0.3709, "terrain_model_disagreement": 1, "high_confidence_error": 0, "context_effect": "Context fixed hazard-only error", "longitude": -118.10077666847371, "latitude": 52.870234402797735 }, "geometry": { "type": "Polygon", "coordinates": [ [ [ -118.100896, 52.870305 ], [ -118.100775, 52.870335 ], [ -118.100657, 52.870164 ], [ -118.100779, 52.870134 ], [ -118.100896, 52.870305 ] ] ] } },
{ "type": "Feature", "properties": { "sequence_id": 389, "fold": 2, "actual_label": "Destroyed", "predicted_label": "Destroyed", "destroyed_probability": 0.7583, "destroyed_probability_pct": 75.8, "risk_class": "High", "prediction_correct": 1, "classification": "TP", "error_label": "Correct destroyed", "decision_confidence": 0.4183, "hazard_only_probability": 0.7313, "context_improved_prediction": 0, "context_hurt_prediction": 0, "terrain_model_probability": 0.7617, "terrain_model_disagreement": 0, "high_confidence_error": 0, "context_effect": "Both models correct", "longitude": -118.1000022063801, "latitude": 52.870210890728096 }, "geometry": { "type": "Polygon", "coordinates": [ [ [ -118.100135, 52.870245 ], [ -118.099949, 52.870285 ], [ -118.099881, 52.870168 ], [ -118.100034, 52.870135 ], [ -118.100068, 52.870193 ], [ -118.1001, 52.870186 ], [ -118.100135, 52.870245 ] ] ] } },
{ "type": "Feature", "properties": { "sequence_id": 390, "fold": 2, "actual_label": "Destroyed", "predicted_label": "Destroyed", "destroyed_probability": 0.3836, "destroyed_probability_pct": 38.4, "risk_class": "Low", "prediction_correct": 1, "classification": "TP", "error_label": "Correct destroyed", "decision_confidence": 0.0436, "hazard_only_probability": 0.2191, "context_improved_prediction": 1, "context_hurt_prediction": 0, "terrain_model_probability": 0.3496, "terrain_model_disagreement": 1, "high_confidence_error": 0, "context_effect": "Context fixed hazard-only error", "longitude": -118.10009830207332, "latitude": 52.870342318470577 }, "geometry": { "type": "Polygon", "coordinates": [ [ [ -118.099983, 52.870431 ], [ -118.099913, 52.870328 ], [ -118.100214, 52.870254 ], [ -118.100284, 52.870356 ], [ -118.099983, 52.870431 ] ] ] } },
{ "type": "Feature", "properties": { "sequence_id": 391, "fold": 2, "actual_label": "Destroyed", "predicted_label": "Destroyed", "destroyed_probability": 0.6438, "destroyed_probability_pct": 64.4, "risk_class": "High", "prediction_correct": 1, "classification": "TP", "error_label": "Correct destroyed", "decision_confidence": 0.3038, "hazard_only_probability": 0.2568, "context_improved_prediction": 1, "context_hurt_prediction": 0, "terrain_model_probability": 0.4953, "terrain_model_disagreement": 1, "high_confidence_error": 0, "context_effect": "Context fixed hazard-only error", "longitude": -118.10023993526944, "latitude": 52.870468243263311 }, "geometry": { "type": "Polygon", "coordinates": [ [ [ -118.100411, 52.87045 ], [ -118.100202, 52.870557 ], [ -118.100077, 52.870468 ], [ -118.100212, 52.870399 ], [ -118.100257, 52.870431 ], [ -118.10033, 52.870393 ], [ -118.100411, 52.87045 ] ] ] } },
{ "type": "Feature", "properties": { "sequence_id": 392, "fold": 2, "actual_label": "Destroyed", "predicted_label": "Destroyed", "destroyed_probability": 0.5658, "destroyed_probability_pct": 56.6, "risk_class": "Moderate", "prediction_correct": 1, "classification": "TP", "error_label": "Correct destroyed", "decision_confidence": 0.2258, "hazard_only_probability": 0.2701, "context_improved_prediction": 1, "context_hurt_prediction": 0, "terrain_model_probability": 0.3939, "terrain_model_disagreement": 1, "high_confidence_error": 0, "context_effect": "Context fixed hazard-only error", "longitude": -118.10040689115354, "latitude": 52.870564540924022 }, "geometry": { "type": "Polygon", "coordinates": [ [ [ -118.100391, 52.870652 ], [ -118.100273, 52.87055 ], [ -118.100442, 52.870479 ], [ -118.100522, 52.870547 ], [ -118.100477, 52.870566 ], [ -118.100515, 52.870599 ], [ -118.100391, 52.870652 ] ] ] } },
{ "type": "Feature", "properties": { "sequence_id": 393, "fold": 1, "actual_label": "Survived", "predicted_label": "Survived", "destroyed_probability": 0.0051, "destroyed_probability_pct": 0.5, "risk_class": "Very Low", "prediction_correct": 1, "classification": "TN", "error_label": "Correct survived", "decision_confidence": 0.5049, "hazard_only_probability": 0.001, "context_improved_prediction": 0, "context_hurt_prediction": 0, "terrain_model_probability": 0.0028, "terrain_model_disagreement": 0, "high_confidence_error": 0, "context_effect": "Both models correct", "longitude": -118.07930750000122, "latitude": 52.88241950005181 }, "geometry": { "type": "Polygon", "coordinates": [ [ [ -118.079424, 52.882446 ], [ -118.079191, 52.882446 ], [ -118.079191, 52.882393 ], [ -118.079424, 52.882393 ], [ -118.079424, 52.882446 ] ] ] } },
{ "type": "Feature", "properties": { "sequence_id": 394, "fold": 2, "actual_label": "Destroyed", "predicted_label": "Survived", "destroyed_probability": 0.1672, "destroyed_probability_pct": 16.7, "risk_class": "Very Low", "prediction_correct": 0, "classification": "FN", "error_label": "Missed destroyed", "decision_confidence": 0.1728, "hazard_only_probability": 0.3437, "context_improved_prediction": 0, "context_hurt_prediction": 1, "terrain_model_probability": 0.11, "terrain_model_disagreement": 0, "high_confidence_error": 0, "context_effect": "Context introduced error", "longitude": -118.10067400012336, "latitude": 52.870797000022009 }, "geometry": { "type": "Polygon", "coordinates": [ [ [ -118.1007, 52.8707 ], [ -118.100822, 52.870756 ], [ -118.100648, 52.870894 ], [ -118.100526, 52.870838 ], [ -118.1007, 52.8707 ] ] ] } },
{ "type": "Feature", "properties": { "sequence_id": 395, "fold": 1, "actual_label": "Survived", "predicted_label": "Survived", "destroyed_probability": 0.0067, "destroyed_probability_pct": 0.7, "risk_class": "Very Low", "prediction_correct": 1, "classification": "TN", "error_label": "Correct survived", "decision_confidence": 0.5033, "hazard_only_probability": 0.001, "context_improved_prediction": 0, "context_hurt_prediction": 0, "terrain_model_probability": 0.0038, "terrain_model_disagreement": 0, "high_confidence_error": 0, "context_effect": "Both models correct", "longitude": -118.08006650000031, "latitude": 52.882155500011578 }, "geometry": { "type": "Polygon", "coordinates": [ [ [ -118.080143, 52.882114 ], [ -118.080143, 52.882197 ], [ -118.07999, 52.882197 ], [ -118.07999, 52.882114 ], [ -118.080143, 52.882114 ] ] ] } },
{ "type": "Feature", "properties": { "sequence_id": 396, "fold": 1, "actual_label": "Survived", "predicted_label": "Survived", "destroyed_probability": 0.0036, "destroyed_probability_pct": 0.4, "risk_class": "Very Low", "prediction_correct": 1, "classification": "TN", "error_label": "Correct survived", "decision_confidence": 0.5064, "hazard_only_probability": 0.001, "context_improved_prediction": 0, "context_hurt_prediction": 0, "terrain_model_probability": 0.0027, "terrain_model_disagreement": 0, "high_confidence_error": 0, "context_effect": "Both models correct", "longitude": -118.07946626656677, "latitude": 52.882038909761967 }, "geometry": { "type": "Polygon", "coordinates": [ [ [ -118.079544, 52.881969 ], [ -118.079523, 52.882116 ], [ -118.079389, 52.882109 ], [ -118.079409, 52.881962 ], [ -118.079544, 52.881969 ] ] ] } },
{ "type": "Feature", "properties": { "sequence_id": 397, "fold": 1, "actual_label": "Survived", "predicted_label": "Survived", "destroyed_probability": 0.006, "destroyed_probability_pct": 0.6, "risk_class": "Very Low", "prediction_correct": 1, "classification": "TN", "error_label": "Correct survived", "decision_confidence": 0.504, "hazard_only_probability": 0.001, "context_improved_prediction": 0, "context_hurt_prediction": 0, "terrain_model_probability": 0.0061, "terrain_model_disagreement": 0, "high_confidence_error": 0, "context_effect": "Both models correct", "longitude": -118.0795225000019, "latitude": 52.881683000008806 }, "geometry": { "type": "Polygon", "coordinates": [ [ [ -118.079452, 52.881635 ], [ -118.079603, 52.881641 ], [ -118.079593, 52.881731 ], [ -118.079442, 52.881725 ], [ -118.079452, 52.881635 ] ] ] } },
{ "type": "Feature", "properties": { "sequence_id": 398, "fold": 1, "actual_label": "Survived", "predicted_label": "Survived", "destroyed_probability": 0.0071, "destroyed_probability_pct": 0.7, "risk_class": "Very Low", "prediction_correct": 1, "classification": "TN", "error_label": "Correct survived", "decision_confidence": 0.5029, "hazard_only_probability": 0.001, "context_improved_prediction": 0, "context_hurt_prediction": 0, "terrain_model_probability": 0.002, "terrain_model_disagreement": 0, "high_confidence_error": 0, "context_effect": "Both models correct", "longitude": -118.08022331629003, "latitude": 52.881615203075519 }, "geometry": { "type": "Polygon", "coordinates": [ [ [ -118.080327, 52.881595 ], [ -118.080294, 52.881665 ], [ -118.08012, 52.881636 ], [ -118.080153, 52.881565 ], [ -118.080327, 52.881595 ] ] ] } },
{ "type": "Feature", "properties": { "sequence_id": 399, "fold": 1, "actual_label": "Survived", "predicted_label": "Survived", "destroyed_probability": 0.0057, "destroyed_probability_pct": 0.6, "risk_class": "Very Low", "prediction_correct": 1, "classification": "TN", "error_label": "Correct survived", "decision_confidence": 0.5043, "hazard_only_probability": 0.0013, "context_improved_prediction": 0, "context_hurt_prediction": 0, "terrain_model_probability": 0.0037, "terrain_model_disagreement": 0, "high_confidence_error": 0, "context_effect": "Both models correct", "longitude": -118.07956899999289, "latitude": 52.881525000027267 }, "geometry": { "type": "Polygon", "coordinates": [ [ [ -118.079652, 52.881559 ], [ -118.079475, 52.881547 ], [ -118.079486, 52.881491 ], [ -118.079663, 52.881503 ], [ -118.079652, 52.881559 ] ] ] } },
{ "type": "Feature", "properties": { "sequence_id": 400, "fold": 1, "actual_label": "Survived", "predicted_label": "Survived", "destroyed_probability": 0.0071, "destroyed_probability_pct": 0.7, "risk_class": "Very Low", "prediction_correct": 1, "classification": "TN", "error_label": "Correct survived", "decision_confidence": 0.5029, "hazard_only_probability": 0.0013, "context_improved_prediction": 0, "context_hurt_prediction": 0, "terrain_model_probability": 0.0049, "terrain_model_disagreement": 0, "high_confidence_error": 0, "context_effect": "Both models correct", "longitude": -118.079609, "latitude": 52.881418500006575 }, "geometry": { "type": "Polygon", "coordinates": [ [ [ -118.079545, 52.881381 ], [ -118.079673, 52.881381 ], [ -118.079673, 52.881456 ], [ -118.079545, 52.881456 ], [ -118.079545, 52.881381 ] ] ] } },
{ "type": "Feature", "properties": { "sequence_id": 401, "fold": 1, "actual_label": "Survived", "predicted_label": "Survived", "destroyed_probability": 0.0025, "destroyed_probability_pct": 0.2, "risk_class": "Very Low", "prediction_correct": 1, "classification": "TN", "error_label": "Correct survived", "decision_confidence": 0.5075, "hazard_only_probability": 0.001, "context_improved_prediction": 0, "context_hurt_prediction": 0, "terrain_model_probability": 0.001, "terrain_model_disagreement": 0, "high_confidence_error": 0, "context_effect": "Both models correct", "longitude": -118.08030727183655, "latitude": 52.881346452299056 }, "geometry": { "type": "Polygon", "coordinates": [ [ [ -118.080421, 52.881295 ], [ -118.080394, 52.881414 ], [ -118.080194, 52.881398 ], [ -118.08022, 52.881279 ], [ -118.080421, 52.881295 ] ] ] } },
{ "type": "Feature", "properties": { "sequence_id": 402, "fold": 1, "actual_label": "Survived", "predicted_label": "Survived", "destroyed_probability": 0.0065, "destroyed_probability_pct": 0.7, "risk_class": "Very Low", "prediction_correct": 1, "classification": "TN", "error_label": "Correct survived", "decision_confidence": 0.5035, "hazard_only_probability": 0.0012, "context_improved_prediction": 0, "context_hurt_prediction": 0, "terrain_model_probability": 0.0033, "terrain_model_disagreement": 0, "high_confidence_error": 0, "context_effect": "Both models correct", "longitude": -118.07967558759607, "latitude": 52.881150186838511 }, "geometry": { "type": "Polygon", "coordinates": [ [ [ -118.07978, 52.881124 ], [ -118.079756, 52.881198 ], [ -118.079572, 52.881177 ], [ -118.079595, 52.881102 ], [ -118.07978, 52.881124 ] ] ] } },
{ "type": "Feature", "properties": { "sequence_id": 403, "fold": 1, "actual_label": "Survived", "predicted_label": "Survived", "destroyed_probability": 0.0018, "destroyed_probability_pct": 0.2, "risk_class": "Very Low", "prediction_correct": 1, "classification": "TN", "error_label": "Correct survived", "decision_confidence": 0.5082, "hazard_only_probability": 0.0012, "context_improved_prediction": 0, "context_hurt_prediction": 0, "terrain_model_probability": 0.0019, "terrain_model_disagreement": 0, "high_confidence_error": 0, "context_effect": "Both models correct", "longitude": -118.07967880885646, "latitude": 52.88099972110647 }, "geometry": { "type": "Polygon", "coordinates": [ [ [ -118.079782, 52.88106 ], [ -118.079549, 52.881037 ], [ -118.079576, 52.880939 ], [ -118.079809, 52.880963 ], [ -118.079782, 52.88106 ] ] ] } },
{ "type": "Feature", "properties": { "sequence_id": 404, "fold": 1, "actual_label": "Survived", "predicted_label": "Survived", "destroyed_probability": 0.0014, "destroyed_probability_pct": 0.1, "risk_class": "Very Low", "prediction_correct": 1, "classification": "TN", "error_label": "Correct survived", "decision_confidence": 0.5086, "hazard_only_probability": 0.0012, "context_improved_prediction": 0, "context_hurt_prediction": 0, "terrain_model_probability": 0.0018, "terrain_model_disagreement": 0, "high_confidence_error": 0, "context_effect": "Both models correct", "longitude": -118.07972099997301, "latitude": 52.880875000065345 }, "geometry": { "type": "Polygon", "coordinates": [ [ [ -118.079867, 52.880848 ], [ -118.079845, 52.880929 ], [ -118.079575, 52.880902 ], [ -118.079597, 52.880821 ], [ -118.079867, 52.880848 ] ] ] } },
{ "type": "Feature", "properties": { "sequence_id": 405, "fold": 1, "actual_label": "Survived", "predicted_label": "Survived", "destroyed_probability": 0.002, "destroyed_probability_pct": 0.2, "risk_class": "Very Low", "prediction_correct": 1, "classification": "TN", "error_label": "Correct survived", "decision_confidence": 0.508, "hazard_only_probability": 0.0012, "context_improved_prediction": 0, "context_hurt_prediction": 0, "terrain_model_probability": 0.0015, "terrain_model_disagreement": 0, "high_confidence_error": 0, "context_effect": "Both models correct", "longitude": -118.08063725332396, "latitude": 52.88058156836658 }, "geometry": { "type": "Polygon", "coordinates": [ [ [ -118.080691, 52.880503 ], [ -118.080811, 52.880514 ], [ -118.08077, 52.880675 ], [ -118.08061, 52.88066 ], [ -118.080621, 52.880619 ], [ -118.080415, 52.880599 ], [ -118.080436, 52.880517 ], [ -118.080681, 52.88054 ], [ -118.080691, 52.880503 ] ] ] } },
{ "type": "Feature", "properties": { "sequence_id": 406, "fold": 1, "actual_label": "Survived", "predicted_label": "Survived", "destroyed_probability": 0.0056, "destroyed_probability_pct": 0.6, "risk_class": "Very Low", "prediction_correct": 1, "classification": "TN", "error_label": "Correct survived", "decision_confidence": 0.5044, "hazard_only_probability": 0.0016, "context_improved_prediction": 0, "context_hurt_prediction": 0, "terrain_model_probability": 0.005, "terrain_model_disagreement": 0, "high_confidence_error": 0, "context_effect": "Both models correct", "longitude": -118.07987923327212, "latitude": 52.880512023989446 }, "geometry": { "type": "Polygon", "coordinates": [ [ [ -118.079762, 52.88054 ], [ -118.079771, 52.880473 ], [ -118.079996, 52.880484 ], [ -118.079988, 52.880551 ], [ -118.079762, 52.88054 ] ] ] } },
{ "type": "Feature", "properties": { "sequence_id": 407, "fold": 1, "actual_label": "Survived", "predicted_label": "Survived", "destroyed_probability": 0.0067, "destroyed_probability_pct": 0.7, "risk_class": "Very Low", "prediction_correct": 1, "classification": "TN", "error_label": "Correct survived", "decision_confidence": 0.5033, "hazard_only_probability": 0.0016, "context_improved_prediction": 0, "context_hurt_prediction": 0, "terrain_model_probability": 0.0062, "terrain_model_disagreement": 0, "high_confidence_error": 0, "context_effect": "Both models correct", "longitude": -118.07989050000018, "latitude": 52.880391500005693 }, "geometry": { "type": "Polygon", "coordinates": [ [ [ -118.079826, 52.880431 ], [ -118.079826, 52.880352 ], [ -118.079955, 52.880352 ], [ -118.079955, 52.880431 ], [ -118.079826, 52.880431 ] ] ] } },
{ "type": "Feature", "properties": { "sequence_id": 408, "fold": 1, "actual_label": "Survived", "predicted_label": "Survived", "destroyed_probability": 0.007, "destroyed_probability_pct": 0.7, "risk_class": "Very Low", "prediction_correct": 1, "classification": "TN", "error_label": "Correct survived", "decision_confidence": 0.503, "hazard_only_probability": 0.0012, "context_improved_prediction": 0, "context_hurt_prediction": 0, "terrain_model_probability": 0.0041, "terrain_model_disagreement": 0, "high_confidence_error": 0, "context_effect": "Both models correct", "longitude": -118.08067203407691, "latitude": 52.880344251391016 }, "geometry": { "type": "Polygon", "coordinates": [ [ [ -118.080777, 52.880389 ], [ -118.080551, 52.880371 ], [ -118.080566, 52.8803 ], [ -118.080793, 52.880317 ], [ -118.080777, 52.880389 ] ] ] } },
{ "type": "Feature", "properties": { "sequence_id": 409, "fold": 3, "actual_label": "Survived", "predicted_label": "Survived", "destroyed_probability": 0.0051, "destroyed_probability_pct": 0.5, "risk_class": "Very Low", "prediction_correct": 1, "classification": "TN", "error_label": "Correct survived", "decision_confidence": 0.1799, "hazard_only_probability": 0.0046, "context_improved_prediction": 0, "context_hurt_prediction": 0, "terrain_model_probability": 0.0103, "terrain_model_disagreement": 0, "high_confidence_error": 0, "context_effect": "Both models correct", "longitude": -118.07991149999371, "latitude": 52.88024600004524 }, "geometry": { "type": "Polygon", "coordinates": [ [ [ -118.079768, 52.880296 ], [ -118.079794, 52.880175 ], [ -118.080055, 52.880196 ], [ -118.080029, 52.880317 ], [ -118.079768, 52.880296 ] ] ] } },
{ "type": "Feature", "properties": { "sequence_id": 410, "fold": 3, "actual_label": "Survived", "predicted_label": "Survived", "destroyed_probability": 0.0059, "destroyed_probability_pct": 0.6, "risk_class": "Very Low", "prediction_correct": 1, "classification": "TN", "error_label": "Correct survived", "decision_confidence": 0.1791, "hazard_only_probability": 0.0046, "context_improved_prediction": 0, "context_hurt_prediction": 0, "terrain_model_probability": 0.0087, "terrain_model_disagreement": 0, "high_confidence_error": 0, "context_effect": "Both models correct", "longitude": -118.07998550002368, "latitude": 52.880111 }, "geometry": { "type": "Polygon", "coordinates": [ [ [ -118.080026, 52.880176 ], [ -118.079895, 52.880154 ], [ -118.079945, 52.880046 ], [ -118.080076, 52.880068 ], [ -118.080026, 52.880176 ] ] ] } },
{ "type": "Feature", "properties": { "sequence_id": 411, "fold": 3, "actual_label": "Survived", "predicted_label": "Survived", "destroyed_probability": 0.0097, "destroyed_probability_pct": 1.0, "risk_class": "Very Low", "prediction_correct": 1, "classification": "TN", "error_label": "Correct survived", "decision_confidence": 0.1753, "hazard_only_probability": 0.005, "context_improved_prediction": 0, "context_hurt_prediction": 0, "terrain_model_probability": 0.0046, "terrain_model_disagreement": 0, "high_confidence_error": 0, "context_effect": "Both models correct", "longitude": -118.08070763859226, "latitude": 52.880056288627244 }, "geometry": { "type": "Polygon", "coordinates": [ [ [ -118.080799, 52.880137 ], [ -118.080565, 52.880102 ], [ -118.080616, 52.879976 ], [ -118.08085, 52.88001 ], [ -118.080799, 52.880137 ] ] ] } },
{ "type": "Feature", "properties": { "sequence_id": 412, "fold": 3, "actual_label": "Survived", "predicted_label": "Survived", "destroyed_probability": 0.0225, "destroyed_probability_pct": 2.3, "risk_class": "Very Low", "prediction_correct": 1, "classification": "TN", "error_label": "Correct survived", "decision_confidence": 0.1625, "hazard_only_probability": 0.0029, "context_improved_prediction": 0, "context_hurt_prediction": 0, "terrain_model_probability": 0.0106, "terrain_model_disagreement": 0, "high_confidence_error": 0, "context_effect": "Both models correct", "longitude": -118.08073242048582, "latitude": 52.879910644773787 }, "geometry": { "type": "Polygon", "coordinates": [ [ [ -118.08063, 52.879855 ], [ -118.080815, 52.879862 ], [ -118.08081, 52.879912 ], [ -118.080864, 52.879914 ], [ -118.08086, 52.879961 ], [ -118.080621, 52.879952 ], [ -118.08063, 52.879855 ] ] ] } },
{ "type": "Feature", "properties": { "sequence_id": 413, "fold": 3, "actual_label": "Survived", "predicted_label": "Survived", "destroyed_probability": 0.0059, "destroyed_probability_pct": 0.6, "risk_class": "Very Low", "prediction_correct": 1, "classification": "TN", "error_label": "Correct survived", "decision_confidence": 0.1791, "hazard_only_probability": 0.0048, "context_improved_prediction": 0, "context_hurt_prediction": 0, "terrain_model_probability": 0.0203, "terrain_model_disagreement": 0, "high_confidence_error": 0, "context_effect": "Both models correct", "longitude": -118.08003774876708, "latitude": 52.8798430390693 }, "geometry": { "type": "Polygon", "coordinates": [ [ [ -118.079916, 52.879785 ], [ -118.080161, 52.879786 ], [ -118.08016, 52.879901 ], [ -118.079914, 52.8799 ], [ -118.079916, 52.879785 ] ] ] } },
{ "type": "Feature", "properties": { "sequence_id": 414, "fold": 3, "actual_label": "Survived", "predicted_label": "Survived", "destroyed_probability": 0.0068, "destroyed_probability_pct": 0.7, "risk_class": "Very Low", "prediction_correct": 1, "classification": "TN", "error_label": "Correct survived", "decision_confidence": 0.1782, "hazard_only_probability": 0.0065, "context_improved_prediction": 0, "context_hurt_prediction": 0, "terrain_model_probability": 0.0253, "terrain_model_disagreement": 0, "high_confidence_error": 0, "context_effect": "Both models correct", "longitude": -118.08006650000046, "latitude": 52.879707000028567 }, "geometry": { "type": "Polygon", "coordinates": [ [ [ -118.080197, 52.879662 ], [ -118.080158, 52.879779 ], [ -118.079936, 52.879752 ], [ -118.079975, 52.879635 ], [ -118.080197, 52.879662 ] ] ] } },
{ "type": "Feature", "properties": { "sequence_id": 415, "fold": 3, "actual_label": "Survived", "predicted_label": "Survived", "destroyed_probability": 0.009, "destroyed_probability_pct": 0.9, "risk_class": "Very Low", "prediction_correct": 1, "classification": "TN", "error_label": "Correct survived", "decision_confidence": 0.176, "hazard_only_probability": 0.0032, "context_improved_prediction": 0, "context_hurt_prediction": 0, "terrain_model_probability": 0.0084, "terrain_model_disagreement": 0, "high_confidence_error": 0, "context_effect": "Both models correct", "longitude": -118.0808063711722, "latitude": 52.879650277452981 }, "geometry": { "type": "Polygon", "coordinates": [ [ [ -118.080934, 52.879716 ], [ -118.080684, 52.879706 ], [ -118.080698, 52.87958 ], [ -118.080908, 52.879588 ], [ -118.080901, 52.879653 ], [ -118.080941, 52.879655 ], [ -118.080934, 52.879716 ] ] ] } },
{ "type": "Feature", "properties": { "sequence_id": 416, "fold": 3, "actual_label": "Survived", "predicted_label": "Survived", "destroyed_probability": 0.0085, "destroyed_probability_pct": 0.9, "risk_class": "Very Low", "prediction_correct": 1, "classification": "TN", "error_label": "Correct survived", "decision_confidence": 0.1765, "hazard_only_probability": 0.0047, "context_improved_prediction": 0, "context_hurt_prediction": 0, "terrain_model_probability": 0.0263, "terrain_model_disagreement": 0, "high_confidence_error": 0, "context_effect": "Both models correct", "longitude": -118.07992220490165, "latitude": 52.879598969000725 }, "geometry": { "type": "Polygon", "coordinates": [ [ [ -118.079904, 52.879614 ], [ -118.079893, 52.879592 ], [ -118.079941, 52.879584 ], [ -118.079951, 52.879606 ], [ -118.079904, 52.879614 ] ] ] } },
{ "type": "Feature", "properties": { "sequence_id": 417, "fold": 3, "actual_label": "Survived", "predicted_label": "Survived", "destroyed_probability": 0.006, "destroyed_probability_pct": 0.6, "risk_class": "Very Low", "prediction_correct": 1, "classification": "TN", "error_label": "Correct survived", "decision_confidence": 0.179, "hazard_only_probability": 0.0036, "context_improved_prediction": 0, "context_hurt_prediction": 0, "terrain_model_probability": 0.0079, "terrain_model_disagreement": 0, "high_confidence_error": 0, "context_effect": "Both models correct", "longitude": -118.08081499999891, "latitude": 52.879508500017316 }, "geometry": { "type": "Polygon", "coordinates": [ [ [ -118.080875, 52.879566 ], [ -118.080712, 52.879536 ], [ -118.080755, 52.879451 ], [ -118.080918, 52.879481 ], [ -118.080875, 52.879566 ] ] ] } },
{ "type": "Feature", "properties": { "sequence_id": 418, "fold": 3, "actual_label": "Survived", "predicted_label": "Survived", "destroyed_probability": 0.0064, "destroyed_probability_pct": 0.6, "risk_class": "Very Low", "prediction_correct": 1, "classification": "TN", "error_label": "Correct survived", "decision_confidence": 0.1786, "hazard_only_probability": 0.0061, "context_improved_prediction": 0, "context_hurt_prediction": 0, "terrain_model_probability": 0.0268, "terrain_model_disagreement": 0, "high_confidence_error": 0, "context_effect": "Both models correct", "longitude": -118.08013082562181, "latitude": 52.879515841911356 }, "geometry": { "type": "Polygon", "coordinates": [ [ [ -118.08022, 52.879635 ], [ -118.080026, 52.879627 ], [ -118.08004, 52.879498 ], [ -118.08, 52.879497 ], [ -118.08001, 52.879409 ], [ -118.080262, 52.87942 ], [ -118.080251, 52.879515 ], [ -118.080234, 52.879514 ], [ -118.08022, 52.879635 ] ] ] } },
{ "type": "Feature", "properties": { "sequence_id": 419, "fold": 3, "actual_label": "Survived", "predicted_label": "Survived", "destroyed_probability": 0.0026, "destroyed_probability_pct": 0.3, "risk_class": "Very Low", "prediction_correct": 1, "classification": "TN", "error_label": "Correct survived", "decision_confidence": 0.1824, "hazard_only_probability": 0.0028, "context_improved_prediction": 0, "context_hurt_prediction": 0, "terrain_model_probability": 0.0036, "terrain_model_disagreement": 0, "high_confidence_error": 0, "context_effect": "Both models correct", "longitude": -118.08096077794086, "latitude": 52.87884988909304 }, "geometry": { "type": "Polygon", "coordinates": [ [ [ -118.081157, 52.878925 ], [ -118.081001, 52.878916 ], [ -118.080977, 52.879067 ], [ -118.080784, 52.879056 ], [ -118.080847, 52.87865 ], [ -118.081048, 52.878661 ], [ -118.081037, 52.878735 ], [ -118.081186, 52.878743 ], [ -118.081157, 52.878925 ] ] ] } },
{ "type": "Feature", "properties": { "sequence_id": 420, "fold": 3, "actual_label": "Survived", "predicted_label": "Survived", "destroyed_probability": 0.0054, "destroyed_probability_pct": 0.5, "risk_class": "Very Low", "prediction_correct": 1, "classification": "TN", "error_label": "Correct survived", "decision_confidence": 0.1796, "hazard_only_probability": 0.0043, "context_improved_prediction": 0, "context_hurt_prediction": 0, "terrain_model_probability": 0.0089, "terrain_model_disagreement": 0, "high_confidence_error": 0, "context_effect": "Both models correct", "longitude": -118.0803266979037, "latitude": 52.8788867829319 }, "geometry": { "type": "Polygon", "coordinates": [ [ [ -118.080229, 52.879 ], [ -118.080252, 52.878876 ], [ -118.080157, 52.878869 ], [ -118.080193, 52.878676 ], [ -118.080132, 52.878672 ], [ -118.080146, 52.878595 ], [ -118.080558, 52.878623 ], [ -118.080455, 52.879178 ], [ -118.080059, 52.879152 ], [ -118.080089, 52.87899 ], [ -118.080229, 52.879 ] ] ] } },
{ "type": "Feature", "properties": { "sequence_id": 421, "fold": 3, "actual_label": "Survived", "predicted_label": "Survived", "destroyed_probability": 0.0133, "destroyed_probability_pct": 1.3, "risk_class": "Very Low", "prediction_correct": 1, "classification": "TN", "error_label": "Correct survived", "decision_confidence": 0.1717, "hazard_only_probability": 0.0058, "context_improved_prediction": 0, "context_hurt_prediction": 0, "terrain_model_probability": 0.0062, "terrain_model_disagreement": 0, "high_confidence_error": 0, "context_effect": "Both models correct", "longitude": -118.08046750000037, "latitude": 52.878531500014603 }, "geometry": { "type": "Polygon", "coordinates": [ [ [ -118.08054, 52.878563 ], [ -118.080395, 52.878563 ], [ -118.080395, 52.8785 ], [ -118.08054, 52.8785 ], [ -118.08054, 52.878563 ] ] ] } },
{ "type": "Feature", "properties": { "sequence_id": 422, "fold": 2, "actual_label": "Survived", "predicted_label": "Survived", "destroyed_probability": 0.0041, "destroyed_probability_pct": 0.4, "risk_class": "Very Low", "prediction_correct": 1, "classification": "TN", "error_label": "Correct survived", "decision_confidence": 0.3359, "hazard_only_probability": 0.0051, "context_improved_prediction": 0, "context_hurt_prediction": 0, "terrain_model_probability": 0.0031, "terrain_model_disagreement": 0, "high_confidence_error": 0, "context_effect": "Both models correct", "longitude": -118.08144198048349, "latitude": 52.877579891332196 }, "geometry": { "type": "Polygon", "coordinates": [ [ [ -118.081281, 52.877533 ], [ -118.08139, 52.877493 ], [ -118.081434, 52.877537 ], [ -118.081507, 52.87751 ], [ -118.081605, 52.877607 ], [ -118.081422, 52.877674 ], [ -118.081281, 52.877533 ] ] ] } },
{ "type": "Feature", "properties": { "sequence_id": 423, "fold": 3, "actual_label": "Survived", "predicted_label": "Survived", "destroyed_probability": 0.0638, "destroyed_probability_pct": 6.4, "risk_class": "Very Low", "prediction_correct": 1, "classification": "TN", "error_label": "Correct survived", "decision_confidence": 0.1212, "hazard_only_probability": 0.1388, "context_improved_prediction": 0, "context_hurt_prediction": 0, "terrain_model_probability": 0.0526, "terrain_model_disagreement": 0, "high_confidence_error": 0, "context_effect": "Both models correct", "longitude": -118.08122120068452, "latitude": 52.875703217749809 }, "geometry": { "type": "Polygon", "coordinates": [ [ [ -118.081026, 52.875549 ], [ -118.081466, 52.875587 ], [ -118.081401, 52.875865 ], [ -118.081057, 52.875836 ], [ -118.081068, 52.875787 ], [ -118.080972, 52.875779 ], [ -118.081026, 52.875549 ] ] ] } },
{ "type": "Feature", "properties": { "sequence_id": 424, "fold": 3, "actual_label": "Survived", "predicted_label": "Survived", "destroyed_probability": 0.0847, "destroyed_probability_pct": 8.5, "risk_class": "Very Low", "prediction_correct": 1, "classification": "TN", "error_label": "Correct survived", "decision_confidence": 0.1003, "hazard_only_probability": 0.1194, "context_improved_prediction": 0, "context_hurt_prediction": 0, "terrain_model_probability": 0.0583, "terrain_model_disagreement": 1, "high_confidence_error": 0, "context_effect": "Both models correct", "longitude": -118.08118849999673, "latitude": 52.875410500000584 }, "geometry": { "type": "Polygon", "coordinates": [ [ [ -118.081146, 52.87545 ], [ -118.081133, 52.875378 ], [ -118.081231, 52.875371 ], [ -118.081244, 52.875443 ], [ -118.081146, 52.87545 ] ] ] } },
{ "type": "Feature", "properties": { "sequence_id": 425, "fold": 3, "actual_label": "Survived", "predicted_label": "Destroyed", "destroyed_probability": 0.6767, "destroyed_probability_pct": 67.7, "risk_class": "High", "prediction_correct": 0, "classification": "FP", "error_label": "False alarm", "decision_confidence": 0.4917, "hazard_only_probability": 0.7549, "context_improved_prediction": 0, "context_hurt_prediction": 0, "terrain_model_probability": 0.7422, "terrain_model_disagreement": 0, "high_confidence_error": 1, "context_effect": "Both models wrong", "longitude": -118.08293099992414, "latitude": 52.87437500007529 }, "geometry": { "type": "Polygon", "coordinates": [ [ [ -118.083143, 52.874371 ], [ -118.082995, 52.874497 ], [ -118.082719, 52.874379 ], [ -118.082867, 52.874253 ], [ -118.083143, 52.874371 ] ] ] } },
{ "type": "Feature", "properties": { "sequence_id": 426, "fold": 3, "actual_label": "Survived", "predicted_label": "Destroyed", "destroyed_probability": 0.2446, "destroyed_probability_pct": 24.5, "risk_class": "Low", "prediction_correct": 0, "classification": "FP", "error_label": "False alarm", "decision_confidence": 0.0596, "hazard_only_probability": 0.5951, "context_improved_prediction": 0, "context_hurt_prediction": 0, "terrain_model_probability": 0.1991, "terrain_model_disagreement": 0, "high_confidence_error": 0, "context_effect": "Both models wrong", "longitude": -118.08187187913929, "latitude": 52.874700502318802 }, "geometry": { "type": "Polygon", "coordinates": [ [ [ -118.082443, 52.874172 ], [ -118.082481, 52.874194 ], [ -118.08173, 52.875143 ], [ -118.081534, 52.875156 ], [ -118.081557, 52.875281 ], [ -118.081464, 52.875287 ], [ -118.081539, 52.875329 ], [ -118.081483, 52.875399 ], [ -118.081558, 52.875442 ], [ -118.081524, 52.875485 ], [ -118.081443, 52.875491 ], [ -118.081427, 52.875406 ], [ -118.081139, 52.875323 ], [ -118.081138, 52.875322 ], [ -118.081331, 52.875077 ], [ -118.081486, 52.875067 ], [ -118.08141, 52.875045 ], [ -118.081502, 52.87493 ], [ -118.08152, 52.874929 ], [ -118.081583, 52.874849 ], [ -118.081716, 52.87484 ], [ -118.081564, 52.874797 ], [ -118.081881, 52.874396 ], [ -118.082075, 52.874452 ], [ -118.082117, 52.874424 ], [ -118.082112, 52.874397 ], [ -118.081998, 52.874364 ], [ -118.082188, 52.874123 ], [ -118.082205, 52.874092 ], [ -118.082336, 52.873926 ], [ -118.082582, 52.873997 ], [ -118.082443, 52.874172 ] ] ] } },
{ "type": "Feature", "properties": { "sequence_id": 427, "fold": 3, "actual_label": "Destroyed", "predicted_label": "Destroyed", "destroyed_probability": 0.7208, "destroyed_probability_pct": 72.1, "risk_class": "High", "prediction_correct": 1, "classification": "TP", "error_label": "Correct destroyed", "decision_confidence": 0.5358, "hazard_only_probability": 0.7864, "context_improved_prediction": 0, "context_hurt_prediction": 0, "terrain_model_probability": 0.8116, "terrain_model_disagreement": 0, "high_confidence_error": 0, "context_effect": "Both models correct", "longitude": -118.08345705155622, "latitude": 52.874023362593718 }, "geometry": { "type": "Polygon", "coordinates": [ [ [ -118.083385, 52.873931 ], [ -118.083577, 52.874003 ], [ -118.083531, 52.874047 ], [ -118.083617, 52.874079 ], [ -118.083574, 52.874121 ], [ -118.083296, 52.874018 ], [ -118.083385, 52.873931 ] ] ] } },
{ "type": "Feature", "properties": { "sequence_id": 428, "fold": 3, "actual_label": "Destroyed", "predicted_label": "Destroyed", "destroyed_probability": 0.7963, "destroyed_probability_pct": 79.6, "risk_class": "High", "prediction_correct": 1, "classification": "TP", "error_label": "Correct destroyed", "decision_confidence": 0.6113, "hazard_only_probability": 0.7917, "context_improved_prediction": 0, "context_hurt_prediction": 0, "terrain_model_probability": 0.8257, "terrain_model_disagreement": 0, "high_confidence_error": 0, "context_effect": "Both models correct", "longitude": -118.08361699999436, "latitude": 52.873884000036249 }, "geometry": { "type": "Polygon", "coordinates": [ [ [ -118.083627, 52.87398 ], [ -118.083458, 52.873886 ], [ -118.083607, 52.873788 ], [ -118.083776, 52.873882 ], [ -118.083627, 52.87398 ] ] ] } },
{ "type": "Feature", "properties": { "sequence_id": 429, "fold": 1, "actual_label": "Destroyed", "predicted_label": "Survived", "destroyed_probability": 0.4926, "destroyed_probability_pct": 49.3, "risk_class": "Moderate", "prediction_correct": 0, "classification": "FN", "error_label": "Missed destroyed", "decision_confidence": 0.0174, "hazard_only_probability": 0.7681, "context_improved_prediction": 0, "context_hurt_prediction": 0, "terrain_model_probability": 0.9033, "terrain_model_disagreement": 1, "high_confidence_error": 0, "context_effect": "Both models wrong", "longitude": -118.08329293751663, "latitude": 52.873466157525591 }, "geometry": { "type": "Polygon", "coordinates": [ [ [ -118.083326, 52.873559 ], [ -118.08314, 52.873444 ], [ -118.08326, 52.873373 ], [ -118.083446, 52.873489 ], [ -118.083326, 52.873559 ] ] ] } },
{ "type": "Feature", "properties": { "sequence_id": 430, "fold": 3, "actual_label": "Destroyed", "predicted_label": "Destroyed", "destroyed_probability": 0.8883, "destroyed_probability_pct": 88.8, "risk_class": "Very High", "prediction_correct": 1, "classification": "TP", "error_label": "Correct destroyed", "decision_confidence": 0.7033, "hazard_only_probability": 0.8309, "context_improved_prediction": 0, "context_hurt_prediction": 0, "terrain_model_probability": 0.8643, "terrain_model_disagreement": 0, "high_confidence_error": 0, "context_effect": "Both models correct", "longitude": -118.08388129067293, "latitude": 52.873701588391484 }, "geometry": { "type": "Polygon", "coordinates": [ [ [ -118.083803, 52.873665 ], [ -118.08397, 52.873555 ], [ -118.084122, 52.87364 ], [ -118.083955, 52.873749 ], [ -118.083935, 52.873738 ], [ -118.083762, 52.873851 ], [ -118.083637, 52.873781 ], [ -118.08381, 52.873668 ], [ -118.083803, 52.873665 ] ] ] } },
{ "type": "Feature", "properties": { "sequence_id": 431, "fold": 1, "actual_label": "Destroyed", "predicted_label": "Destroyed", "destroyed_probability": 0.5741, "destroyed_probability_pct": 57.4, "risk_class": "Moderate", "prediction_correct": 1, "classification": "TP", "error_label": "Correct destroyed", "decision_confidence": 0.0641, "hazard_only_probability": 0.8363, "context_improved_prediction": 1, "context_hurt_prediction": 0, "terrain_model_probability": 0.9162, "terrain_model_disagreement": 0, "high_confidence_error": 0, "context_effect": "Context fixed hazard-only error", "longitude": -118.0834590512349, "latitude": 52.873358838311511 }, "geometry": { "type": "Polygon", "coordinates": [ [ [ -118.08362, 52.873374 ], [ -118.083488, 52.873456 ], [ -118.083298, 52.873343 ], [ -118.08343, 52.873262 ], [ -118.08362, 52.873374 ] ] ] } },
{ "type": "Feature", "properties": { "sequence_id": 432, "fold": 3, "actual_label": "Destroyed", "predicted_label": "Destroyed", "destroyed_probability": 0.8883, "destroyed_probability_pct": 88.8, "risk_class": "Very High", "prediction_correct": 1, "classification": "TP", "error_label": "Correct destroyed", "decision_confidence": 0.7033, "hazard_only_probability": 0.8309, "context_improved_prediction": 0, "context_hurt_prediction": 0, "terrain_model_probability": 0.8643, "terrain_model_disagreement": 0, "high_confidence_error": 0, "context_effect": "Both models correct", "longitude": -118.08388129067293, "latitude": 52.873701588391484 }, "geometry": { "type": "Polygon", "coordinates": [ [ [ -118.083803, 52.873665 ], [ -118.08397, 52.873555 ], [ -118.084122, 52.87364 ], [ -118.083955, 52.873749 ], [ -118.083935, 52.873738 ], [ -118.083762, 52.873851 ], [ -118.083637, 52.873781 ], [ -118.08381, 52.873668 ], [ -118.083803, 52.873665 ] ] ] } },
{ "type": "Feature", "properties": { "sequence_id": 433, "fold": 1, "actual_label": "Destroyed", "predicted_label": "Destroyed", "destroyed_probability": 0.8603, "destroyed_probability_pct": 86.0, "risk_class": "Very High", "prediction_correct": 1, "classification": "TP", "error_label": "Correct destroyed", "decision_confidence": 0.3503, "hazard_only_probability": 0.8479, "context_improved_prediction": 1, "context_hurt_prediction": 0, "terrain_model_probability": 0.9671, "terrain_model_disagreement": 0, "high_confidence_error": 0, "context_effect": "Context fixed hazard-only error", "longitude": -118.08362899995532, "latitude": 52.873269000030433 }, "geometry": { "type": "Polygon", "coordinates": [ [ [ -118.083665, 52.873348 ], [ -118.083493, 52.873263 ], [ -118.083593, 52.87319 ], [ -118.083765, 52.873275 ], [ -118.083665, 52.873348 ] ] ] } },
{ "type": "Feature", "properties": { "sequence_id": 434, "fold": 3, "actual_label": "Destroyed", "predicted_label": "Destroyed", "destroyed_probability": 0.8766, "destroyed_probability_pct": 87.7, "risk_class": "Very High", "prediction_correct": 1, "classification": "TP", "error_label": "Correct destroyed", "decision_confidence": 0.6916, "hazard_only_probability": 0.881, "context_improved_prediction": 0, "context_hurt_prediction": 0, "terrain_model_probability": 0.9107, "terrain_model_disagreement": 0, "high_confidence_error": 0, "context_effect": "Both models correct", "longitude": -118.08417485843835, "latitude": 52.87353954176232 }, "geometry": { "type": "Polygon", "coordinates": [ [ [ -118.084283, 52.873563 ], [ -118.084214, 52.873605 ], [ -118.084067, 52.873516 ], [ -118.084135, 52.873474 ], [ -118.084283, 52.873563 ] ] ] } },
{ "type": "Feature", "properties": { "sequence_id": 435, "fold": 1, "actual_label": "Destroyed", "predicted_label": "Destroyed", "destroyed_probability": 0.9293, "destroyed_probability_pct": 92.9, "risk_class": "Very High", "prediction_correct": 1, "classification": "TP", "error_label": "Correct destroyed", "decision_confidence": 0.4193, "hazard_only_probability": 0.8414, "context_improved_prediction": 1, "context_hurt_prediction": 0, "terrain_model_probability": 0.9795, "terrain_model_disagreement": 0, "high_confidence_error": 0, "context_effect": "Context fixed hazard-only error", "longitude": -118.08382750003241, "latitude": 52.873176000024422 }, "geometry": { "type": "Polygon", "coordinates": [ [ [ -118.083958, 52.873167 ], [ -118.083812, 52.873255 ], [ -118.083697, 52.873185 ], [ -118.083843, 52.873097 ], [ -118.083958, 52.873167 ] ] ] } },
{ "type": "Feature", "properties": { "sequence_id": 436, "fold": 1, "actual_label": "Destroyed", "predicted_label": "Destroyed", "destroyed_probability": 0.8942, "destroyed_probability_pct": 89.4, "risk_class": "Very High", "prediction_correct": 1, "classification": "TP", "error_label": "Correct destroyed", "decision_confidence": 0.3842, "hazard_only_probability": 0.9769, "context_improved_prediction": 0, "context_hurt_prediction": 0, "terrain_model_probability": 0.9753, "terrain_model_disagreement": 0, "high_confidence_error": 0, "context_effect": "Both models correct", "longitude": -118.08457799994308, "latitude": 52.873367500028479 }, "geometry": { "type": "Polygon", "coordinates": [ [ [ -118.084733, 52.873395 ], [ -118.084571, 52.873465 ], [ -118.084423, 52.87334 ], [ -118.084585, 52.87327 ], [ -118.084733, 52.873395 ] ] ] } },
{ "type": "Feature", "properties": { "sequence_id": 437, "fold": 3, "actual_label": "Destroyed", "predicted_label": "Destroyed", "destroyed_probability": 0.7475, "destroyed_probability_pct": 74.8, "risk_class": "High", "prediction_correct": 1, "classification": "TP", "error_label": "Correct destroyed", "decision_confidence": 0.5625, "hazard_only_probability": 0.8501, "context_improved_prediction": 0, "context_hurt_prediction": 0, "terrain_model_probability": 0.976, "terrain_model_disagreement": 0, "high_confidence_error": 0, "context_effect": "Both models correct", "longitude": -118.08475284719643, "latitude": 52.873292785288541 }, "geometry": { "type": "Polygon", "coordinates": [ [ [ -118.084751, 52.873183 ], [ -118.084849, 52.873259 ], [ -118.084777, 52.873293 ], [ -118.084892, 52.873381 ], [ -118.084816, 52.873417 ], [ -118.084604, 52.873252 ], [ -118.084751, 52.873183 ] ] ] } },
{ "type": "Feature", "properties": { "sequence_id": 438, "fold": 1, "actual_label": "Destroyed", "predicted_label": "Destroyed", "destroyed_probability": 0.9701, "destroyed_probability_pct": 97.0, "risk_class": "Very High", "prediction_correct": 1, "classification": "TP", "error_label": "Correct destroyed", "decision_confidence": 0.4601, "hazard_only_probability": 0.9906, "context_improved_prediction": 0, "context_hurt_prediction": 0, "terrain_model_probability": 0.9889, "terrain_model_disagreement": 0, "high_confidence_error": 0, "context_effect": "Both models correct", "longitude": -118.08449696905049, "latitude": 52.872892327777549 }, "geometry": { "type": "Polygon", "coordinates": [ [ [ -118.084397, 52.872874 ], [ -118.084509, 52.87283 ], [ -118.084597, 52.87291 ], [ -118.084485, 52.872955 ], [ -118.084397, 52.872874 ] ] ] } },
{ "type": "Feature", "properties": { "sequence_id": 439, "fold": 3, "actual_label": "Destroyed", "predicted_label": "Destroyed", "destroyed_probability": 0.4621, "destroyed_probability_pct": 46.2, "risk_class": "Moderate", "prediction_correct": 1, "classification": "TP", "error_label": "Correct destroyed", "decision_confidence": 0.2771, "hazard_only_probability": 0.8556, "context_improved_prediction": 0, "context_hurt_prediction": 0, "terrain_model_probability": 0.9495, "terrain_model_disagreement": 0, "high_confidence_error": 0, "context_effect": "Both models correct", "longitude": -118.08493348850422, "latitude": 52.873191331278861 }, "geometry": { "type": "Polygon", "coordinates": [ [ [ -118.08494, 52.873098 ], [ -118.085082, 52.873218 ], [ -118.084927, 52.873285 ], [ -118.084785, 52.873164 ], [ -118.08494, 52.873098 ] ] ] } },
{ "type": "Feature", "properties": { "sequence_id": 440, "fold": 3, "actual_label": "Destroyed", "predicted_label": "Destroyed", "destroyed_probability": 0.6305, "destroyed_probability_pct": 63.1, "risk_class": "High", "prediction_correct": 1, "classification": "TP", "error_label": "Correct destroyed", "decision_confidence": 0.4455, "hazard_only_probability": 0.6248, "context_improved_prediction": 0, "context_hurt_prediction": 0, "terrain_model_probability": 0.968, "terrain_model_disagreement": 0, "high_confidence_error": 0, "context_effect": "Both models correct", "longitude": -118.08467749998549, "latitude": 52.872808500006769 }, "geometry": { "type": "Polygon", "coordinates": [ [ [ -118.084762, 52.872831 ], [ -118.084656, 52.872863 ], [ -118.084593, 52.872786 ], [ -118.084699, 52.872754 ], [ -118.084762, 52.872831 ] ] ] } },
{ "type": "Feature", "properties": { "sequence_id": 441, "fold": 3, "actual_label": "Destroyed", "predicted_label": "Destroyed", "destroyed_probability": 0.2878, "destroyed_probability_pct": 28.8, "risk_class": "Low", "prediction_correct": 1, "classification": "TP", "error_label": "Correct destroyed", "decision_confidence": 0.1028, "hazard_only_probability": 0.2786, "context_improved_prediction": 1, "context_hurt_prediction": 0, "terrain_model_probability": 0.9475, "terrain_model_disagreement": 0, "high_confidence_error": 0, "context_effect": "Context fixed hazard-only error", "longitude": -118.08488090960721, "latitude": 52.87273581555592 }, "geometry": { "type": "Polygon", "coordinates": [ [ [ -118.084847, 52.872792 ], [ -118.084787, 52.872717 ], [ -118.084915, 52.87268 ], [ -118.084975, 52.872754 ], [ -118.084847, 52.872792 ] ] ] } },
{ "type": "Feature", "properties": { "sequence_id": 442, "fold": 3, "actual_label": "Destroyed", "predicted_label": "Destroyed", "destroyed_probability": 0.2794, "destroyed_probability_pct": 27.9, "risk_class": "Low", "prediction_correct": 1, "classification": "TP", "error_label": "Correct destroyed", "decision_confidence": 0.0944, "hazard_only_probability": 0.3689, "context_improved_prediction": 0, "context_hurt_prediction": 0, "terrain_model_probability": 0.9398, "terrain_model_disagreement": 0, "high_confidence_error": 0, "context_effect": "Both models correct", "longitude": -118.08508499998004, "latitude": 52.872670500022615 }, "geometry": { "type": "Polygon", "coordinates": [ [ [ -118.085207, 52.872672 ], [ -118.085106, 52.872743 ], [ -118.084963, 52.872669 ], [ -118.085064, 52.872598 ], [ -118.085207, 52.872672 ] ] ] } },
{ "type": "Feature", "properties": { "sequence_id": 443, "fold": 3, "actual_label": "Destroyed", "predicted_label": "Destroyed", "destroyed_probability": 0.5814, "destroyed_probability_pct": 58.1, "risk_class": "Moderate", "prediction_correct": 1, "classification": "TP", "error_label": "Correct destroyed", "decision_confidence": 0.3964, "hazard_only_probability": 0.7226, "context_improved_prediction": 0, "context_hurt_prediction": 0, "terrain_model_probability": 0.9475, "terrain_model_disagreement": 0, "high_confidence_error": 0, "context_effect": "Both models correct", "longitude": -118.08552150000862, "latitude": 52.872977500024334 }, "geometry": { "type": "Polygon", "coordinates": [ [ [ -118.085552, 52.872902 ], [ -118.085649, 52.872987 ], [ -118.085491, 52.873053 ], [ -118.085394, 52.872968 ], [ -118.085552, 52.872902 ] ] ] } },
{ "type": "Feature", "properties": { "sequence_id": 444, "fold": 3, "actual_label": "Survived", "predicted_label": "Destroyed", "destroyed_probability": 0.3918, "destroyed_probability_pct": 39.2, "risk_class": "Low", "prediction_correct": 0, "classification": "FP", "error_label": "False alarm", "decision_confidence": 0.2068, "hazard_only_probability": 0.2733, "context_improved_prediction": 0, "context_hurt_prediction": 1, "terrain_model_probability": 0.9709, "terrain_model_disagreement": 0, "high_confidence_error": 0, "context_effect": "Context introduced error", "longitude": -118.08527348585936, "latitude": 52.872588329540712 }, "geometry": { "type": "Polygon", "coordinates": [ [ [ -118.085279, 52.872525 ], [ -118.08537, 52.872614 ], [ -118.085268, 52.872652 ], [ -118.085177, 52.872562 ], [ -118.085279, 52.872525 ] ] ] } },
{ "type": "Feature", "properties": { "sequence_id": 445, "fold": 3, "actual_label": "Destroyed", "predicted_label": "Destroyed", "destroyed_probability": 0.6724, "destroyed_probability_pct": 67.2, "risk_class": "High", "prediction_correct": 1, "classification": "TP", "error_label": "Correct destroyed", "decision_confidence": 0.4874, "hazard_only_probability": 0.6754, "context_improved_prediction": 0, "context_hurt_prediction": 0, "terrain_model_probability": 0.7161, "terrain_model_disagreement": 0, "high_confidence_error": 0, "context_effect": "Both models correct", "longitude": -118.0857119999169, "latitude": 52.872921999995825 }, "geometry": { "type": "Polygon", "coordinates": [ [ [ -118.085814, 52.872973 ], [ -118.085715, 52.873002 ], [ -118.08561, 52.872871 ], [ -118.085709, 52.872842 ], [ -118.085814, 52.872973 ] ] ] } },
{ "type": "Feature", "properties": { "sequence_id": 446, "fold": 3, "actual_label": "Destroyed", "predicted_label": "Destroyed", "destroyed_probability": 0.603, "destroyed_probability_pct": 60.3, "risk_class": "High", "prediction_correct": 1, "classification": "TP", "error_label": "Correct destroyed", "decision_confidence": 0.418, "hazard_only_probability": 0.4236, "context_improved_prediction": 0, "context_hurt_prediction": 0, "terrain_model_probability": 0.6295, "terrain_model_disagreement": 0, "high_confidence_error": 0, "context_effect": "Both models correct", "longitude": -118.08588149996885, "latitude": 52.872862499999165 }, "geometry": { "type": "Polygon", "coordinates": [ [ [ -118.085934, 52.872785 ], [ -118.085988, 52.872916 ], [ -118.085829, 52.87294 ], [ -118.085775, 52.872809 ], [ -118.085934, 52.872785 ] ] ] } },
{ "type": "Feature", "properties": { "sequence_id": 447, "fold": 3, "actual_label": "Survived", "predicted_label": "Destroyed", "destroyed_probability": 0.6733, "destroyed_probability_pct": 67.3, "risk_class": "High", "prediction_correct": 0, "classification": "FP", "error_label": "False alarm", "decision_confidence": 0.4883, "hazard_only_probability": 0.2793, "context_improved_prediction": 0, "context_hurt_prediction": 1, "terrain_model_probability": 0.6079, "terrain_model_disagreement": 0, "high_confidence_error": 1, "context_effect": "Context introduced error", "longitude": -118.08589849996699, "latitude": 52.872409000005682 }, "geometry": { "type": "Polygon", "coordinates": [ [ [ -118.085842, 52.872493 ], [ -118.085777, 52.872357 ], [ -118.085955, 52.872325 ], [ -118.08602, 52.872461 ], [ -118.085842, 52.872493 ] ] ] } },
{ "type": "Feature", "properties": { "sequence_id": 448, "fold": 3, "actual_label": "Survived", "predicted_label": "Destroyed", "destroyed_probability": 0.6685, "destroyed_probability_pct": 66.9, "risk_class": "High", "prediction_correct": 0, "classification": "FP", "error_label": "False alarm", "decision_confidence": 0.4835, "hazard_only_probability": 0.2905, "context_improved_prediction": 0, "context_hurt_prediction": 1, "terrain_model_probability": 0.7218, "terrain_model_disagreement": 0, "high_confidence_error": 1, "context_effect": "Context introduced error", "longitude": -118.08610394328025, "latitude": 52.872368808346344 }, "geometry": { "type": "Polygon", "coordinates": [ [ [ -118.085994, 52.87232 ], [ -118.086136, 52.872289 ], [ -118.086214, 52.872417 ], [ -118.086072, 52.872449 ], [ -118.085994, 52.87232 ] ] ] } },
{ "type": "Feature", "properties": { "sequence_id": 449, "fold": 3, "actual_label": "Survived", "predicted_label": "Destroyed", "destroyed_probability": 0.6005, "destroyed_probability_pct": 60.1, "risk_class": "High", "prediction_correct": 0, "classification": "FP", "error_label": "False alarm", "decision_confidence": 0.4155, "hazard_only_probability": 0.2334, "context_improved_prediction": 0, "context_hurt_prediction": 1, "terrain_model_probability": 0.3638, "terrain_model_disagreement": 0, "high_confidence_error": 0, "context_effect": "Context introduced error", "longitude": -118.08631191905774, "latitude": 52.872259256718138 }, "geometry": { "type": "Polygon", "coordinates": [ [ [ -118.086263, 52.872384 ], [ -118.086155, 52.872196 ], [ -118.086234, 52.87218 ], [ -118.086264, 52.872232 ], [ -118.08639, 52.872205 ], [ -118.086357, 52.872147 ], [ -118.08645, 52.872128 ], [ -118.086486, 52.87219 ], [ -118.086393, 52.872209 ], [ -118.086414, 52.872245 ], [ -118.086344, 52.87226 ], [ -118.086399, 52.872355 ], [ -118.086263, 52.872384 ] ] ] } },
{ "type": "Feature", "properties": { "sequence_id": 450, "fold": 3, "actual_label": "Survived", "predicted_label": "Destroyed", "destroyed_probability": 0.6802, "destroyed_probability_pct": 68.0, "risk_class": "High", "prediction_correct": 0, "classification": "FP", "error_label": "False alarm", "decision_confidence": 0.4952, "hazard_only_probability": 0.328, "context_improved_prediction": 0, "context_hurt_prediction": 1, "terrain_model_probability": 0.3674, "terrain_model_disagreement": 0, "high_confidence_error": 1, "context_effect": "Context introduced error", "longitude": -118.08655149998789, "latitude": 52.872275500005969 }, "geometry": { "type": "Polygon", "coordinates": [ [ [ -118.086515, 52.872331 ], [ -118.086466, 52.872246 ], [ -118.086588, 52.87222 ], [ -118.086637, 52.872305 ], [ -118.086515, 52.872331 ] ] ] } },
{ "type": "Feature", "properties": { "sequence_id": 451, "fold": 3, "actual_label": "Survived", "predicted_label": "Destroyed", "destroyed_probability": 0.6746, "destroyed_probability_pct": 67.5, "risk_class": "High", "prediction_correct": 0, "classification": "FP", "error_label": "False alarm", "decision_confidence": 0.4896, "hazard_only_probability": 0.3779, "context_improved_prediction": 0, "context_hurt_prediction": 0, "terrain_model_probability": 0.4458, "terrain_model_disagreement": 0, "high_confidence_error": 1, "context_effect": "Both models wrong", "longitude": -118.08748019075063, "latitude": 52.872063955761107 }, "geometry": { "type": "Polygon", "coordinates": [ [ [ -118.08745, 52.87212 ], [ -118.087393, 52.872037 ], [ -118.087511, 52.872008 ], [ -118.087567, 52.872091 ], [ -118.08745, 52.87212 ] ] ] } },
{ "type": "Feature", "properties": { "sequence_id": 452, "fold": 3, "actual_label": "Destroyed", "predicted_label": "Destroyed", "destroyed_probability": 0.8732, "destroyed_probability_pct": 87.3, "risk_class": "Very High", "prediction_correct": 1, "classification": "TP", "error_label": "Correct destroyed", "decision_confidence": 0.6882, "hazard_only_probability": 0.4854, "context_improved_prediction": 0, "context_hurt_prediction": 0, "terrain_model_probability": 0.8502, "terrain_model_disagreement": 0, "high_confidence_error": 0, "context_effect": "Both models correct", "longitude": -118.0879424999997, "latitude": 52.872376499984298 }, "geometry": { "type": "Polygon", "coordinates": [ [ [ -118.087889, 52.872316 ], [ -118.087996, 52.872316 ], [ -118.087996, 52.872437 ], [ -118.087889, 52.872437 ], [ -118.087889, 52.872316 ] ] ] } },
{ "type": "Feature", "properties": { "sequence_id": 453, "fold": 1, "actual_label": "Destroyed", "predicted_label": "Destroyed", "destroyed_probability": 0.9873, "destroyed_probability_pct": 98.7, "risk_class": "Very High", "prediction_correct": 1, "classification": "TP", "error_label": "Correct destroyed", "decision_confidence": 0.4773, "hazard_only_probability": 0.9866, "context_improved_prediction": 0, "context_hurt_prediction": 0, "terrain_model_probability": 0.9935, "terrain_model_disagreement": 0, "high_confidence_error": 0, "context_effect": "Both models correct", "longitude": -118.08837299997282, "latitude": 52.872287000007795 }, "geometry": { "type": "Polygon", "coordinates": [ [ [ -118.088491, 52.872335 ], [ -118.088317, 52.872366 ], [ -118.088255, 52.872239 ], [ -118.088429, 52.872208 ], [ -118.088491, 52.872335 ] ] ] } },
{ "type": "Feature", "properties": { "sequence_id": 454, "fold": 3, "actual_label": "Survived", "predicted_label": "Destroyed", "destroyed_probability": 0.802, "destroyed_probability_pct": 80.2, "risk_class": "Very High", "prediction_correct": 0, "classification": "FP", "error_label": "False alarm", "decision_confidence": 0.617, "hazard_only_probability": 0.3855, "context_improved_prediction": 0, "context_hurt_prediction": 0, "terrain_model_probability": 0.5378, "terrain_model_disagreement": 0, "high_confidence_error": 1, "context_effect": "Both models wrong", "longitude": -118.08813839253075, "latitude": 52.871908295807565 }, "geometry": { "type": "Polygon", "coordinates": [ [ [ -118.088024, 52.871868 ], [ -118.088198, 52.871837 ], [ -118.088253, 52.871948 ], [ -118.088079, 52.87198 ], [ -118.088024, 52.871868 ] ] ] } },
{ "type": "Feature", "properties": { "sequence_id": 455, "fold": 1, "actual_label": "Destroyed", "predicted_label": "Destroyed", "destroyed_probability": 0.9944, "destroyed_probability_pct": 99.4, "risk_class": "Very High", "prediction_correct": 1, "classification": "TP", "error_label": "Correct destroyed", "decision_confidence": 0.4844, "hazard_only_probability": 0.9979, "context_improved_prediction": 0, "context_hurt_prediction": 0, "terrain_model_probability": 0.9943, "terrain_model_disagreement": 0, "high_confidence_error": 0, "context_effect": "Both models correct", "longitude": -118.08879557353093, "latitude": 52.87219569670188 }, "geometry": { "type": "Polygon", "coordinates": [ [ [ -118.088673, 52.872146 ], [ -118.088841, 52.872111 ], [ -118.088918, 52.872246 ], [ -118.08875, 52.87228 ], [ -118.088673, 52.872146 ] ] ] } },
{ "type": "Feature", "properties": { "sequence_id": 456, "fold": 1, "actual_label": "Survived", "predicted_label": "Destroyed", "destroyed_probability": 0.9961, "destroyed_probability_pct": 99.6, "risk_class": "Very High", "prediction_correct": 0, "classification": "FP", "error_label": "False alarm", "decision_confidence": 0.4861, "hazard_only_probability": 0.9904, "context_improved_prediction": 0, "context_hurt_prediction": 0, "terrain_model_probability": 0.9914, "terrain_model_disagreement": 0, "high_confidence_error": 1, "context_effect": "Both models wrong", "longitude": -118.08856270168494, "latitude": 52.87181092695424 }, "geometry": { "type": "Polygon", "coordinates": [ [ [ -118.088599, 52.871736 ], [ -118.088658, 52.871864 ], [ -118.088527, 52.871886 ], [ -118.088467, 52.871758 ], [ -118.088599, 52.871736 ] ] ] } },
{ "type": "Feature", "properties": { "sequence_id": 457, "fold": 1, "actual_label": "Survived", "predicted_label": "Destroyed", "destroyed_probability": 0.992, "destroyed_probability_pct": 99.2, "risk_class": "Very High", "prediction_correct": 0, "classification": "FP", "error_label": "False alarm", "decision_confidence": 0.482, "hazard_only_probability": 0.9567, "context_improved_prediction": 0, "context_hurt_prediction": 0, "terrain_model_probability": 0.9847, "terrain_model_disagreement": 0, "high_confidence_error": 1, "context_effect": "Both models wrong", "longitude": -118.088756943208, "latitude": 52.871758804448518 }, "geometry": { "type": "Polygon", "coordinates": [ [ [ -118.088792, 52.871674 ], [ -118.088868, 52.871815 ], [ -118.088722, 52.871844 ], [ -118.088646, 52.871702 ], [ -118.088792, 52.871674 ] ] ] } },
{ "type": "Feature", "properties": { "sequence_id": 458, "fold": 1, "actual_label": "Destroyed", "predicted_label": "Destroyed", "destroyed_probability": 0.9875, "destroyed_probability_pct": 98.8, "risk_class": "Very High", "prediction_correct": 1, "classification": "TP", "error_label": "Correct destroyed", "decision_confidence": 0.4775, "hazard_only_probability": 0.9945, "context_improved_prediction": 0, "context_hurt_prediction": 0, "terrain_model_probability": 0.9573, "terrain_model_disagreement": 0, "high_confidence_error": 0, "context_effect": "Both models correct", "longitude": -118.08940730928798, "latitude": 52.872022533970224 }, "geometry": { "type": "Polygon", "coordinates": [ [ [ -118.089367, 52.872079 ], [ -118.089313, 52.872 ], [ -118.089447, 52.871966 ], [ -118.089502, 52.872045 ], [ -118.089367, 52.872079 ] ] ] } },
{ "type": "Feature", "properties": { "sequence_id": 459, "fold": 1, "actual_label": "Survived", "predicted_label": "Destroyed", "destroyed_probability": 0.9895, "destroyed_probability_pct": 98.9, "risk_class": "Very High", "prediction_correct": 0, "classification": "FP", "error_label": "False alarm", "decision_confidence": 0.4795, "hazard_only_probability": 0.9299, "context_improved_prediction": 0, "context_hurt_prediction": 1, "terrain_model_probability": 0.9647, "terrain_model_disagreement": 0, "high_confidence_error": 1, "context_effect": "Context introduced error", "longitude": -118.08918700000774, "latitude": 52.871676000018866 }, "geometry": { "type": "Polygon", "coordinates": [ [ [ -118.089233, 52.871616 ], [ -118.089294, 52.871692 ], [ -118.089141, 52.871736 ], [ -118.08908, 52.87166 ], [ -118.089233, 52.871616 ] ] ] } },
{ "type": "Feature", "properties": { "sequence_id": 460, "fold": 1, "actual_label": "Destroyed", "predicted_label": "Destroyed", "destroyed_probability": 0.9899, "destroyed_probability_pct": 99.0, "risk_class": "Very High", "prediction_correct": 1, "classification": "TP", "error_label": "Correct destroyed", "decision_confidence": 0.4799, "hazard_only_probability": 0.999, "context_improved_prediction": 0, "context_hurt_prediction": 0, "terrain_model_probability": 0.9942, "terrain_model_disagreement": 0, "high_confidence_error": 0, "context_effect": "Both models correct", "longitude": -118.09080411909771, "latitude": 52.871705799861857 }, "geometry": { "type": "Polygon", "coordinates": [ [ [ -118.090684, 52.871676 ], [ -118.09078, 52.871658 ], [ -118.090788, 52.871673 ], [ -118.090891, 52.871653 ], [ -118.09093, 52.871726 ], [ -118.090731, 52.871765 ], [ -118.090684, 52.871676 ] ] ] } },
{ "type": "Feature", "properties": { "sequence_id": 461, "fold": 1, "actual_label": "Destroyed", "predicted_label": "Destroyed", "destroyed_probability": 0.9896, "destroyed_probability_pct": 99.0, "risk_class": "Very High", "prediction_correct": 1, "classification": "TP", "error_label": "Correct destroyed", "decision_confidence": 0.4796, "hazard_only_probability": 0.999, "context_improved_prediction": 0, "context_hurt_prediction": 0, "terrain_model_probability": 0.9944, "terrain_model_disagreement": 0, "high_confidence_error": 0, "context_effect": "Both models correct", "longitude": -118.09104750000574, "latitude": 52.871665000022944 }, "geometry": { "type": "Polygon", "coordinates": [ [ [ -118.091163, 52.871692 ], [ -118.090982, 52.871728 ], [ -118.090932, 52.871638 ], [ -118.091113, 52.871602 ], [ -118.091163, 52.871692 ] ] ] } },
{ "type": "Feature", "properties": { "sequence_id": 462, "fold": 1, "actual_label": "Destroyed", "predicted_label": "Destroyed", "destroyed_probability": 0.9869, "destroyed_probability_pct": 98.7, "risk_class": "Very High", "prediction_correct": 1, "classification": "TP", "error_label": "Correct destroyed", "decision_confidence": 0.4769, "hazard_only_probability": 0.9986, "context_improved_prediction": 0, "context_hurt_prediction": 0, "terrain_model_probability": 0.9925, "terrain_model_disagreement": 0, "high_confidence_error": 0, "context_effect": "Both models correct", "longitude": -118.09128658049963, "latitude": 52.871634709010145 }, "geometry": { "type": "Polygon", "coordinates": [ [ [ -118.09118, 52.871579 ], [ -118.091338, 52.871555 ], [ -118.091393, 52.871691 ], [ -118.091235, 52.871714 ], [ -118.09118, 52.871579 ] ] ] } },
{ "type": "Feature", "properties": { "sequence_id": 463, "fold": 1, "actual_label": "Destroyed", "predicted_label": "Destroyed", "destroyed_probability": 0.9835, "destroyed_probability_pct": 98.4, "risk_class": "Very High", "prediction_correct": 1, "classification": "TP", "error_label": "Correct destroyed", "decision_confidence": 0.4735, "hazard_only_probability": 0.9967, "context_improved_prediction": 0, "context_hurt_prediction": 0, "terrain_model_probability": 0.9627, "terrain_model_disagreement": 0, "high_confidence_error": 0, "context_effect": "Both models correct", "longitude": -118.09173169107096, "latitude": 52.871534411589622 }, "geometry": { "type": "Polygon", "coordinates": [ [ [ -118.091639, 52.871477 ], [ -118.091754, 52.871455 ], [ -118.091824, 52.871592 ], [ -118.09171, 52.871614 ], [ -118.091639, 52.871477 ] ] ] } },
{ "type": "Feature", "properties": { "sequence_id": 464, "fold": 1, "actual_label": "Destroyed", "predicted_label": "Destroyed", "destroyed_probability": 0.9875, "destroyed_probability_pct": 98.8, "risk_class": "Very High", "prediction_correct": 1, "classification": "TP", "error_label": "Correct destroyed", "decision_confidence": 0.4775, "hazard_only_probability": 0.9955, "context_improved_prediction": 0, "context_hurt_prediction": 0, "terrain_model_probability": 0.9761, "terrain_model_disagreement": 0, "high_confidence_error": 0, "context_effect": "Both models correct", "longitude": -118.09257249993297, "latitude": 52.871326499995369 }, "geometry": { "type": "Polygon", "coordinates": [ [ [ -118.092564, 52.871404 ], [ -118.092473, 52.871277 ], [ -118.092581, 52.871249 ], [ -118.092672, 52.871376 ], [ -118.092564, 52.871404 ] ] ] } },
{ "type": "Feature", "properties": { "sequence_id": 465, "fold": 1, "actual_label": "Survived", "predicted_label": "Destroyed", "destroyed_probability": 0.9916, "destroyed_probability_pct": 99.2, "risk_class": "Very High", "prediction_correct": 0, "classification": "FP", "error_label": "False alarm", "decision_confidence": 0.4816, "hazard_only_probability": 0.9982, "context_improved_prediction": 0, "context_hurt_prediction": 0, "terrain_model_probability": 0.994, "terrain_model_disagreement": 0, "high_confidence_error": 1, "context_effect": "Both models wrong", "longitude": -118.09060569474022, "latitude": 52.871785102015281 }, "geometry": { "type": "Polygon", "coordinates": [ [ [ -118.090597, 52.871859 ], [ -118.090508, 52.87174 ], [ -118.090615, 52.871711 ], [ -118.090703, 52.871831 ], [ -118.090597, 52.871859 ] ] ] } },
{ "type": "Feature", "properties": { "sequence_id": 466, "fold": 2, "actual_label": "Survived", "predicted_label": "Survived", "destroyed_probability": 0.1923, "destroyed_probability_pct": 19.2, "risk_class": "Very Low", "prediction_correct": 1, "classification": "TN", "error_label": "Correct survived", "decision_confidence": 0.1477, "hazard_only_probability": 0.0276, "context_improved_prediction": 0, "context_hurt_prediction": 0, "terrain_model_probability": 0.3252, "terrain_model_disagreement": 0, "high_confidence_error": 0, "context_effect": "Both models correct", "longitude": -118.09102933834258, "latitude": 52.873636318353853 }, "geometry": { "type": "Polygon", "coordinates": [ [ [ -118.090965, 52.873697 ], [ -118.090911, 52.873625 ], [ -118.091094, 52.873576 ], [ -118.091148, 52.873647 ], [ -118.090965, 52.873697 ] ] ] } },
{ "type": "Feature", "properties": { "sequence_id": 467, "fold": 2, "actual_label": "Survived", "predicted_label": "Survived", "destroyed_probability": 0.2987, "destroyed_probability_pct": 29.9, "risk_class": "Low", "prediction_correct": 1, "classification": "TN", "error_label": "Correct survived", "decision_confidence": 0.0413, "hazard_only_probability": 0.1071, "context_improved_prediction": 0, "context_hurt_prediction": 0, "terrain_model_probability": 0.31, "terrain_model_disagreement": 0, "high_confidence_error": 0, "context_effect": "Both models correct", "longitude": -118.09105791765309, "latitude": 52.873837975842257 }, "geometry": { "type": "Polygon", "coordinates": [ [ [ -118.091168, 52.873835 ], [ -118.091187, 52.873886 ], [ -118.090995, 52.873911 ], [ -118.090948, 52.87378 ], [ -118.091101, 52.87376 ], [ -118.09113, 52.87384 ], [ -118.091168, 52.873835 ] ] ] } },
{ "type": "Feature", "properties": { "sequence_id": 468, "fold": 2, "actual_label": "Survived", "predicted_label": "Survived", "destroyed_probability": 0.321, "destroyed_probability_pct": 32.1, "risk_class": "Low", "prediction_correct": 1, "classification": "TN", "error_label": "Correct survived", "decision_confidence": 0.019, "hazard_only_probability": 0.5608, "context_improved_prediction": 1, "context_hurt_prediction": 0, "terrain_model_probability": 0.3117, "terrain_model_disagreement": 0, "high_confidence_error": 0, "context_effect": "Context fixed hazard-only error", "longitude": -118.09742725502396, "latitude": 52.872075192701253 }, "geometry": { "type": "Polygon", "coordinates": [ [ [ -118.097289, 52.872067 ], [ -118.097514, 52.871994 ], [ -118.097565, 52.872051 ], [ -118.097485, 52.872077 ], [ -118.097515, 52.872111 ], [ -118.097371, 52.872158 ], [ -118.097289, 52.872067 ] ] ] } },
{ "type": "Feature", "properties": { "sequence_id": 469, "fold": 2, "actual_label": "Survived", "predicted_label": "Survived", "destroyed_probability": 0.293, "destroyed_probability_pct": 29.3, "risk_class": "Low", "prediction_correct": 1, "classification": "TN", "error_label": "Correct survived", "decision_confidence": 0.047, "hazard_only_probability": 0.6308, "context_improved_prediction": 1, "context_hurt_prediction": 0, "terrain_model_probability": 0.4499, "terrain_model_disagreement": 0, "high_confidence_error": 0, "context_effect": "Context fixed hazard-only error", "longitude": -118.09727893700584, "latitude": 52.871921475509168 }, "geometry": { "type": "Polygon", "coordinates": [ [ [ -118.097437, 52.872008 ], [ -118.097235, 52.87204 ], [ -118.097136, 52.871813 ], [ -118.097282, 52.87179 ], [ -118.097331, 52.871902 ], [ -118.097387, 52.871893 ], [ -118.097437, 52.872008 ] ] ] } },
{ "type": "Feature", "properties": { "sequence_id": 470, "fold": 2, "actual_label": "Survived", "predicted_label": "Survived", "destroyed_probability": 0.293, "destroyed_probability_pct": 29.3, "risk_class": "Low", "prediction_correct": 1, "classification": "TN", "error_label": "Correct survived", "decision_confidence": 0.047, "hazard_only_probability": 0.6308, "context_improved_prediction": 1, "context_hurt_prediction": 0, "terrain_model_probability": 0.4499, "terrain_model_disagreement": 0, "high_confidence_error": 0, "context_effect": "Context fixed hazard-only error", "longitude": -118.09727893700584, "latitude": 52.871921475509168 }, "geometry": { "type": "Polygon", "coordinates": [ [ [ -118.097437, 52.872008 ], [ -118.097235, 52.87204 ], [ -118.097136, 52.871813 ], [ -118.097282, 52.87179 ], [ -118.097331, 52.871902 ], [ -118.097387, 52.871893 ], [ -118.097437, 52.872008 ] ] ] } },
{ "type": "Feature", "properties": { "sequence_id": 471, "fold": 2, "actual_label": "Survived", "predicted_label": "Destroyed", "destroyed_probability": 0.7498, "destroyed_probability_pct": 75.0, "risk_class": "High", "prediction_correct": 0, "classification": "FP", "error_label": "False alarm", "decision_confidence": 0.4098, "hazard_only_probability": 0.8962, "context_improved_prediction": 0, "context_hurt_prediction": 0, "terrain_model_probability": 0.7626, "terrain_model_disagreement": 0, "high_confidence_error": 0, "context_effect": "Both models wrong", "longitude": -118.09712981470201, "latitude": 52.871757518963896 }, "geometry": { "type": "Polygon", "coordinates": [ [ [ -118.097197, 52.871689 ], [ -118.097259, 52.871774 ], [ -118.097062, 52.871826 ], [ -118.097001, 52.871741 ], [ -118.097197, 52.871689 ] ] ] } },
{ "type": "Feature", "properties": { "sequence_id": 472, "fold": 2, "actual_label": "Destroyed", "predicted_label": "Destroyed", "destroyed_probability": 0.9113, "destroyed_probability_pct": 91.1, "risk_class": "Very High", "prediction_correct": 1, "classification": "TP", "error_label": "Correct destroyed", "decision_confidence": 0.5713, "hazard_only_probability": 0.781, "context_improved_prediction": 0, "context_hurt_prediction": 0, "terrain_model_probability": 0.9131, "terrain_model_disagreement": 0, "high_confidence_error": 0, "context_effect": "Both models correct", "longitude": -118.09684599986699, "latitude": 52.871451499998415 }, "geometry": { "type": "Polygon", "coordinates": [ [ [ -118.096954, 52.87151 ], [ -118.096879, 52.871537 ], [ -118.096738, 52.871393 ], [ -118.096813, 52.871366 ], [ -118.096954, 52.87151 ] ] ] } },
{ "type": "Feature", "properties": { "sequence_id": 473, "fold": 2, "actual_label": "Survived", "predicted_label": "Survived", "destroyed_probability": 0.2481, "destroyed_probability_pct": 24.8, "risk_class": "Low", "prediction_correct": 1, "classification": "TN", "error_label": "Correct survived", "decision_confidence": 0.0919, "hazard_only_probability": 0.2143, "context_improved_prediction": 0, "context_hurt_prediction": 0, "terrain_model_probability": 0.1977, "terrain_model_disagreement": 0, "high_confidence_error": 0, "context_effect": "Both models correct", "longitude": -118.0973788106885, "latitude": 52.871720786026067 }, "geometry": { "type": "Polygon", "coordinates": [ [ [ -118.097286, 52.871644 ], [ -118.097335, 52.871629 ], [ -118.097472, 52.871798 ], [ -118.097422, 52.871812 ], [ -118.097286, 52.871644 ] ] ] } },
{ "type": "Feature", "properties": { "sequence_id": 474, "fold": 2, "actual_label": "Destroyed", "predicted_label": "Destroyed", "destroyed_probability": 0.9172, "destroyed_probability_pct": 91.7, "risk_class": "Very High", "prediction_correct": 1, "classification": "TP", "error_label": "Correct destroyed", "decision_confidence": 0.5772, "hazard_only_probability": 0.8183, "context_improved_prediction": 0, "context_hurt_prediction": 0, "terrain_model_probability": 0.918, "terrain_model_disagreement": 0, "high_confidence_error": 0, "context_effect": "Both models correct", "longitude": -118.09704261166259, "latitude": 52.871443159181652 }, "geometry": { "type": "Polygon", "coordinates": [ [ [ -118.097131, 52.871458 ], [ -118.097027, 52.871507 ], [ -118.096969, 52.871463 ], [ -118.097033, 52.871433 ], [ -118.096974, 52.871388 ], [ -118.097015, 52.871368 ], [ -118.097131, 52.871458 ] ] ] } },
{ "type": "Feature", "properties": { "sequence_id": 475, "fold": 2, "actual_label": "Survived", "predicted_label": "Survived", "destroyed_probability": 0.2535, "destroyed_probability_pct": 25.3, "risk_class": "Low", "prediction_correct": 1, "classification": "TN", "error_label": "Correct survived", "decision_confidence": 0.0865, "hazard_only_probability": 0.2093, "context_improved_prediction": 0, "context_hurt_prediction": 0, "terrain_model_probability": 0.1568, "terrain_model_disagreement": 0, "high_confidence_error": 0, "context_effect": "Both models correct", "longitude": -118.09758715026824, "latitude": 52.871700163407809 }, "geometry": { "type": "Polygon", "coordinates": [ [ [ -118.097473, 52.871623 ], [ -118.097561, 52.871602 ], [ -118.097642, 52.871724 ], [ -118.0977, 52.87171 ], [ -118.097727, 52.871751 ], [ -118.097581, 52.871786 ], [ -118.097473, 52.871623 ] ] ] } },
{ "type": "Feature", "properties": { "sequence_id": 476, "fold": 2, "actual_label": "Destroyed", "predicted_label": "Destroyed", "destroyed_probability": 0.9028, "destroyed_probability_pct": 90.3, "risk_class": "Very High", "prediction_correct": 1, "classification": "TP", "error_label": "Correct destroyed", "decision_confidence": 0.5628, "hazard_only_probability": 0.8447, "context_improved_prediction": 0, "context_hurt_prediction": 0, "terrain_model_probability": 0.9071, "terrain_model_disagreement": 0, "high_confidence_error": 0, "context_effect": "Both models correct", "longitude": -118.09717026162272, "latitude": 52.871332235977953 }, "geometry": { "type": "Polygon", "coordinates": [ [ [ -118.097225, 52.871417 ], [ -118.0972, 52.871384 ], [ -118.097169, 52.871393 ], [ -118.097076, 52.871273 ], [ -118.097152, 52.871252 ], [ -118.097269, 52.871405 ], [ -118.097225, 52.871417 ] ] ] } },
{ "type": "Feature", "properties": { "sequence_id": 477, "fold": 2, "actual_label": "Survived", "predicted_label": "Survived", "destroyed_probability": 0.2376, "destroyed_probability_pct": 23.8, "risk_class": "Low", "prediction_correct": 1, "classification": "TN", "error_label": "Correct survived", "decision_confidence": 0.1024, "hazard_only_probability": 0.1707, "context_improved_prediction": 0, "context_hurt_prediction": 0, "terrain_model_probability": 0.1322, "terrain_model_disagreement": 0, "high_confidence_error": 0, "context_effect": "Both models correct", "longitude": -118.09770508772159, "latitude": 52.871619886299307 }, "geometry": { "type": "Polygon", "coordinates": [ [ [ -118.097807, 52.871681 ], [ -118.097739, 52.871705 ], [ -118.097603, 52.871558 ], [ -118.097671, 52.871535 ], [ -118.097807, 52.871681 ] ] ] } },
{ "type": "Feature", "properties": { "sequence_id": 478, "fold": 2, "actual_label": "Destroyed", "predicted_label": "Destroyed", "destroyed_probability": 0.9099, "destroyed_probability_pct": 91.0, "risk_class": "Very High", "prediction_correct": 1, "classification": "TP", "error_label": "Correct destroyed", "decision_confidence": 0.5699, "hazard_only_probability": 0.8447, "context_improved_prediction": 0, "context_hurt_prediction": 0, "terrain_model_probability": 0.7599, "terrain_model_disagreement": 0, "high_confidence_error": 0, "context_effect": "Both models correct", "longitude": -118.09733249989105, "latitude": 52.871267999943996 }, "geometry": { "type": "Polygon", "coordinates": [ [ [ -118.097263, 52.871176 ], [ -118.097326, 52.871167 ], [ -118.097402, 52.87136 ], [ -118.097339, 52.871369 ], [ -118.097263, 52.871176 ] ] ] } },
{ "type": "Feature", "properties": { "sequence_id": 479, "fold": 2, "actual_label": "Survived", "predicted_label": "Destroyed", "destroyed_probability": 0.8641, "destroyed_probability_pct": 86.4, "risk_class": "Very High", "prediction_correct": 0, "classification": "FP", "error_label": "False alarm", "decision_confidence": 0.5241, "hazard_only_probability": 0.8436, "context_improved_prediction": 0, "context_hurt_prediction": 0, "terrain_model_probability": 0.6137, "terrain_model_disagreement": 1, "high_confidence_error": 1, "context_effect": "Both models wrong", "longitude": -118.09771099495474, "latitude": 52.871198568203525 }, "geometry": { "type": "Polygon", "coordinates": [ [ [ -118.097698, 52.87117 ], [ -118.097731, 52.871153 ], [ -118.097812, 52.871211 ], [ -118.097721, 52.871257 ], [ -118.097607, 52.871176 ], [ -118.097665, 52.871147 ], [ -118.097698, 52.87117 ] ] ] } },
{ "type": "Feature", "properties": { "sequence_id": 480, "fold": 2, "actual_label": "Survived", "predicted_label": "Destroyed", "destroyed_probability": 0.5238, "destroyed_probability_pct": 52.4, "risk_class": "Moderate", "prediction_correct": 0, "classification": "FP", "error_label": "False alarm", "decision_confidence": 0.1838, "hazard_only_probability": 0.2809, "context_improved_prediction": 0, "context_hurt_prediction": 1, "terrain_model_probability": 0.2103, "terrain_model_disagreement": 1, "high_confidence_error": 0, "context_effect": "Context introduced error", "longitude": -118.09800699057969, "latitude": 52.871500502484004 }, "geometry": { "type": "Polygon", "coordinates": [ [ [ -118.098103, 52.871547 ], [ -118.098045, 52.871571 ], [ -118.097911, 52.871455 ], [ -118.09797, 52.87143 ], [ -118.098103, 52.871547 ] ] ] } },
{ "type": "Feature", "properties": { "sequence_id": 481, "fold": 1, "actual_label": "Survived", "predicted_label": "Survived", "destroyed_probability": 0.3712, "destroyed_probability_pct": 37.1, "risk_class": "Low", "prediction_correct": 1, "classification": "TN", "error_label": "Correct survived", "decision_confidence": 0.1388, "hazard_only_probability": 0.2843, "context_improved_prediction": 0, "context_hurt_prediction": 0, "terrain_model_probability": 0.174, "terrain_model_disagreement": 0, "high_confidence_error": 0, "context_effect": "Both models correct", "longitude": -118.09791299986531, "latitude": 52.871121500093906 }, "geometry": { "type": "Polygon", "coordinates": [ [ [ -118.09808, 52.87114 ], [ -118.098049, 52.871183 ], [ -118.097746, 52.871103 ], [ -118.097777, 52.87106 ], [ -118.09808, 52.87114 ] ] ] } },
{ "type": "Feature", "properties": { "sequence_id": 482, "fold": 2, "actual_label": "Survived", "predicted_label": "Destroyed", "destroyed_probability": 0.4962, "destroyed_probability_pct": 49.6, "risk_class": "Moderate", "prediction_correct": 0, "classification": "FP", "error_label": "False alarm", "decision_confidence": 0.1562, "hazard_only_probability": 0.1545, "context_improved_prediction": 0, "context_hurt_prediction": 1, "terrain_model_probability": 0.1364, "terrain_model_disagreement": 1, "high_confidence_error": 0, "context_effect": "Context introduced error", "longitude": -118.09815799992178, "latitude": 52.871434500004284 }, "geometry": { "type": "Polygon", "coordinates": [ [ [ -118.098243, 52.871475 ], [ -118.098191, 52.871497 ], [ -118.098073, 52.871394 ], [ -118.098125, 52.871372 ], [ -118.098243, 52.871475 ] ] ] } },
{ "type": "Feature", "properties": { "sequence_id": 483, "fold": 1, "actual_label": "Survived", "predicted_label": "Survived", "destroyed_probability": 0.3764, "destroyed_probability_pct": 37.6, "risk_class": "Low", "prediction_correct": 1, "classification": "TN", "error_label": "Correct survived", "decision_confidence": 0.1336, "hazard_only_probability": 0.2536, "context_improved_prediction": 0, "context_hurt_prediction": 0, "terrain_model_probability": 0.2123, "terrain_model_disagreement": 0, "high_confidence_error": 0, "context_effect": "Both models correct", "longitude": -118.0980892150062, "latitude": 52.871049906072201 }, "geometry": { "type": "Polygon", "coordinates": [ [ [ -118.097978, 52.871031 ], [ -118.098029, 52.870991 ], [ -118.098218, 52.871079 ], [ -118.098203, 52.871091 ], [ -118.098174, 52.871077 ], [ -118.098138, 52.871106 ], [ -118.097978, 52.871031 ] ] ] } },
{ "type": "Feature", "properties": { "sequence_id": 484, "fold": 2, "actual_label": "Survived", "predicted_label": "Destroyed", "destroyed_probability": 0.451, "destroyed_probability_pct": 45.1, "risk_class": "Moderate", "prediction_correct": 0, "classification": "FP", "error_label": "False alarm", "decision_confidence": 0.111, "hazard_only_probability": 0.137, "context_improved_prediction": 0, "context_hurt_prediction": 1, "terrain_model_probability": 0.1617, "terrain_model_disagreement": 1, "high_confidence_error": 0, "context_effect": "Context introduced error", "longitude": -118.09833699991017, "latitude": 52.871376000010017 }, "geometry": { "type": "Polygon", "coordinates": [ [ [ -118.098222, 52.871336 ], [ -118.098317, 52.871297 ], [ -118.098452, 52.871416 ], [ -118.098357, 52.871455 ], [ -118.098222, 52.871336 ] ] ] } },
{ "type": "Feature", "properties": { "sequence_id": 485, "fold": 2, "actual_label": "Survived", "predicted_label": "Destroyed", "destroyed_probability": 0.5364, "destroyed_probability_pct": 53.6, "risk_class": "Moderate", "prediction_correct": 0, "classification": "FP", "error_label": "False alarm", "decision_confidence": 0.1964, "hazard_only_probability": 0.1742, "context_improved_prediction": 0, "context_hurt_prediction": 1, "terrain_model_probability": 0.2479, "terrain_model_disagreement": 1, "high_confidence_error": 0, "context_effect": "Context introduced error", "longitude": -118.09849669580818, "latitude": 52.87133792414803 }, "geometry": { "type": "Polygon", "coordinates": [ [ [ -118.09853, 52.871415 ], [ -118.098382, 52.871285 ], [ -118.098434, 52.871264 ], [ -118.09846, 52.871286 ], [ -118.098484, 52.871275 ], [ -118.098607, 52.871383 ], [ -118.09853, 52.871415 ] ] ] } },
{ "type": "Feature", "properties": { "sequence_id": 486, "fold": 2, "actual_label": "Survived", "predicted_label": "Destroyed", "destroyed_probability": 0.5392, "destroyed_probability_pct": 53.9, "risk_class": "Moderate", "prediction_correct": 0, "classification": "FP", "error_label": "False alarm", "decision_confidence": 0.1992, "hazard_only_probability": 0.1847, "context_improved_prediction": 0, "context_hurt_prediction": 1, "terrain_model_probability": 0.2608, "terrain_model_disagreement": 1, "high_confidence_error": 0, "context_effect": "Context introduced error", "longitude": -118.09866899991772, "latitude": 52.871293499987061 }, "geometry": { "type": "Polygon", "coordinates": [ [ [ -118.098672, 52.871211 ], [ -118.098764, 52.871352 ], [ -118.098666, 52.871376 ], [ -118.098574, 52.871235 ], [ -118.098672, 52.871211 ] ] ] } },
{ "type": "Feature", "properties": { "sequence_id": 487, "fold": 2, "actual_label": "Survived", "predicted_label": "Destroyed", "destroyed_probability": 0.5016, "destroyed_probability_pct": 50.2, "risk_class": "Moderate", "prediction_correct": 0, "classification": "FP", "error_label": "False alarm", "decision_confidence": 0.1616, "hazard_only_probability": 0.1166, "context_improved_prediction": 0, "context_hurt_prediction": 1, "terrain_model_probability": 0.3243, "terrain_model_disagreement": 1, "high_confidence_error": 0, "context_effect": "Context introduced error", "longitude": -118.09879009251725, "latitude": 52.871221324307875 }, "geometry": { "type": "Polygon", "coordinates": [ [ [ -118.098757, 52.871142 ], [ -118.098877, 52.871285 ], [ -118.098824, 52.871301 ], [ -118.098703, 52.871158 ], [ -118.098757, 52.871142 ] ] ] } },
{ "type": "Feature", "properties": { "sequence_id": 488, "fold": 1, "actual_label": "Survived", "predicted_label": "Survived", "destroyed_probability": 0.1691, "destroyed_probability_pct": 16.9, "risk_class": "Very Low", "prediction_correct": 1, "classification": "TN", "error_label": "Correct survived", "decision_confidence": 0.3409, "hazard_only_probability": 0.1185, "context_improved_prediction": 0, "context_hurt_prediction": 0, "terrain_model_probability": 0.1885, "terrain_model_disagreement": 0, "high_confidence_error": 0, "context_effect": "Both models correct", "longitude": -118.09913357383375, "latitude": 52.870818733244491 }, "geometry": { "type": "Polygon", "coordinates": [ [ [ -118.099025, 52.870835 ], [ -118.099076, 52.870815 ], [ -118.099046, 52.870787 ], [ -118.099179, 52.870736 ], [ -118.099243, 52.870796 ], [ -118.099181, 52.87082 ], [ -118.099218, 52.870855 ], [ -118.099096, 52.870902 ], [ -118.099025, 52.870835 ] ] ] } },
{ "type": "Feature", "properties": { "sequence_id": 489, "fold": 2, "actual_label": "Survived", "predicted_label": "Survived", "destroyed_probability": 0.0896, "destroyed_probability_pct": 9.0, "risk_class": "Very Low", "prediction_correct": 1, "classification": "TN", "error_label": "Correct survived", "decision_confidence": 0.2504, "hazard_only_probability": 0.0816, "context_improved_prediction": 0, "context_hurt_prediction": 0, "terrain_model_probability": 0.0918, "terrain_model_disagreement": 0, "high_confidence_error": 0, "context_effect": "Both models correct", "longitude": -118.09897870744621, "latitude": 52.871176424793845 }, "geometry": { "type": "Polygon", "coordinates": [ [ [ -118.098944, 52.871241 ], [ -118.098899, 52.871129 ], [ -118.099014, 52.871112 ], [ -118.099058, 52.871224 ], [ -118.098944, 52.871241 ] ] ] } },
{ "type": "Feature", "properties": { "sequence_id": 490, "fold": 2, "actual_label": "Survived", "predicted_label": "Survived", "destroyed_probability": 0.0026, "destroyed_probability_pct": 0.3, "risk_class": "Very Low", "prediction_correct": 1, "classification": "TN", "error_label": "Correct survived", "decision_confidence": 0.3374, "hazard_only_probability": 0.0032, "context_improved_prediction": 0, "context_hurt_prediction": 0, "terrain_model_probability": 0.0023, "terrain_model_disagreement": 0, "high_confidence_error": 0, "context_effect": "Both models correct", "longitude": -118.08263601030436, "latitude": 52.87997866584773 }, "geometry": { "type": "Polygon", "coordinates": [ [ [ -118.082502, 52.87999 ], [ -118.082641, 52.879897 ], [ -118.08277, 52.879968 ], [ -118.082631, 52.88006 ], [ -118.082502, 52.87999 ] ] ] } },
{ "type": "Feature", "properties": { "sequence_id": 491, "fold": 1, "actual_label": "Survived", "predicted_label": "Survived", "destroyed_probability": 0.0042, "destroyed_probability_pct": 0.4, "risk_class": "Very Low", "prediction_correct": 1, "classification": "TN", "error_label": "Correct survived", "decision_confidence": 0.5058, "hazard_only_probability": 0.0027, "context_improved_prediction": 0, "context_hurt_prediction": 0, "terrain_model_probability": 0.0019, "terrain_model_disagreement": 0, "high_confidence_error": 0, "context_effect": "Both models correct", "longitude": -118.08258966476045, "latitude": 52.88033350733442 }, "geometry": { "type": "Polygon", "coordinates": [ [ [ -118.082581, 52.880368 ], [ -118.082532, 52.880336 ], [ -118.082599, 52.880299 ], [ -118.082647, 52.880331 ], [ -118.082581, 52.880368 ] ] ] } },
{ "type": "Feature", "properties": { "sequence_id": 492, "fold": 1, "actual_label": "Survived", "predicted_label": "Survived", "destroyed_probability": 0.0035, "destroyed_probability_pct": 0.3, "risk_class": "Very Low", "prediction_correct": 1, "classification": "TN", "error_label": "Correct survived", "decision_confidence": 0.5065, "hazard_only_probability": 0.0033, "context_improved_prediction": 0, "context_hurt_prediction": 0, "terrain_model_probability": 0.0038, "terrain_model_disagreement": 0, "high_confidence_error": 0, "context_effect": "Both models correct", "longitude": -118.08399006618704, "latitude": 52.880513814563365 }, "geometry": { "type": "Polygon", "coordinates": [ [ [ -118.084024, 52.88059 ], [ -118.083872, 52.880547 ], [ -118.083956, 52.880438 ], [ -118.084108, 52.88048 ], [ -118.084024, 52.88059 ] ] ] } },
{ "type": "Feature", "properties": { "sequence_id": 493, "fold": 1, "actual_label": "Survived", "predicted_label": "Survived", "destroyed_probability": 0.0032, "destroyed_probability_pct": 0.3, "risk_class": "Very Low", "prediction_correct": 1, "classification": "TN", "error_label": "Correct survived", "decision_confidence": 0.5068, "hazard_only_probability": 0.0033, "context_improved_prediction": 0, "context_hurt_prediction": 0, "terrain_model_probability": 0.0053, "terrain_model_disagreement": 0, "high_confidence_error": 0, "context_effect": "Both models correct", "longitude": -118.08420272402914, "latitude": 52.880578157203267 }, "geometry": { "type": "Polygon", "coordinates": [ [ [ -118.084151, 52.880495 ], [ -118.084345, 52.880555 ], [ -118.084254, 52.880661 ], [ -118.084061, 52.880602 ], [ -118.084151, 52.880495 ] ] ] } },
{ "type": "Feature", "properties": { "sequence_id": 494, "fold": 1, "actual_label": "Survived", "predicted_label": "Survived", "destroyed_probability": 0.003, "destroyed_probability_pct": 0.3, "risk_class": "Very Low", "prediction_correct": 1, "classification": "TN", "error_label": "Correct survived", "decision_confidence": 0.507, "hazard_only_probability": 0.0033, "context_improved_prediction": 0, "context_hurt_prediction": 0, "terrain_model_probability": 0.0051, "terrain_model_disagreement": 0, "high_confidence_error": 0, "context_effect": "Both models correct", "longitude": -118.08439579365374, "latitude": 52.88065150508092 }, "geometry": { "type": "Polygon", "coordinates": [ [ [ -118.084386, 52.880555 ], [ -118.08453, 52.880595 ], [ -118.084438, 52.880715 ], [ -118.084409, 52.880707 ], [ -118.084377, 52.880748 ], [ -118.084263, 52.880717 ], [ -118.084386, 52.880555 ] ] ] } },
{ "type": "Feature", "properties": { "sequence_id": 495, "fold": 1, "actual_label": "Survived", "predicted_label": "Survived", "destroyed_probability": 0.0078, "destroyed_probability_pct": 0.8, "risk_class": "Very Low", "prediction_correct": 1, "classification": "TN", "error_label": "Correct survived", "decision_confidence": 0.5022, "hazard_only_probability": 0.0033, "context_improved_prediction": 0, "context_hurt_prediction": 0, "terrain_model_probability": 0.0032, "terrain_model_disagreement": 0, "high_confidence_error": 0, "context_effect": "Both models correct", "longitude": -118.08451917726765, "latitude": 52.880917018016781 }, "geometry": { "type": "Polygon", "coordinates": [ [ [ -118.084597, 52.880908 ], [ -118.084546, 52.880962 ], [ -118.084441, 52.880926 ], [ -118.084493, 52.880872 ], [ -118.084597, 52.880908 ] ] ] } },
{ "type": "Feature", "properties": { "sequence_id": 496, "fold": 2, "actual_label": "Survived", "predicted_label": "Survived", "destroyed_probability": 0.0006, "destroyed_probability_pct": 0.1, "risk_class": "Very Low", "prediction_correct": 1, "classification": "TN", "error_label": "Correct survived", "decision_confidence": 0.3394, "hazard_only_probability": 0.0013, "context_improved_prediction": 0, "context_hurt_prediction": 0, "terrain_model_probability": 0.0012, "terrain_model_disagreement": 0, "high_confidence_error": 0, "context_effect": "Both models correct", "longitude": -118.0851130000059, "latitude": 52.88081250000311 }, "geometry": { "type": "Polygon", "coordinates": [ [ [ -118.085202, 52.880758 ], [ -118.085188, 52.880874 ], [ -118.085024, 52.880867 ], [ -118.085038, 52.880751 ], [ -118.085202, 52.880758 ] ] ] } },
{ "type": "Feature", "properties": { "sequence_id": 497, "fold": 2, "actual_label": "Survived", "predicted_label": "Survived", "destroyed_probability": 0.0019, "destroyed_probability_pct": 0.2, "risk_class": "Very Low", "prediction_correct": 1, "classification": "TN", "error_label": "Correct survived", "decision_confidence": 0.3381, "hazard_only_probability": 0.0056, "context_improved_prediction": 0, "context_hurt_prediction": 0, "terrain_model_probability": 0.0065, "terrain_model_disagreement": 0, "high_confidence_error": 0, "context_effect": "Both models correct", "longitude": -118.08354092003711, "latitude": 52.877255987613665 }, "geometry": { "type": "Polygon", "coordinates": [ [ [ -118.083505, 52.877385 ], [ -118.083501, 52.877427 ], [ -118.083343, 52.877422 ], [ -118.083361, 52.877231 ], [ -118.083407, 52.877233 ], [ -118.083421, 52.877091 ], [ -118.083731, 52.877101 ], [ -118.083703, 52.877392 ], [ -118.083505, 52.877385 ] ] ] } },
{ "type": "Feature", "properties": { "sequence_id": 498, "fold": 2, "actual_label": "Survived", "predicted_label": "Survived", "destroyed_probability": 0.014, "destroyed_probability_pct": 1.4, "risk_class": "Very Low", "prediction_correct": 1, "classification": "TN", "error_label": "Correct survived", "decision_confidence": 0.326, "hazard_only_probability": 0.0453, "context_improved_prediction": 0, "context_hurt_prediction": 0, "terrain_model_probability": 0.0122, "terrain_model_disagreement": 0, "high_confidence_error": 0, "context_effect": "Both models correct", "longitude": -118.08444666510043, "latitude": 52.876378367627424 }, "geometry": { "type": "Polygon", "coordinates": [ [ [ -118.084137, 52.875886 ], [ -118.084385, 52.875837 ], [ -118.084608, 52.875865 ], [ -118.084713, 52.875844 ], [ -118.084604, 52.876155 ], [ -118.084838, 52.876185 ], [ -118.084789, 52.876326 ], [ -118.084571, 52.876298 ], [ -118.084448, 52.876323 ], [ -118.084369, 52.87655 ], [ -118.084305, 52.876542 ], [ -118.084293, 52.876578 ], [ -118.084426, 52.876822 ], [ -118.084593, 52.876346 ], [ -118.084848, 52.876378 ], [ -118.084634, 52.876989 ], [ -118.084112, 52.876923 ], [ -118.084172, 52.876752 ], [ -118.084294, 52.876727 ], [ -118.084303, 52.876702 ], [ -118.084289, 52.876677 ], [ -118.084205, 52.876666 ], [ -118.084251, 52.876534 ], [ -118.084133, 52.876519 ], [ -118.084241, 52.876211 ], [ -118.084125, 52.876196 ], [ -118.084149, 52.876128 ], [ -118.084008, 52.875869 ], [ -118.084137, 52.875886 ] ] ] } },
{ "type": "Feature", "properties": { "sequence_id": 499, "fold": 3, "actual_label": "Survived", "predicted_label": "Destroyed", "destroyed_probability": 0.7888, "destroyed_probability_pct": 78.9, "risk_class": "High", "prediction_correct": 0, "classification": "FP", "error_label": "False alarm", "decision_confidence": 0.6038, "hazard_only_probability": 0.792, "context_improved_prediction": 0, "context_hurt_prediction": 0, "terrain_model_probability": 0.289, "terrain_model_disagreement": 0, "high_confidence_error": 1, "context_effect": "Both models wrong", "longitude": -118.07836099984796, "latitude": 52.872873500035013 }, "geometry": { "type": "Polygon", "coordinates": [ [ [ -118.078529, 52.872915 ], [ -118.078397, 52.872981 ], [ -118.078193, 52.872832 ], [ -118.078325, 52.872766 ], [ -118.078529, 52.872915 ] ] ] } },
{ "type": "Feature", "properties": { "sequence_id": 500, "fold": 3, "actual_label": "Survived", "predicted_label": "Destroyed", "destroyed_probability": 0.801, "destroyed_probability_pct": 80.1, "risk_class": "Very High", "prediction_correct": 0, "classification": "FP", "error_label": "False alarm", "decision_confidence": 0.616, "hazard_only_probability": 0.7249, "context_improved_prediction": 0, "context_hurt_prediction": 0, "terrain_model_probability": 0.7277, "terrain_model_disagreement": 0, "high_confidence_error": 1, "context_effect": "Both models wrong", "longitude": -118.07797440067421, "latitude": 52.873012133874333 }, "geometry": { "type": "Polygon", "coordinates": [ [ [ -118.078178, 52.87308 ], [ -118.078041, 52.873146 ], [ -118.077771, 52.872945 ], [ -118.077908, 52.872878 ], [ -118.078178, 52.87308 ] ] ] } },
{ "type": "Feature", "properties": { "sequence_id": 501, "fold": 3, "actual_label": "Destroyed", "predicted_label": "Destroyed", "destroyed_probability": 0.5516, "destroyed_probability_pct": 55.2, "risk_class": "Moderate", "prediction_correct": 1, "classification": "TP", "error_label": "Correct destroyed", "decision_confidence": 0.3666, "hazard_only_probability": 0.3125, "context_improved_prediction": 1, "context_hurt_prediction": 0, "terrain_model_probability": 0.7235, "terrain_model_disagreement": 0, "high_confidence_error": 0, "context_effect": "Context fixed hazard-only error", "longitude": -118.07929583520442, "latitude": 52.872439510450484 }, "geometry": { "type": "Polygon", "coordinates": [ [ [ -118.079284, 52.872376 ], [ -118.079401, 52.872446 ], [ -118.079307, 52.872503 ], [ -118.079191, 52.872433 ], [ -118.079284, 52.872376 ] ] ] } },
{ "type": "Feature", "properties": { "sequence_id": 502, "fold": 3, "actual_label": "Survived", "predicted_label": "Destroyed", "destroyed_probability": 0.8741, "destroyed_probability_pct": 87.4, "risk_class": "Very High", "prediction_correct": 0, "classification": "FP", "error_label": "False alarm", "decision_confidence": 0.6891, "hazard_only_probability": 0.836, "context_improved_prediction": 0, "context_hurt_prediction": 0, "terrain_model_probability": 0.7839, "terrain_model_disagreement": 0, "high_confidence_error": 1, "context_effect": "Both models wrong", "longitude": -118.077794000049, "latitude": 52.873146500077652 }, "geometry": { "type": "Polygon", "coordinates": [ [ [ -118.077925, 52.873088 ], [ -118.077953, 52.873167 ], [ -118.077663, 52.873205 ], [ -118.077635, 52.873126 ], [ -118.077925, 52.873088 ] ] ] } },
{ "type": "Feature", "properties": { "sequence_id": 503, "fold": 3, "actual_label": "Destroyed", "predicted_label": "Destroyed", "destroyed_probability": 0.8835, "destroyed_probability_pct": 88.4, "risk_class": "Very High", "prediction_correct": 1, "classification": "TP", "error_label": "Correct destroyed", "decision_confidence": 0.6985, "hazard_only_probability": 0.8461, "context_improved_prediction": 0, "context_hurt_prediction": 0, "terrain_model_probability": 0.7596, "terrain_model_disagreement": 0, "high_confidence_error": 0, "context_effect": "Both models correct", "longitude": -118.07743899285722, "latitude": 52.873042666003627 }, "geometry": { "type": "Polygon", "coordinates": [ [ [ -118.077436, 52.872972 ], [ -118.077554, 52.873054 ], [ -118.077442, 52.873113 ], [ -118.077324, 52.873032 ], [ -118.077436, 52.872972 ] ] ] } },
{ "type": "Feature", "properties": { "sequence_id": 504, "fold": 3, "actual_label": "Survived", "predicted_label": "Destroyed", "destroyed_probability": 0.6955, "destroyed_probability_pct": 69.6, "risk_class": "High", "prediction_correct": 0, "classification": "FP", "error_label": "False alarm", "decision_confidence": 0.5105, "hazard_only_probability": 0.8281, "context_improved_prediction": 0, "context_hurt_prediction": 0, "terrain_model_probability": 0.8581, "terrain_model_disagreement": 0, "high_confidence_error": 1, "context_effect": "Both models wrong", "longitude": -118.07683155459227, "latitude": 52.873992659070552 }, "geometry": { "type": "Polygon", "coordinates": [ [ [ -118.07685, 52.87387 ], [ -118.076844, 52.873894 ], [ -118.077031, 52.873912 ], [ -118.077015, 52.873967 ], [ -118.077121, 52.873978 ], [ -118.077082, 52.874121 ], [ -118.076565, 52.87407 ], [ -118.076625, 52.873848 ], [ -118.07685, 52.87387 ] ] ] } },
{ "type": "Feature", "properties": { "sequence_id": 505, "fold": 1, "actual_label": "Destroyed", "predicted_label": "Survived", "destroyed_probability": 0.465, "destroyed_probability_pct": 46.5, "risk_class": "Moderate", "prediction_correct": 0, "classification": "FN", "error_label": "Missed destroyed", "decision_confidence": 0.045, "hazard_only_probability": 0.6606, "context_improved_prediction": 0, "context_hurt_prediction": 0, "terrain_model_probability": 0.3053, "terrain_model_disagreement": 0, "high_confidence_error": 0, "context_effect": "Both models wrong", "longitude": -118.07715137438143, "latitude": 52.873422606223549 }, "geometry": { "type": "Polygon", "coordinates": [ [ [ -118.077317, 52.873492 ], [ -118.077218, 52.873538 ], [ -118.077, 52.873367 ], [ -118.077034, 52.873351 ], [ -118.07701, 52.873332 ], [ -118.077074, 52.873302 ], [ -118.077317, 52.873492 ] ] ] } },
{ "type": "Feature", "properties": { "sequence_id": 506, "fold": 3, "actual_label": "Destroyed", "predicted_label": "Destroyed", "destroyed_probability": 0.5762, "destroyed_probability_pct": 57.6, "risk_class": "Moderate", "prediction_correct": 1, "classification": "TP", "error_label": "Correct destroyed", "decision_confidence": 0.3912, "hazard_only_probability": 0.6522, "context_improved_prediction": 0, "context_hurt_prediction": 0, "terrain_model_probability": 0.4156, "terrain_model_disagreement": 0, "high_confidence_error": 0, "context_effect": "Both models correct", "longitude": -118.07595969978715, "latitude": 52.873726364417152 }, "geometry": { "type": "Polygon", "coordinates": [ [ [ -118.076279, 52.873705 ], [ -118.076103, 52.873832 ], [ -118.076007, 52.873783 ], [ -118.075945, 52.873828 ], [ -118.075671, 52.87369 ], [ -118.075788, 52.873605 ], [ -118.076068, 52.873746 ], [ -118.076188, 52.873659 ], [ -118.076279, 52.873705 ] ] ] } },
{ "type": "Feature", "properties": { "sequence_id": 507, "fold": 1, "actual_label": "Survived", "predicted_label": "Destroyed", "destroyed_probability": 0.5111, "destroyed_probability_pct": 51.1, "risk_class": "Moderate", "prediction_correct": 0, "classification": "FP", "error_label": "False alarm", "decision_confidence": 0.0011, "hazard_only_probability": 0.6606, "context_improved_prediction": 0, "context_hurt_prediction": 1, "terrain_model_probability": 0.541, "terrain_model_disagreement": 1, "high_confidence_error": 0, "context_effect": "Context introduced error", "longitude": -118.07562992878891, "latitude": 52.873494768427626 }, "geometry": { "type": "Polygon", "coordinates": [ [ [ -118.075469, 52.873435 ], [ -118.07564, 52.873369 ], [ -118.075809, 52.873528 ], [ -118.075564, 52.873623 ], [ -118.075504, 52.873567 ], [ -118.075578, 52.873538 ], [ -118.075469, 52.873435 ] ] ] } },
{ "type": "Feature", "properties": { "sequence_id": 508, "fold": 1, "actual_label": "Destroyed", "predicted_label": "Survived", "destroyed_probability": 0.3725, "destroyed_probability_pct": 37.3, "risk_class": "Low", "prediction_correct": 0, "classification": "FN", "error_label": "Missed destroyed", "decision_confidence": 0.1375, "hazard_only_probability": 0.6165, "context_improved_prediction": 0, "context_hurt_prediction": 0, "terrain_model_probability": 0.3576, "terrain_model_disagreement": 0, "high_confidence_error": 0, "context_effect": "Both models wrong", "longitude": -118.07639849988523, "latitude": 52.873274500062116 }, "geometry": { "type": "Polygon", "coordinates": [ [ [ -118.076604, 52.873296 ], [ -118.076432, 52.873399 ], [ -118.076193, 52.873253 ], [ -118.076365, 52.87315 ], [ -118.076604, 52.873296 ] ] ] } },
{ "type": "Feature", "properties": { "sequence_id": 509, "fold": 1, "actual_label": "Destroyed", "predicted_label": "Destroyed", "destroyed_probability": 0.7288, "destroyed_probability_pct": 72.9, "risk_class": "High", "prediction_correct": 1, "classification": "TP", "error_label": "Correct destroyed", "decision_confidence": 0.2188, "hazard_only_probability": 0.5944, "context_improved_prediction": 1, "context_hurt_prediction": 0, "terrain_model_probability": 0.7684, "terrain_model_disagreement": 1, "high_confidence_error": 0, "context_effect": "Context fixed hazard-only error", "longitude": -118.07613400002614, "latitude": 52.873161000016474 }, "geometry": { "type": "Polygon", "coordinates": [ [ [ -118.076241, 52.873152 ], [ -118.076119, 52.873226 ], [ -118.076027, 52.87317 ], [ -118.076149, 52.873096 ], [ -118.076241, 52.873152 ] ] ] } },
{ "type": "Feature", "properties": { "sequence_id": 510, "fold": 1, "actual_label": "Destroyed", "predicted_label": "Survived", "destroyed_probability": 0.3184, "destroyed_probability_pct": 31.8, "risk_class": "Low", "prediction_correct": 0, "classification": "FN", "error_label": "Missed destroyed", "decision_confidence": 0.1916, "hazard_only_probability": 0.5808, "context_improved_prediction": 0, "context_hurt_prediction": 0, "terrain_model_probability": 0.5078, "terrain_model_disagreement": 0, "high_confidence_error": 0, "context_effect": "Both models wrong", "longitude": -118.07667925287357, "latitude": 52.87296930783544 }, "geometry": { "type": "Polygon", "coordinates": [ [ [ -118.076469, 52.872902 ], [ -118.076597, 52.872835 ], [ -118.076889, 52.873036 ], [ -118.076762, 52.873104 ], [ -118.076469, 52.872902 ] ] ] } },
{ "type": "Feature", "properties": { "sequence_id": 511, "fold": 1, "actual_label": "Destroyed", "predicted_label": "Destroyed", "destroyed_probability": 0.6687, "destroyed_probability_pct": 66.9, "risk_class": "High", "prediction_correct": 1, "classification": "TP", "error_label": "Correct destroyed", "decision_confidence": 0.1587, "hazard_only_probability": 0.5765, "context_improved_prediction": 1, "context_hurt_prediction": 0, "terrain_model_probability": 0.7612, "terrain_model_disagreement": 1, "high_confidence_error": 0, "context_effect": "Context fixed hazard-only error", "longitude": -118.07679040159213, "latitude": 52.872839589622906 }, "geometry": { "type": "Polygon", "coordinates": [ [ [ -118.076814, 52.872871 ], [ -118.076742, 52.872821 ], [ -118.076766, 52.872808 ], [ -118.076839, 52.872858 ], [ -118.076814, 52.872871 ] ] ] } },
{ "type": "Feature", "properties": { "sequence_id": 512, "fold": 1, "actual_label": "Survived", "predicted_label": "Survived", "destroyed_probability": 0.4526, "destroyed_probability_pct": 45.3, "risk_class": "Moderate", "prediction_correct": 1, "classification": "TN", "error_label": "Correct survived", "decision_confidence": 0.0574, "hazard_only_probability": 0.6699, "context_improved_prediction": 0, "context_hurt_prediction": 0, "terrain_model_probability": 0.4902, "terrain_model_disagreement": 0, "high_confidence_error": 0, "context_effect": "Both models correct", "longitude": -118.07627267963645, "latitude": 52.872362254138601 }, "geometry": { "type": "Polygon", "coordinates": [ [ [ -118.076543, 52.872407 ], [ -118.076414, 52.872469 ], [ -118.076417, 52.872471 ], [ -118.07628, 52.872537 ], [ -118.076157, 52.872445 ], [ -118.076172, 52.872438 ], [ -118.076004, 52.87231 ], [ -118.076256, 52.872189 ], [ -118.076543, 52.872407 ] ] ] } },
{ "type": "Feature", "properties": { "sequence_id": 513, "fold": 1, "actual_label": "Destroyed", "predicted_label": "Destroyed", "destroyed_probability": 0.849, "destroyed_probability_pct": 84.9, "risk_class": "Very High", "prediction_correct": 1, "classification": "TP", "error_label": "Correct destroyed", "decision_confidence": 0.339, "hazard_only_probability": 0.8315, "context_improved_prediction": 1, "context_hurt_prediction": 0, "terrain_model_probability": 0.7357, "terrain_model_disagreement": 1, "high_confidence_error": 0, "context_effect": "Context fixed hazard-only error", "longitude": -118.07664649956708, "latitude": 52.872261500048893 }, "geometry": { "type": "Polygon", "coordinates": [ [ [ -118.076855, 52.872348 ], [ -118.076738, 52.872404 ], [ -118.076438, 52.872175 ], [ -118.076555, 52.872119 ], [ -118.076855, 52.872348 ] ] ] } },
{ "type": "Feature", "properties": { "sequence_id": 514, "fold": 3, "actual_label": "Survived", "predicted_label": "Destroyed", "destroyed_probability": 0.7088, "destroyed_probability_pct": 70.9, "risk_class": "High", "prediction_correct": 0, "classification": "FP", "error_label": "False alarm", "decision_confidence": 0.5238, "hazard_only_probability": 0.6269, "context_improved_prediction": 0, "context_hurt_prediction": 0, "terrain_model_probability": 0.7022, "terrain_model_disagreement": 0, "high_confidence_error": 1, "context_effect": "Both models wrong", "longitude": -118.07764036910308, "latitude": 52.872542066107926 }, "geometry": { "type": "Polygon", "coordinates": [ [ [ -118.07784, 52.872607 ], [ -118.077711, 52.872672 ], [ -118.077441, 52.872477 ], [ -118.077569, 52.872412 ], [ -118.07784, 52.872607 ] ] ] } },
{ "type": "Feature", "properties": { "sequence_id": 515, "fold": 3, "actual_label": "Destroyed", "predicted_label": "Destroyed", "destroyed_probability": 0.2291, "destroyed_probability_pct": 22.9, "risk_class": "Low", "prediction_correct": 1, "classification": "TP", "error_label": "Correct destroyed", "decision_confidence": 0.0441, "hazard_only_probability": 0.2283, "context_improved_prediction": 1, "context_hurt_prediction": 0, "terrain_model_probability": 0.5981, "terrain_model_disagreement": 0, "high_confidence_error": 0, "context_effect": "Context fixed hazard-only error", "longitude": -118.07735441790581, "latitude": 52.871919149196664 }, "geometry": { "type": "Polygon", "coordinates": [ [ [ -118.07731, 52.871819 ], [ -118.077516, 52.871954 ], [ -118.077399, 52.872019 ], [ -118.077193, 52.871885 ], [ -118.07731, 52.871819 ] ] ] } },
{ "type": "Feature", "properties": { "sequence_id": 516, "fold": 3, "actual_label": "Survived", "predicted_label": "Destroyed", "destroyed_probability": 0.5105, "destroyed_probability_pct": 51.1, "risk_class": "Moderate", "prediction_correct": 0, "classification": "FP", "error_label": "False alarm", "decision_confidence": 0.3255, "hazard_only_probability": 0.2756, "context_improved_prediction": 0, "context_hurt_prediction": 1, "terrain_model_probability": 0.3971, "terrain_model_disagreement": 0, "high_confidence_error": 0, "context_effect": "Context introduced error", "longitude": -118.07831950020494, "latitude": 52.87211150006128 }, "geometry": { "type": "Polygon", "coordinates": [ [ [ -118.078247, 52.872225 ], [ -118.078128, 52.872149 ], [ -118.078392, 52.871998 ], [ -118.078511, 52.872074 ], [ -118.078247, 52.872225 ] ] ] } },
{ "type": "Feature", "properties": { "sequence_id": 517, "fold": 3, "actual_label": "Destroyed", "predicted_label": "Destroyed", "destroyed_probability": 0.4403, "destroyed_probability_pct": 44.0, "risk_class": "Moderate", "prediction_correct": 1, "classification": "TP", "error_label": "Correct destroyed", "decision_confidence": 0.2553, "hazard_only_probability": 0.2038, "context_improved_prediction": 1, "context_hurt_prediction": 0, "terrain_model_probability": 0.947, "terrain_model_disagreement": 0, "high_confidence_error": 0, "context_effect": "Context fixed hazard-only error", "longitude": -118.077598423409, "latitude": 52.871740495658933 }, "geometry": { "type": "Polygon", "coordinates": [ [ [ -118.077889, 52.871787 ], [ -118.077728, 52.871872 ], [ -118.077588, 52.871775 ], [ -118.077448, 52.871849 ], [ -118.077303, 52.871749 ], [ -118.077604, 52.87159 ], [ -118.077889, 52.871787 ] ] ] } },
{ "type": "Feature", "properties": { "sequence_id": 518, "fold": 3, "actual_label": "Destroyed", "predicted_label": "Destroyed", "destroyed_probability": 0.5835, "destroyed_probability_pct": 58.3, "risk_class": "Moderate", "prediction_correct": 1, "classification": "TP", "error_label": "Correct destroyed", "decision_confidence": 0.3985, "hazard_only_probability": 0.4472, "context_improved_prediction": 0, "context_hurt_prediction": 0, "terrain_model_probability": 0.8531, "terrain_model_disagreement": 0, "high_confidence_error": 0, "context_effect": "Both models correct", "longitude": -118.07902542451265, "latitude": 52.872488654064817 }, "geometry": { "type": "Polygon", "coordinates": [ [ [ -118.079056, 52.872561 ], [ -118.078906, 52.872469 ], [ -118.078995, 52.872416 ], [ -118.079145, 52.872509 ], [ -118.079056, 52.872561 ] ] ] } },
{ "type": "Feature", "properties": { "sequence_id": 519, "fold": 3, "actual_label": "Destroyed", "predicted_label": "Destroyed", "destroyed_probability": 0.5057, "destroyed_probability_pct": 50.6, "risk_class": "Moderate", "prediction_correct": 1, "classification": "TP", "error_label": "Correct destroyed", "decision_confidence": 0.3207, "hazard_only_probability": 0.4335, "context_improved_prediction": 0, "context_hurt_prediction": 0, "terrain_model_probability": 0.335, "terrain_model_disagreement": 0, "high_confidence_error": 0, "context_effect": "Both models correct", "longitude": -118.07906866338008, "latitude": 52.87223781204132 }, "geometry": { "type": "Polygon", "coordinates": [ [ [ -118.078859, 52.872223 ], [ -118.078917, 52.872194 ], [ -118.07894, 52.87221 ], [ -118.079109, 52.872124 ], [ -118.079268, 52.872238 ], [ -118.07904, 52.872353 ], [ -118.078859, 52.872223 ] ] ] } },
{ "type": "Feature", "properties": { "sequence_id": 520, "fold": 1, "actual_label": "Destroyed", "predicted_label": "Destroyed", "destroyed_probability": 0.9944, "destroyed_probability_pct": 99.4, "risk_class": "Very High", "prediction_correct": 1, "classification": "TP", "error_label": "Correct destroyed", "decision_confidence": 0.4844, "hazard_only_probability": 0.9948, "context_improved_prediction": 0, "context_hurt_prediction": 0, "terrain_model_probability": 0.9912, "terrain_model_disagreement": 0, "high_confidence_error": 0, "context_effect": "Both models correct", "longitude": -118.09956411018827, "latitude": 52.868451195692607 }, "geometry": { "type": "Polygon", "coordinates": [ [ [ -118.099743, 52.868645 ], [ -118.09949, 52.868664 ], [ -118.099454, 52.868489 ], [ -118.0994, 52.868493 ], [ -118.099373, 52.868365 ], [ -118.099333, 52.868368 ], [ -118.099326, 52.868332 ], [ -118.099392, 52.868327 ], [ -118.099384, 52.868288 ], [ -118.099731, 52.868261 ], [ -118.099744, 52.868326 ], [ -118.099677, 52.868331 ], [ -118.099743, 52.868645 ] ] ] } },
{ "type": "Feature", "properties": { "sequence_id": 521, "fold": 3, "actual_label": "Destroyed", "predicted_label": "Destroyed", "destroyed_probability": 0.9866, "destroyed_probability_pct": 98.7, "risk_class": "Very High", "prediction_correct": 1, "classification": "TP", "error_label": "Correct destroyed", "decision_confidence": 0.8016, "hazard_only_probability": 0.9432, "context_improved_prediction": 0, "context_hurt_prediction": 0, "terrain_model_probability": 0.9866, "terrain_model_disagreement": 0, "high_confidence_error": 0, "context_effect": "Both models correct", "longitude": -118.09878419841402, "latitude": 52.868535776727015 }, "geometry": { "type": "Polygon", "coordinates": [ [ [ -118.098519, 52.868465 ], [ -118.098502, 52.868417 ], [ -118.098585, 52.868406 ], [ -118.0986, 52.868447 ], [ -118.098674, 52.868437 ], [ -118.098655, 52.868382 ], [ -118.098868, 52.868355 ], [ -118.098884, 52.868401 ], [ -118.098955, 52.868392 ], [ -118.098968, 52.86843 ], [ -118.098933, 52.868435 ], [ -118.09896, 52.868509 ], [ -118.098983, 52.868506 ], [ -118.099, 52.868553 ], [ -118.098961, 52.868558 ], [ -118.098978, 52.868606 ], [ -118.098906, 52.868616 ], [ -118.09893, 52.868682 ], [ -118.098825, 52.868696 ], [ -118.098837, 52.86873 ], [ -118.098701, 52.868747 ], [ -118.098597, 52.868455 ], [ -118.098519, 52.868465 ] ] ] } },
{ "type": "Feature", "properties": { "sequence_id": 522, "fold": 3, "actual_label": "Destroyed", "predicted_label": "Destroyed", "destroyed_probability": 0.9927, "destroyed_probability_pct": 99.3, "risk_class": "Very High", "prediction_correct": 1, "classification": "TP", "error_label": "Correct destroyed", "decision_confidence": 0.8077, "hazard_only_probability": 0.9425, "context_improved_prediction": 0, "context_hurt_prediction": 0, "terrain_model_probability": 0.9892, "terrain_model_disagreement": 0, "high_confidence_error": 0, "context_effect": "Both models correct", "longitude": -118.09891386160031, "latitude": 52.868871724454394 }, "geometry": { "type": "Polygon", "coordinates": [ [ [ -118.098938, 52.868764 ], [ -118.098979, 52.868822 ], [ -118.098995, 52.868832 ], [ -118.099013, 52.868859 ], [ -118.099055, 52.868871 ], [ -118.099163, 52.868944 ], [ -118.099168, 52.868951 ], [ -118.099133, 52.86897 ], [ -118.099104, 52.868977 ], [ -118.099061, 52.868948 ], [ -118.099002, 52.868963 ], [ -118.098959, 52.868987 ], [ -118.098916, 52.868998 ], [ -118.09887, 52.868967 ], [ -118.098865, 52.86896 ], [ -118.098793, 52.868911 ], [ -118.098777, 52.868889 ], [ -118.098761, 52.868873 ], [ -118.098708, 52.868798 ], [ -118.098757, 52.868772 ], [ -118.098897, 52.868736 ], [ -118.098938, 52.868764 ] ] ] } },
{ "type": "Feature", "properties": { "sequence_id": 523, "fold": 3, "actual_label": "Destroyed", "predicted_label": "Destroyed", "destroyed_probability": 0.7296, "destroyed_probability_pct": 73.0, "risk_class": "High", "prediction_correct": 1, "classification": "TP", "error_label": "Correct destroyed", "decision_confidence": 0.5446, "hazard_only_probability": 0.5032, "context_improved_prediction": 0, "context_hurt_prediction": 0, "terrain_model_probability": 0.1271, "terrain_model_disagreement": 0, "high_confidence_error": 0, "context_effect": "Both models correct", "longitude": -118.087492, "latitude": 52.874210499982929 }, "geometry": { "type": "Polygon", "coordinates": [ [ [ -118.087562, 52.87414 ], [ -118.087562, 52.874281 ], [ -118.087422, 52.874281 ], [ -118.087422, 52.87414 ], [ -118.087562, 52.87414 ] ] ] } },
{ "type": "Feature", "properties": { "sequence_id": 524, "fold": 3, "actual_label": "Destroyed", "predicted_label": "Destroyed", "destroyed_probability": 0.6087, "destroyed_probability_pct": 60.9, "risk_class": "High", "prediction_correct": 1, "classification": "TP", "error_label": "Correct destroyed", "decision_confidence": 0.4237, "hazard_only_probability": 0.4904, "context_improved_prediction": 0, "context_hurt_prediction": 0, "terrain_model_probability": 0.08, "terrain_model_disagreement": 0, "high_confidence_error": 0, "context_effect": "Both models correct", "longitude": -118.08793607307642, "latitude": 52.87423490077159 }, "geometry": { "type": "Polygon", "coordinates": [ [ [ -118.087852, 52.874268 ], [ -118.087855, 52.874179 ], [ -118.088008, 52.874181 ], [ -118.088003, 52.874307 ], [ -118.087931, 52.874306 ], [ -118.087932, 52.874269 ], [ -118.087852, 52.874268 ] ] ] } },
{ "type": "Feature", "properties": { "sequence_id": 525, "fold": 2, "actual_label": "Survived", "predicted_label": "Destroyed", "destroyed_probability": 0.7643, "destroyed_probability_pct": 76.4, "risk_class": "High", "prediction_correct": 0, "classification": "FP", "error_label": "False alarm", "decision_confidence": 0.4243, "hazard_only_probability": 0.5199, "context_improved_prediction": 0, "context_hurt_prediction": 0, "terrain_model_probability": 0.7435, "terrain_model_disagreement": 0, "high_confidence_error": 0, "context_effect": "Both models wrong", "longitude": -118.08914750000757, "latitude": 52.874347000002196 }, "geometry": { "type": "Polygon", "coordinates": [ [ [ -118.089221, 52.874309 ], [ -118.089197, 52.874397 ], [ -118.089074, 52.874385 ], [ -118.089098, 52.874297 ], [ -118.089221, 52.874309 ] ] ] } },
{ "type": "Feature", "properties": { "sequence_id": 526, "fold": 2, "actual_label": "Survived", "predicted_label": "Destroyed", "destroyed_probability": 0.6388, "destroyed_probability_pct": 63.9, "risk_class": "High", "prediction_correct": 0, "classification": "FP", "error_label": "False alarm", "decision_confidence": 0.2988, "hazard_only_probability": 0.4586, "context_improved_prediction": 0, "context_hurt_prediction": 0, "terrain_model_probability": 0.5143, "terrain_model_disagreement": 1, "high_confidence_error": 0, "context_effect": "Both models wrong", "longitude": -118.08984850000138, "latitude": 52.874003000056902 }, "geometry": { "type": "Polygon", "coordinates": [ [ [ -118.089721, 52.873964 ], [ -118.089976, 52.873964 ], [ -118.089976, 52.874042 ], [ -118.089721, 52.874042 ], [ -118.089721, 52.873964 ] ] ] } },
{ "type": "Feature", "properties": { "sequence_id": 527, "fold": 2, "actual_label": "Survived", "predicted_label": "Destroyed", "destroyed_probability": 0.6768, "destroyed_probability_pct": 67.7, "risk_class": "High", "prediction_correct": 0, "classification": "FP", "error_label": "False alarm", "decision_confidence": 0.3368, "hazard_only_probability": 0.3248, "context_improved_prediction": 0, "context_hurt_prediction": 0, "terrain_model_probability": 0.641, "terrain_model_disagreement": 1, "high_confidence_error": 0, "context_effect": "Both models wrong", "longitude": -118.09013680135992, "latitude": 52.873966560239921 }, "geometry": { "type": "Polygon", "coordinates": [ [ [ -118.090176, 52.873892 ], [ -118.090241, 52.874013 ], [ -118.090097, 52.874041 ], [ -118.090033, 52.87392 ], [ -118.090176, 52.873892 ] ] ] } },
{ "type": "Feature", "properties": { "sequence_id": 528, "fold": 2, "actual_label": "Survived", "predicted_label": "Destroyed", "destroyed_probability": 0.6666, "destroyed_probability_pct": 66.7, "risk_class": "High", "prediction_correct": 0, "classification": "FP", "error_label": "False alarm", "decision_confidence": 0.3266, "hazard_only_probability": 0.3246, "context_improved_prediction": 0, "context_hurt_prediction": 0, "terrain_model_probability": 0.5999, "terrain_model_disagreement": 1, "high_confidence_error": 0, "context_effect": "Both models wrong", "longitude": -118.09033208878292, "latitude": 52.873930554383882 }, "geometry": { "type": "Polygon", "coordinates": [ [ [ -118.090196, 52.873831 ], [ -118.090296, 52.87381 ], [ -118.090375, 52.873946 ], [ -118.090451, 52.87393 ], [ -118.090491, 52.873998 ], [ -118.090326, 52.874033 ], [ -118.090286, 52.873964 ], [ -118.090274, 52.873966 ], [ -118.090196, 52.873831 ] ] ] } },
{ "type": "Feature", "properties": { "sequence_id": 529, "fold": 2, "actual_label": "Survived", "predicted_label": "Destroyed", "destroyed_probability": 0.607, "destroyed_probability_pct": 60.7, "risk_class": "High", "prediction_correct": 0, "classification": "FP", "error_label": "False alarm", "decision_confidence": 0.267, "hazard_only_probability": 0.3182, "context_improved_prediction": 0, "context_hurt_prediction": 0, "terrain_model_probability": 0.7786, "terrain_model_disagreement": 0, "high_confidence_error": 0, "context_effect": "Both models wrong", "longitude": -118.09011650000025, "latitude": 52.874368500009076 }, "geometry": { "type": "Polygon", "coordinates": [ [ [ -118.090188, 52.874328 ], [ -118.090188, 52.874409 ], [ -118.090045, 52.874409 ], [ -118.090045, 52.874328 ], [ -118.090188, 52.874328 ] ] ] } },
{ "type": "Feature", "properties": { "sequence_id": 530, "fold": 2, "actual_label": "Survived", "predicted_label": "Destroyed", "destroyed_probability": 0.4788, "destroyed_probability_pct": 47.9, "risk_class": "Moderate", "prediction_correct": 0, "classification": "FP", "error_label": "False alarm", "decision_confidence": 0.1388, "hazard_only_probability": 0.2082, "context_improved_prediction": 0, "context_hurt_prediction": 1, "terrain_model_probability": 0.6144, "terrain_model_disagreement": 1, "high_confidence_error": 0, "context_effect": "Context introduced error", "longitude": -118.0903430000033, "latitude": 52.874366500022553 }, "geometry": { "type": "Polygon", "coordinates": [ [ [ -118.090428, 52.874319 ], [ -118.090442, 52.874403 ], [ -118.090258, 52.874414 ], [ -118.090244, 52.87433 ], [ -118.090428, 52.874319 ] ] ] } },
{ "type": "Feature", "properties": { "sequence_id": 531, "fold": 2, "actual_label": "Survived", "predicted_label": "Destroyed", "destroyed_probability": 0.6956, "destroyed_probability_pct": 69.6, "risk_class": "High", "prediction_correct": 0, "classification": "FP", "error_label": "False alarm", "decision_confidence": 0.3556, "hazard_only_probability": 0.3088, "context_improved_prediction": 0, "context_hurt_prediction": 0, "terrain_model_probability": 0.3815, "terrain_model_disagreement": 1, "high_confidence_error": 0, "context_effect": "Both models wrong", "longitude": -118.09104599998061, "latitude": 52.874295499998873 }, "geometry": { "type": "Polygon", "coordinates": [ [ [ -118.091129, 52.874338 ], [ -118.091005, 52.874357 ], [ -118.090963, 52.874253 ], [ -118.091087, 52.874234 ], [ -118.091129, 52.874338 ] ] ] } },
{ "type": "Feature", "properties": { "sequence_id": 532, "fold": 2, "actual_label": "Survived", "predicted_label": "Destroyed", "destroyed_probability": 0.6639, "destroyed_probability_pct": 66.4, "risk_class": "High", "prediction_correct": 0, "classification": "FP", "error_label": "False alarm", "decision_confidence": 0.3239, "hazard_only_probability": 0.2875, "context_improved_prediction": 0, "context_hurt_prediction": 1, "terrain_model_probability": 0.2693, "terrain_model_disagreement": 1, "high_confidence_error": 0, "context_effect": "Context introduced error", "longitude": -118.09126975499161, "latitude": 52.874275078894968 }, "geometry": { "type": "Polygon", "coordinates": [ [ [ -118.091338, 52.874206 ], [ -118.091345, 52.874342 ], [ -118.091201, 52.874344 ], [ -118.091195, 52.874208 ], [ -118.091338, 52.874206 ] ] ] } },
{ "type": "Feature", "properties": { "sequence_id": 533, "fold": 2, "actual_label": "Survived", "predicted_label": "Destroyed", "destroyed_probability": 0.3528, "destroyed_probability_pct": 35.3, "risk_class": "Low", "prediction_correct": 0, "classification": "FP", "error_label": "False alarm", "decision_confidence": 0.0128, "hazard_only_probability": 0.0797, "context_improved_prediction": 0, "context_hurt_prediction": 1, "terrain_model_probability": 0.3737, "terrain_model_disagreement": 1, "high_confidence_error": 0, "context_effect": "Context introduced error", "longitude": -118.09199750002504, "latitude": 52.874031500024117 }, "geometry": { "type": "Polygon", "coordinates": [ [ [ -118.092037, 52.873964 ], [ -118.092117, 52.874035 ], [ -118.091958, 52.874099 ], [ -118.091878, 52.874028 ], [ -118.092037, 52.873964 ] ] ] } },
{ "type": "Feature", "properties": { "sequence_id": 534, "fold": 2, "actual_label": "Survived", "predicted_label": "Survived", "destroyed_probability": 0.317, "destroyed_probability_pct": 31.7, "risk_class": "Low", "prediction_correct": 1, "classification": "TN", "error_label": "Correct survived", "decision_confidence": 0.023, "hazard_only_probability": 0.0596, "context_improved_prediction": 0, "context_hurt_prediction": 0, "terrain_model_probability": 0.3013, "terrain_model_disagreement": 0, "high_confidence_error": 0, "context_effect": "Both models correct", "longitude": -118.09222199998788, "latitude": 52.87397300003046 }, "geometry": { "type": "Polygon", "coordinates": [ [ [ -118.092193, 52.874064 ], [ -118.092072, 52.873954 ], [ -118.092251, 52.873882 ], [ -118.092372, 52.873992 ], [ -118.092193, 52.874064 ] ] ] } },
{ "type": "Feature", "properties": { "sequence_id": 535, "fold": 2, "actual_label": "Survived", "predicted_label": "Survived", "destroyed_probability": 0.2201, "destroyed_probability_pct": 22.0, "risk_class": "Low", "prediction_correct": 1, "classification": "TN", "error_label": "Correct survived", "decision_confidence": 0.1199, "hazard_only_probability": 0.0245, "context_improved_prediction": 0, "context_hurt_prediction": 0, "terrain_model_probability": 0.1544, "terrain_model_disagreement": 0, "high_confidence_error": 0, "context_effect": "Both models correct", "longitude": -118.09240600001299, "latitude": 52.873879000024253 }, "geometry": { "type": "Polygon", "coordinates": [ [ [ -118.092441, 52.873806 ], [ -118.092531, 52.873888 ], [ -118.092371, 52.873952 ], [ -118.092281, 52.87387 ], [ -118.092441, 52.873806 ] ] ] } },
{ "type": "Feature", "properties": { "sequence_id": 536, "fold": 2, "actual_label": "Survived", "predicted_label": "Survived", "destroyed_probability": 0.2871, "destroyed_probability_pct": 28.7, "risk_class": "Low", "prediction_correct": 1, "classification": "TN", "error_label": "Correct survived", "decision_confidence": 0.0529, "hazard_only_probability": 0.0379, "context_improved_prediction": 0, "context_hurt_prediction": 0, "terrain_model_probability": 0.426, "terrain_model_disagreement": 0, "high_confidence_error": 0, "context_effect": "Both models correct", "longitude": -118.0926, "latitude": 52.873784000021224 }, "geometry": { "type": "Polygon", "coordinates": [ [ [ -118.092695, 52.873831 ], [ -118.092505, 52.873831 ], [ -118.092505, 52.873737 ], [ -118.092695, 52.873737 ], [ -118.092695, 52.873831 ] ] ] } },
{ "type": "Feature", "properties": { "sequence_id": 537, "fold": 2, "actual_label": "Survived", "predicted_label": "Survived", "destroyed_probability": 0.3125, "destroyed_probability_pct": 31.3, "risk_class": "Low", "prediction_correct": 1, "classification": "TN", "error_label": "Correct survived", "decision_confidence": 0.0275, "hazard_only_probability": 0.0398, "context_improved_prediction": 0, "context_hurt_prediction": 0, "terrain_model_probability": 0.5734, "terrain_model_disagreement": 0, "high_confidence_error": 0, "context_effect": "Both models correct", "longitude": -118.09281100002886, "latitude": 52.873719000019982 }, "geometry": { "type": "Polygon", "coordinates": [ [ [ -118.092796, 52.87379 ], [ -118.092693, 52.873728 ], [ -118.092826, 52.873648 ], [ -118.092929, 52.87371 ], [ -118.092796, 52.87379 ] ] ] } },
{ "type": "Feature", "properties": { "sequence_id": 538, "fold": 2, "actual_label": "Survived", "predicted_label": "Destroyed", "destroyed_probability": 0.485, "destroyed_probability_pct": 48.5, "risk_class": "Moderate", "prediction_correct": 0, "classification": "FP", "error_label": "False alarm", "decision_confidence": 0.145, "hazard_only_probability": 0.065, "context_improved_prediction": 0, "context_hurt_prediction": 1, "terrain_model_probability": 0.6848, "terrain_model_disagreement": 1, "high_confidence_error": 0, "context_effect": "Context introduced error", "longitude": -118.09294050003719, "latitude": 52.873599500020354 }, "geometry": { "type": "Polygon", "coordinates": [ [ [ -118.093059, 52.873588 ], [ -118.092921, 52.873671 ], [ -118.092822, 52.873611 ], [ -118.09296, 52.873528 ], [ -118.093059, 52.873588 ] ] ] } },
{ "type": "Feature", "properties": { "sequence_id": 539, "fold": 2, "actual_label": "Survived", "predicted_label": "Destroyed", "destroyed_probability": 0.4109, "destroyed_probability_pct": 41.1, "risk_class": "Moderate", "prediction_correct": 0, "classification": "FP", "error_label": "False alarm", "decision_confidence": 0.0709, "hazard_only_probability": 0.0651, "context_improved_prediction": 0, "context_hurt_prediction": 1, "terrain_model_probability": 0.6097, "terrain_model_disagreement": 1, "high_confidence_error": 0, "context_effect": "Context introduced error", "longitude": -118.09311783656429, "latitude": 52.873506980117163 }, "geometry": { "type": "Polygon", "coordinates": [ [ [ -118.093246, 52.873492 ], [ -118.093105, 52.873585 ], [ -118.09299, 52.873522 ], [ -118.09313, 52.873429 ], [ -118.093246, 52.873492 ] ] ] } },
{ "type": "Feature", "properties": { "sequence_id": 540, "fold": 2, "actual_label": "Survived", "predicted_label": "Survived", "destroyed_probability": 0.0121, "destroyed_probability_pct": 1.2, "risk_class": "Very Low", "prediction_correct": 1, "classification": "TN", "error_label": "Correct survived", "decision_confidence": 0.3279, "hazard_only_probability": 0.0261, "context_improved_prediction": 0, "context_hurt_prediction": 0, "terrain_model_probability": 0.0166, "terrain_model_disagreement": 0, "high_confidence_error": 0, "context_effect": "Both models correct", "longitude": -118.08421506660845, "latitude": 52.877472753432116 }, "geometry": { "type": "Polygon", "coordinates": [ [ [ -118.084092, 52.877513 ], [ -118.084131, 52.877405 ], [ -118.084338, 52.877433 ], [ -118.0843, 52.87754 ], [ -118.084092, 52.877513 ] ] ] } },
{ "type": "Feature", "properties": { "sequence_id": 541, "fold": 2, "actual_label": "Survived", "predicted_label": "Survived", "destroyed_probability": 0.0101, "destroyed_probability_pct": 1.0, "risk_class": "Very Low", "prediction_correct": 1, "classification": "TN", "error_label": "Correct survived", "decision_confidence": 0.3299, "hazard_only_probability": 0.0261, "context_improved_prediction": 0, "context_hurt_prediction": 0, "terrain_model_probability": 0.0082, "terrain_model_disagreement": 0, "high_confidence_error": 0, "context_effect": "Both models correct", "longitude": -118.08427075488547, "latitude": 52.877346962933061 }, "geometry": { "type": "Polygon", "coordinates": [ [ [ -118.084397, 52.877294 ], [ -118.084391, 52.877404 ], [ -118.084145, 52.8774 ], [ -118.08415, 52.87729 ], [ -118.084397, 52.877294 ] ] ] } },
{ "type": "Feature", "properties": { "sequence_id": 542, "fold": 2, "actual_label": "Survived", "predicted_label": "Survived", "destroyed_probability": 0.0184, "destroyed_probability_pct": 1.8, "risk_class": "Very Low", "prediction_correct": 1, "classification": "TN", "error_label": "Correct survived", "decision_confidence": 0.3216, "hazard_only_probability": 0.0283, "context_improved_prediction": 0, "context_hurt_prediction": 0, "terrain_model_probability": 0.0114, "terrain_model_disagreement": 0, "high_confidence_error": 0, "context_effect": "Both models correct", "longitude": -118.08434200001318, "latitude": 52.877232 }, "geometry": { "type": "Polygon", "coordinates": [ [ [ -118.084421, 52.877189 ], [ -118.08439, 52.877289 ], [ -118.084263, 52.877275 ], [ -118.084294, 52.877175 ], [ -118.084421, 52.877189 ] ] ] } },
{ "type": "Feature", "properties": { "sequence_id": 543, "fold": 3, "actual_label": "Survived", "predicted_label": "Survived", "destroyed_probability": 0.0017, "destroyed_probability_pct": 0.2, "risk_class": "Very Low", "prediction_correct": 1, "classification": "TN", "error_label": "Correct survived", "decision_confidence": 0.1833, "hazard_only_probability": 0.0158, "context_improved_prediction": 0, "context_hurt_prediction": 0, "terrain_model_probability": 0.0047, "terrain_model_disagreement": 0, "high_confidence_error": 0, "context_effect": "Both models correct", "longitude": -118.08537150002002, "latitude": 52.876432500005741 }, "geometry": { "type": "Polygon", "coordinates": [ [ [ -118.085348, 52.876374 ], [ -118.08546, 52.876405 ], [ -118.085395, 52.876491 ], [ -118.085283, 52.87646 ], [ -118.085348, 52.876374 ] ] ] } },
{ "type": "Feature", "properties": { "sequence_id": 544, "fold": 3, "actual_label": "Survived", "predicted_label": "Survived", "destroyed_probability": 0.035, "destroyed_probability_pct": 3.5, "risk_class": "Very Low", "prediction_correct": 1, "classification": "TN", "error_label": "Correct survived", "decision_confidence": 0.15, "hazard_only_probability": 0.3657, "context_improved_prediction": 1, "context_hurt_prediction": 0, "terrain_model_probability": 0.0117, "terrain_model_disagreement": 0, "high_confidence_error": 0, "context_effect": "Context fixed hazard-only error", "longitude": -118.08479855239392, "latitude": 52.875475251245028 }, "geometry": { "type": "Polygon", "coordinates": [ [ [ -118.084635, 52.875395 ], [ -118.084805, 52.875359 ], [ -118.084861, 52.875458 ], [ -118.084933, 52.875443 ], [ -118.084984, 52.875533 ], [ -118.084742, 52.875583 ], [ -118.084635, 52.875395 ] ] ] } },
{ "type": "Feature", "properties": { "sequence_id": 545, "fold": 3, "actual_label": "Destroyed", "predicted_label": "Destroyed", "destroyed_probability": 0.5058, "destroyed_probability_pct": 50.6, "risk_class": "Moderate", "prediction_correct": 1, "classification": "TP", "error_label": "Correct destroyed", "decision_confidence": 0.3208, "hazard_only_probability": 0.5818, "context_improved_prediction": 0, "context_hurt_prediction": 0, "terrain_model_probability": 0.0601, "terrain_model_disagreement": 0, "high_confidence_error": 0, "context_effect": "Both models correct", "longitude": -118.08653235072065, "latitude": 52.874235186706841 }, "geometry": { "type": "Polygon", "coordinates": [ [ [ -118.086539, 52.874176 ], [ -118.086629, 52.874246 ], [ -118.086525, 52.874294 ], [ -118.086436, 52.874225 ], [ -118.086539, 52.874176 ] ] ] } },
{ "type": "Feature", "properties": { "sequence_id": 546, "fold": 3, "actual_label": "Destroyed", "predicted_label": "Destroyed", "destroyed_probability": 0.7832, "destroyed_probability_pct": 78.3, "risk_class": "High", "prediction_correct": 1, "classification": "TP", "error_label": "Correct destroyed", "decision_confidence": 0.5982, "hazard_only_probability": 0.5032, "context_improved_prediction": 0, "context_hurt_prediction": 0, "terrain_model_probability": 0.0716, "terrain_model_disagreement": 0, "high_confidence_error": 0, "context_effect": "Both models correct", "longitude": -118.0872735000001, "latitude": 52.874223000001315 }, "geometry": { "type": "Polygon", "coordinates": [ [ [ -118.087339, 52.874176 ], [ -118.087339, 52.87427 ], [ -118.087208, 52.87427 ], [ -118.087208, 52.874176 ], [ -118.087339, 52.874176 ] ] ] } },
{ "type": "Feature", "properties": { "sequence_id": 547, "fold": 3, "actual_label": "Destroyed", "predicted_label": "Survived", "destroyed_probability": 0.026, "destroyed_probability_pct": 2.6, "risk_class": "Very Low", "prediction_correct": 0, "classification": "FN", "error_label": "Missed destroyed", "decision_confidence": 0.159, "hazard_only_probability": 0.0367, "context_improved_prediction": 0, "context_hurt_prediction": 0, "terrain_model_probability": 0.1404, "terrain_model_disagreement": 1, "high_confidence_error": 0, "context_effect": "Both models wrong", "longitude": -118.08663222283678, "latitude": 52.873839963170738 }, "geometry": { "type": "Polygon", "coordinates": [ [ [ -118.086602, 52.87386 ], [ -118.086593, 52.873827 ], [ -118.086663, 52.87382 ], [ -118.086671, 52.873853 ], [ -118.086602, 52.87386 ] ] ] } },
{ "type": "Feature", "properties": { "sequence_id": 548, "fold": 2, "actual_label": "Survived", "predicted_label": "Destroyed", "destroyed_probability": 0.9107, "destroyed_probability_pct": 91.1, "risk_class": "Very High", "prediction_correct": 0, "classification": "FP", "error_label": "False alarm", "decision_confidence": 0.5707, "hazard_only_probability": 0.9097, "context_improved_prediction": 0, "context_hurt_prediction": 0, "terrain_model_probability": 0.7128, "terrain_model_disagreement": 1, "high_confidence_error": 1, "context_effect": "Both models wrong", "longitude": -118.08905208378197, "latitude": 52.873795695056657 }, "geometry": { "type": "Polygon", "coordinates": [ [ [ -118.089102, 52.873713 ], [ -118.089179, 52.873839 ], [ -118.089002, 52.873878 ], [ -118.088925, 52.873753 ], [ -118.089102, 52.873713 ] ] ] } },
{ "type": "Feature", "properties": { "sequence_id": 549, "fold": 3, "actual_label": "Destroyed", "predicted_label": "Survived", "destroyed_probability": 0.0319, "destroyed_probability_pct": 3.2, "risk_class": "Very Low", "prediction_correct": 0, "classification": "FN", "error_label": "Missed destroyed", "decision_confidence": 0.1531, "hazard_only_probability": 0.0238, "context_improved_prediction": 0, "context_hurt_prediction": 0, "terrain_model_probability": 0.1185, "terrain_model_disagreement": 1, "high_confidence_error": 0, "context_effect": "Both models wrong", "longitude": -118.08685850004737, "latitude": 52.873812000062209 }, "geometry": { "type": "Polygon", "coordinates": [ [ [ -118.086748, 52.873882 ], [ -118.086702, 52.873791 ], [ -118.086969, 52.873742 ], [ -118.087015, 52.873833 ], [ -118.086748, 52.873882 ] ] ] } },
{ "type": "Feature", "properties": { "sequence_id": 550, "fold": 2, "actual_label": "Survived", "predicted_label": "Destroyed", "destroyed_probability": 0.8203, "destroyed_probability_pct": 82.0, "risk_class": "Very High", "prediction_correct": 0, "classification": "FP", "error_label": "False alarm", "decision_confidence": 0.4803, "hazard_only_probability": 0.5217, "context_improved_prediction": 0, "context_hurt_prediction": 0, "terrain_model_probability": 0.7054, "terrain_model_disagreement": 1, "high_confidence_error": 1, "context_effect": "Both models wrong", "longitude": -118.08926949995512, "latitude": 52.873748500000836 }, "geometry": { "type": "Polygon", "coordinates": [ [ [ -118.089313, 52.873665 ], [ -118.089386, 52.873801 ], [ -118.089226, 52.873832 ], [ -118.089153, 52.873696 ], [ -118.089313, 52.873665 ] ] ] } },
{ "type": "Feature", "properties": { "sequence_id": 551, "fold": 3, "actual_label": "Destroyed", "predicted_label": "Survived", "destroyed_probability": 0.0241, "destroyed_probability_pct": 2.4, "risk_class": "Very Low", "prediction_correct": 0, "classification": "FN", "error_label": "Missed destroyed", "decision_confidence": 0.1609, "hazard_only_probability": 0.0218, "context_improved_prediction": 0, "context_hurt_prediction": 0, "terrain_model_probability": 0.1231, "terrain_model_disagreement": 1, "high_confidence_error": 0, "context_effect": "Both models wrong", "longitude": -118.08716225120915, "latitude": 52.873781165053217 }, "geometry": { "type": "Polygon", "coordinates": [ [ [ -118.087149, 52.873868 ], [ -118.087118, 52.873813 ], [ -118.087067, 52.873823 ], [ -118.087019, 52.873737 ], [ -118.087215, 52.873697 ], [ -118.087295, 52.873838 ], [ -118.087149, 52.873868 ] ] ] } },
{ "type": "Feature", "properties": { "sequence_id": 552, "fold": 2, "actual_label": "Survived", "predicted_label": "Destroyed", "destroyed_probability": 0.7754, "destroyed_probability_pct": 77.5, "risk_class": "High", "prediction_correct": 0, "classification": "FP", "error_label": "False alarm", "decision_confidence": 0.4354, "hazard_only_probability": 0.3463, "context_improved_prediction": 0, "context_hurt_prediction": 0, "terrain_model_probability": 0.6586, "terrain_model_disagreement": 1, "high_confidence_error": 0, "context_effect": "Both models wrong", "longitude": -118.08946608599332, "latitude": 52.873687277023166 }, "geometry": { "type": "Polygon", "coordinates": [ [ [ -118.08951, 52.873628 ], [ -118.089567, 52.87371 ], [ -118.089423, 52.873747 ], [ -118.089365, 52.873664 ], [ -118.08951, 52.873628 ] ] ] } },
{ "type": "Feature", "properties": { "sequence_id": 553, "fold": 3, "actual_label": "Destroyed", "predicted_label": "Survived", "destroyed_probability": 0.0134, "destroyed_probability_pct": 1.3, "risk_class": "Very Low", "prediction_correct": 0, "classification": "FN", "error_label": "Missed destroyed", "decision_confidence": 0.1716, "hazard_only_probability": 0.0145, "context_improved_prediction": 0, "context_hurt_prediction": 0, "terrain_model_probability": 0.0098, "terrain_model_disagreement": 0, "high_confidence_error": 0, "context_effect": "Both models wrong", "longitude": -118.08738543318616, "latitude": 52.873723359058992 }, "geometry": { "type": "Polygon", "coordinates": [ [ [ -118.08725, 52.873677 ], [ -118.087412, 52.87364 ], [ -118.087505, 52.873787 ], [ -118.08739, 52.873814 ], [ -118.087334, 52.873727 ], [ -118.087288, 52.873737 ], [ -118.08725, 52.873677 ] ] ] } },
{ "type": "Feature", "properties": { "sequence_id": 554, "fold": 2, "actual_label": "Survived", "predicted_label": "Destroyed", "destroyed_probability": 0.7743, "destroyed_probability_pct": 77.4, "risk_class": "High", "prediction_correct": 0, "classification": "FP", "error_label": "False alarm", "decision_confidence": 0.4343, "hazard_only_probability": 0.4263, "context_improved_prediction": 0, "context_hurt_prediction": 0, "terrain_model_probability": 0.7436, "terrain_model_disagreement": 0, "high_confidence_error": 0, "context_effect": "Both models wrong", "longitude": -118.08969586804803, "latitude": 52.873654767369516 }, "geometry": { "type": "Polygon", "coordinates": [ [ [ -118.089784, 52.873699 ], [ -118.089661, 52.87372 ], [ -118.089608, 52.873611 ], [ -118.08973, 52.873589 ], [ -118.089784, 52.873699 ] ] ] } },
{ "type": "Feature", "properties": { "sequence_id": 555, "fold": 3, "actual_label": "Destroyed", "predicted_label": "Survived", "destroyed_probability": 0.0225, "destroyed_probability_pct": 2.2, "risk_class": "Very Low", "prediction_correct": 0, "classification": "FN", "error_label": "Missed destroyed", "decision_confidence": 0.1625, "hazard_only_probability": 0.0143, "context_improved_prediction": 0, "context_hurt_prediction": 0, "terrain_model_probability": 0.0058, "terrain_model_disagreement": 0, "high_confidence_error": 0, "context_effect": "Both models wrong", "longitude": -118.08780879171137, "latitude": 52.873658545750189 }, "geometry": { "type": "Polygon", "coordinates": [ [ [ -118.087869, 52.873592 ], [ -118.087917, 52.873698 ], [ -118.087748, 52.873725 ], [ -118.087701, 52.873619 ], [ -118.087869, 52.873592 ] ] ] } },
{ "type": "Feature", "properties": { "sequence_id": 556, "fold": 3, "actual_label": "Destroyed", "predicted_label": "Survived", "destroyed_probability": 0.0157, "destroyed_probability_pct": 1.6, "risk_class": "Very Low", "prediction_correct": 0, "classification": "FN", "error_label": "Missed destroyed", "decision_confidence": 0.1693, "hazard_only_probability": 0.0132, "context_improved_prediction": 0, "context_hurt_prediction": 0, "terrain_model_probability": 0.0032, "terrain_model_disagreement": 0, "high_confidence_error": 0, "context_effect": "Both models wrong", "longitude": -118.08802799998257, "latitude": 52.873612500002835 }, "geometry": { "type": "Polygon", "coordinates": [ [ [ -118.088075, 52.87355 ], [ -118.088119, 52.873654 ], [ -118.087981, 52.873675 ], [ -118.087937, 52.873571 ], [ -118.088075, 52.87355 ] ] ] } },
{ "type": "Feature", "properties": { "sequence_id": 557, "fold": 3, "actual_label": "Destroyed", "predicted_label": "Survived", "destroyed_probability": 0.0422, "destroyed_probability_pct": 4.2, "risk_class": "Very Low", "prediction_correct": 0, "classification": "FN", "error_label": "Missed destroyed", "decision_confidence": 0.1428, "hazard_only_probability": 0.0097, "context_improved_prediction": 0, "context_hurt_prediction": 0, "terrain_model_probability": 0.0069, "terrain_model_disagreement": 0, "high_confidence_error": 0, "context_effect": "Both models wrong", "longitude": -118.0882694999747, "latitude": 52.873559000004619 }, "geometry": { "type": "Polygon", "coordinates": [ [ [ -118.088237, 52.873625 ], [ -118.088173, 52.873523 ], [ -118.088302, 52.873493 ], [ -118.088366, 52.873595 ], [ -118.088237, 52.873625 ] ] ] } },
{ "type": "Feature", "properties": { "sequence_id": 558, "fold": 1, "actual_label": "Survived", "predicted_label": "Destroyed", "destroyed_probability": 0.9013, "destroyed_probability_pct": 90.1, "risk_class": "Very High", "prediction_correct": 0, "classification": "FP", "error_label": "False alarm", "decision_confidence": 0.3913, "hazard_only_probability": 0.9051, "context_improved_prediction": 0, "context_hurt_prediction": 1, "terrain_model_probability": 0.7503, "terrain_model_disagreement": 1, "high_confidence_error": 0, "context_effect": "Context introduced error", "longitude": -118.09085313625641, "latitude": 52.873392828614186 }, "geometry": { "type": "Polygon", "coordinates": [ [ [ -118.090937, 52.873324 ], [ -118.090991, 52.873414 ], [ -118.090769, 52.873462 ], [ -118.090716, 52.873371 ], [ -118.090937, 52.873324 ] ] ] } },
{ "type": "Feature", "properties": { "sequence_id": 559, "fold": 1, "actual_label": "Destroyed", "predicted_label": "Destroyed", "destroyed_probability": 0.9863, "destroyed_probability_pct": 98.6, "risk_class": "Very High", "prediction_correct": 1, "classification": "TP", "error_label": "Correct destroyed", "decision_confidence": 0.4763, "hazard_only_probability": 0.9158, "context_improved_prediction": 1, "context_hurt_prediction": 0, "terrain_model_probability": 0.9564, "terrain_model_disagreement": 0, "high_confidence_error": 0, "context_effect": "Context fixed hazard-only error", "longitude": -118.08889000001528, "latitude": 52.873438000018339 }, "geometry": { "type": "Polygon", "coordinates": [ [ [ -118.088989, 52.873448 ], [ -118.088843, 52.873492 ], [ -118.088791, 52.873428 ], [ -118.088937, 52.873384 ], [ -118.088989, 52.873448 ] ] ] } },
{ "type": "Feature", "properties": { "sequence_id": 560, "fold": 1, "actual_label": "Survived", "predicted_label": "Destroyed", "destroyed_probability": 0.9868, "destroyed_probability_pct": 98.7, "risk_class": "Very High", "prediction_correct": 0, "classification": "FP", "error_label": "False alarm", "decision_confidence": 0.4768, "hazard_only_probability": 0.9278, "context_improved_prediction": 0, "context_hurt_prediction": 1, "terrain_model_probability": 0.954, "terrain_model_disagreement": 0, "high_confidence_error": 1, "context_effect": "Context introduced error", "longitude": -118.08951031224589, "latitude": 52.873281031369174 }, "geometry": { "type": "Polygon", "coordinates": [ [ [ -118.089413, 52.87326 ], [ -118.089549, 52.873223 ], [ -118.089608, 52.873302 ], [ -118.089471, 52.873339 ], [ -118.089413, 52.87326 ] ] ] } },
{ "type": "Feature", "properties": { "sequence_id": 561, "fold": 1, "actual_label": "Survived", "predicted_label": "Destroyed", "destroyed_probability": 0.9894, "destroyed_probability_pct": 98.9, "risk_class": "Very High", "prediction_correct": 0, "classification": "FP", "error_label": "False alarm", "decision_confidence": 0.4794, "hazard_only_probability": 0.9404, "context_improved_prediction": 0, "context_hurt_prediction": 1, "terrain_model_probability": 0.956, "terrain_model_disagreement": 0, "high_confidence_error": 1, "context_effect": "Context introduced error", "longitude": -118.08972399999675, "latitude": 52.873233000013379 }, "geometry": { "type": "Polygon", "coordinates": [ [ [ -118.089761, 52.873174 ], [ -118.089823, 52.873253 ], [ -118.089687, 52.873292 ], [ -118.089625, 52.873213 ], [ -118.089761, 52.873174 ] ] ] } },
{ "type": "Feature", "properties": { "sequence_id": 562, "fold": 1, "actual_label": "Survived", "predicted_label": "Destroyed", "destroyed_probability": 0.9895, "destroyed_probability_pct": 98.9, "risk_class": "Very High", "prediction_correct": 0, "classification": "FP", "error_label": "False alarm", "decision_confidence": 0.4795, "hazard_only_probability": 0.9945, "context_improved_prediction": 0, "context_hurt_prediction": 0, "terrain_model_probability": 0.9736, "terrain_model_disagreement": 0, "high_confidence_error": 1, "context_effect": "Both models wrong", "longitude": -118.09013437407502, "latitude": 52.873133472849311 }, "geometry": { "type": "Polygon", "coordinates": [ [ [ -118.090211, 52.873079 ], [ -118.090219, 52.873146 ], [ -118.090168, 52.873148 ], [ -118.090174, 52.873193 ], [ -118.090075, 52.873198 ], [ -118.090061, 52.873086 ], [ -118.090211, 52.873079 ] ] ] } },
{ "type": "Feature", "properties": { "sequence_id": 563, "fold": 1, "actual_label": "Destroyed", "predicted_label": "Destroyed", "destroyed_probability": 0.9884, "destroyed_probability_pct": 98.8, "risk_class": "Very High", "prediction_correct": 1, "classification": "TP", "error_label": "Correct destroyed", "decision_confidence": 0.4784, "hazard_only_probability": 0.9878, "context_improved_prediction": 0, "context_hurt_prediction": 0, "terrain_model_probability": 0.9604, "terrain_model_disagreement": 0, "high_confidence_error": 0, "context_effect": "Both models correct", "longitude": -118.09031250000011, "latitude": 52.87299550000408 }, "geometry": { "type": "Polygon", "coordinates": [ [ [ -118.090365, 52.872964 ], [ -118.090365, 52.873027 ], [ -118.09026, 52.873027 ], [ -118.09026, 52.872964 ], [ -118.090365, 52.872964 ] ] ] } },
{ "type": "Feature", "properties": { "sequence_id": 564, "fold": 1, "actual_label": "Survived", "predicted_label": "Destroyed", "destroyed_probability": 0.9256, "destroyed_probability_pct": 92.6, "risk_class": "Very High", "prediction_correct": 0, "classification": "FP", "error_label": "False alarm", "decision_confidence": 0.4156, "hazard_only_probability": 0.986, "context_improved_prediction": 0, "context_hurt_prediction": 0, "terrain_model_probability": 0.7093, "terrain_model_disagreement": 1, "high_confidence_error": 0, "context_effect": "Both models wrong", "longitude": -118.09077098453217, "latitude": 52.872938436979602 }, "geometry": { "type": "Polygon", "coordinates": [ [ [ -118.090874, 52.873021 ], [ -118.090739, 52.873048 ], [ -118.09069, 52.87296 ], [ -118.090743, 52.87295 ], [ -118.090681, 52.872836 ], [ -118.090781, 52.872816 ], [ -118.090825, 52.872895 ], [ -118.090807, 52.872899 ], [ -118.090874, 52.873021 ] ] ] } },
{ "type": "Feature", "properties": { "sequence_id": 565, "fold": 1, "actual_label": "Survived", "predicted_label": "Destroyed", "destroyed_probability": 0.8749, "destroyed_probability_pct": 87.5, "risk_class": "Very High", "prediction_correct": 0, "classification": "FP", "error_label": "False alarm", "decision_confidence": 0.3649, "hazard_only_probability": 0.981, "context_improved_prediction": 0, "context_hurt_prediction": 0, "terrain_model_probability": 0.639, "terrain_model_disagreement": 1, "high_confidence_error": 0, "context_effect": "Both models wrong", "longitude": -118.0915080000071, "latitude": 52.872869000073337 }, "geometry": { "type": "Polygon", "coordinates": [ [ [ -118.091652, 52.87282 ], [ -118.091656, 52.872913 ], [ -118.091364, 52.872918 ], [ -118.09136, 52.872825 ], [ -118.091652, 52.87282 ] ] ] } },
{ "type": "Feature", "properties": { "sequence_id": 566, "fold": 1, "actual_label": "Survived", "predicted_label": "Destroyed", "destroyed_probability": 0.9452, "destroyed_probability_pct": 94.5, "risk_class": "Very High", "prediction_correct": 0, "classification": "FP", "error_label": "False alarm", "decision_confidence": 0.4352, "hazard_only_probability": 0.9877, "context_improved_prediction": 0, "context_hurt_prediction": 0, "terrain_model_probability": 0.7785, "terrain_model_disagreement": 1, "high_confidence_error": 0, "context_effect": "Both models wrong", "longitude": -118.09203670931691, "latitude": 52.87288479520349 }, "geometry": { "type": "Polygon", "coordinates": [ [ [ -118.092166, 52.872828 ], [ -118.092193, 52.872905 ], [ -118.091908, 52.872942 ], [ -118.091881, 52.872864 ], [ -118.092166, 52.872828 ] ] ] } },
{ "type": "Feature", "properties": { "sequence_id": 567, "fold": 1, "actual_label": "Survived", "predicted_label": "Destroyed", "destroyed_probability": 0.896, "destroyed_probability_pct": 89.6, "risk_class": "Very High", "prediction_correct": 0, "classification": "FP", "error_label": "False alarm", "decision_confidence": 0.386, "hazard_only_probability": 0.9848, "context_improved_prediction": 0, "context_hurt_prediction": 0, "terrain_model_probability": 0.752, "terrain_model_disagreement": 1, "high_confidence_error": 0, "context_effect": "Both models wrong", "longitude": -118.0925040000506, "latitude": 52.872840000082157 }, "geometry": { "type": "Polygon", "coordinates": [ [ [ -118.092369, 52.872902 ], [ -118.092339, 52.872817 ], [ -118.092639, 52.872778 ], [ -118.092669, 52.872863 ], [ -118.092369, 52.872902 ] ] ] } },
{ "type": "Feature", "properties": { "sequence_id": 568, "fold": 1, "actual_label": "Survived", "predicted_label": "Destroyed", "destroyed_probability": 0.8046, "destroyed_probability_pct": 80.5, "risk_class": "Very High", "prediction_correct": 0, "classification": "FP", "error_label": "False alarm", "decision_confidence": 0.2946, "hazard_only_probability": 0.9736, "context_improved_prediction": 0, "context_hurt_prediction": 0, "terrain_model_probability": 0.536, "terrain_model_disagreement": 1, "high_confidence_error": 0, "context_effect": "Both models wrong", "longitude": -118.09291316540174, "latitude": 52.872874015587101 }, "geometry": { "type": "Polygon", "coordinates": [ [ [ -118.092736, 52.872715 ], [ -118.092913, 52.872682 ], [ -118.09309, 52.873034 ], [ -118.092914, 52.873066 ], [ -118.092736, 52.872715 ] ] ] } },
{ "type": "Feature", "properties": { "sequence_id": 569, "fold": 1, "actual_label": "Survived", "predicted_label": "Destroyed", "destroyed_probability": 0.6311, "destroyed_probability_pct": 63.1, "risk_class": "High", "prediction_correct": 0, "classification": "FP", "error_label": "False alarm", "decision_confidence": 0.1211, "hazard_only_probability": 0.9863, "context_improved_prediction": 0, "context_hurt_prediction": 0, "terrain_model_probability": 0.4968, "terrain_model_disagreement": 1, "high_confidence_error": 0, "context_effect": "Both models wrong", "longitude": -118.09306949998765, "latitude": 52.872073000058371 }, "geometry": { "type": "Polygon", "coordinates": [ [ [ -118.092865, 52.872009 ], [ -118.093188, 52.871954 ], [ -118.093274, 52.872137 ], [ -118.092951, 52.872192 ], [ -118.092865, 52.872009 ] ] ] } },
{ "type": "Feature", "properties": { "sequence_id": 570, "fold": 1, "actual_label": "Survived", "predicted_label": "Destroyed", "destroyed_probability": 0.6113, "destroyed_probability_pct": 61.1, "risk_class": "High", "prediction_correct": 0, "classification": "FP", "error_label": "False alarm", "decision_confidence": 0.1013, "hazard_only_probability": 0.988, "context_improved_prediction": 0, "context_hurt_prediction": 0, "terrain_model_probability": 0.4671, "terrain_model_disagreement": 1, "high_confidence_error": 0, "context_effect": "Both models wrong", "longitude": -118.09335247941985, "latitude": 52.87245631757083 }, "geometry": { "type": "Polygon", "coordinates": [ [ [ -118.09315, 52.872299 ], [ -118.093379, 52.872258 ], [ -118.093555, 52.872613 ], [ -118.093326, 52.872655 ], [ -118.09315, 52.872299 ] ] ] } },
{ "type": "Feature", "properties": { "sequence_id": 571, "fold": 1, "actual_label": "Survived", "predicted_label": "Destroyed", "destroyed_probability": 0.6888, "destroyed_probability_pct": 68.9, "risk_class": "High", "prediction_correct": 0, "classification": "FP", "error_label": "False alarm", "decision_confidence": 0.1788, "hazard_only_probability": 0.9798, "context_improved_prediction": 0, "context_hurt_prediction": 0, "terrain_model_probability": 0.5336, "terrain_model_disagreement": 1, "high_confidence_error": 0, "context_effect": "Both models wrong", "longitude": -118.0934741851206, "latitude": 52.87290805033237 }, "geometry": { "type": "Polygon", "coordinates": [ [ [ -118.093256, 52.872737 ], [ -118.093489, 52.872692 ], [ -118.093692, 52.87308 ], [ -118.09346, 52.873124 ], [ -118.093256, 52.872737 ] ] ] } }
]
}
